timestamp_ms,current_a,current_uncertainty_a,temperature_proxy_c,measurement_valid,current_calibrated,current_polarity_validated,temperature_measured_at_fuse,model_validated,event
0,0.000000,0.500000,30.000000,1,1,1,0,1,
100,0.000000,0.500000,30.000000,1,1,1,0,1,
200,0.000000,0.500000,30.000000,1,1,1,0,1,
300,0.000000,0.500000,30.000000,1,1,1,0,1,
400,0.000000,0.500000,30.000000,1,1,1,0,1,
500,0.000000,0.500000,30.000000,1,1,1,0,1,
600,0.000000,0.500000,30.000000,1,1,1,0,1,
700,0.000000,0.500000,30.000000,1,1,1,0,1,
800,0.000000,0.500000,30.000000,1,1,1,0,1,
900,0.000000,0.500000,30.000000,1,1,1,0,1,
1000,0.000000,0.500000,30.000000,1,1,1,0,1,
1100,0.000000,0.500000,30.000000,1,1,1,0,1,
1200,0.000000,0.500000,30.000000,1,1,1,0,1,
1300,0.000000,0.500000,30.000000,1,1,1,0,1,
1400,0.000000,0.500000,30.000000,1,1,1,0,1,
1500,0.000000,0.500000,30.000000,1,1,1,0,1,
1600,0.000000,0.500000,30.000000,1,1,1,0,1,
1700,0.000000,0.500000,30.000000,1,1,1,0,1,
1800,0.000000,0.500000,30.000000,1,1,1,0,1,
1900,0.000000,0.500000,30.000000,1,1,1,0,1,
2000,0.000000,0.500000,30.000000,1,1,1,0,1,
2100,0.000000,0.500000,30.000000,1,1,1,0,1,
2200,0.000000,0.500000,30.000000,1,1,1,0,1,
2300,0.000000,0.500000,30.000000,1,1,1,0,1,
2400,0.000000,0.500000,30.000000,1,1,1,0,1,
2500,0.000000,0.500000,30.000000,1,1,1,0,1,
2600,0.000000,0.500000,30.000000,1,1,1,0,1,
2700,0.000000,0.500000,30.000000,1,1,1,0,1,
2800,0.000000,0.500000,30.000000,1,1,1,0,1,
2900,0.000000,0.500000,30.000000,1,1,1,0,1,
3000,0.000000,0.500000,30.000000,1,1,1,0,1,
3100,0.000000,0.500000,30.000000,1,1,1,0,1,
3200,0.000000,0.500000,30.000000,1,1,1,0,1,
3300,0.000000,0.500000,30.000000,1,1,1,0,1,
3400,0.000000,0.500000,30.000000,1,1,1,0,1,
3500,0.000000,0.500000,30.000000,1,1,1,0,1,
3600,0.000000,0.500000,30.000000,1,1,1,0,1,
3700,0.000000,0.500000,30.000000,1,1,1,0,1,
3800,0.000000,0.500000,30.000000,1,1,1,0,1,
3900,0.000000,0.500000,30.000000,1,1,1,0,1,
4000,0.000000,0.500000,30.000000,1,1,1,0,1,
4100,0.000000,0.500000,30.000000,1,1,1,0,1,
4200,0.000000,0.500000,30.000000,1,1,1,0,1,
4300,0.000000,0.500000,30.000000,1,1,1,0,1,
4400,0.000000,0.500000,30.000000,1,1,1,0,1,
4500,0.000000,0.500000,30.000000,1,1,1,0,1,
4600,0.000000,0.500000,30.000000,1,1,1,0,1,
4700,0.000000,0.500000,30.000000,1,1,1,0,1,
4800,0.000000,0.500000,30.000000,1,1,1,0,1,
4900,0.000000,0.500000,30.000000,1,1,1,0,1,
5000,0.000000,0.500000,30.000000,1,1,1,0,1,
5100,0.000000,0.500000,30.000000,1,1,1,0,1,
5200,0.000000,0.500000,30.000000,1,1,1,0,1,
5300,0.000000,0.500000,30.000000,1,1,1,0,1,
5400,0.000000,0.500000,30.000000,1,1,1,0,1,
5500,0.000000,0.500000,30.000000,1,1,1,0,1,
5600,0.000000,0.500000,30.000000,1,1,1,0,1,
5700,0.000000,0.500000,30.000000,1,1,1,0,1,
5800,0.000000,0.500000,30.000000,1,1,1,0,1,
5900,0.000000,0.500000,30.000000,1,1,1,0,1,
6000,0.000000,0.500000,30.000000,1,1,1,0,1,
6100,0.000000,0.500000,30.000000,1,1,1,0,1,
6200,0.000000,0.500000,30.000000,1,1,1,0,1,
6300,0.000000,0.500000,30.000000,1,1,1,0,1,
6400,0.000000,0.500000,30.000000,1,1,1,0,1,
6500,0.000000,0.500000,30.000000,1,1,1,0,1,
6600,0.000000,0.500000,30.000000,1,1,1,0,1,
6700,0.000000,0.500000,30.000000,1,1,1,0,1,
6800,0.000000,0.500000,30.000000,1,1,1,0,1,
6900,0.000000,0.500000,30.000000,1,1,1,0,1,
7000,0.000000,0.500000,30.000000,1,1,1,0,1,
7100,0.000000,0.500000,30.000000,1,1,1,0,1,
7200,0.000000,0.500000,30.000000,1,1,1,0,1,
7300,0.000000,0.500000,30.000000,1,1,1,0,1,
7400,0.000000,0.500000,30.000000,1,1,1,0,1,
7500,0.000000,0.500000,30.000000,1,1,1,0,1,
7600,0.000000,0.500000,30.000000,1,1,1,0,1,
7700,0.000000,0.500000,30.000000,1,1,1,0,1,
7800,0.000000,0.500000,30.000000,1,1,1,0,1,
7900,0.000000,0.500000,30.000000,1,1,1,0,1,
8000,0.000000,0.500000,30.000000,1,1,1,0,1,
8100,0.000000,0.500000,30.000000,1,1,1,0,1,
8200,0.000000,0.500000,30.000000,1,1,1,0,1,
8300,0.000000,0.500000,30.000000,1,1,1,0,1,
8400,0.000000,0.500000,30.000000,1,1,1,0,1,
8500,0.000000,0.500000,30.000000,1,1,1,0,1,
8600,0.000000,0.500000,30.000000,1,1,1,0,1,
8700,0.000000,0.500000,30.000000,1,1,1,0,1,
8800,0.000000,0.500000,30.000000,1,1,1,0,1,
8900,0.000000,0.500000,30.000000,1,1,1,0,1,
9000,0.000000,0.500000,30.000000,1,1,1,0,1,
9100,0.000000,0.500000,30.000000,1,1,1,0,1,
9200,0.000000,0.500000,30.000000,1,1,1,0,1,
9300,0.000000,0.500000,30.000000,1,1,1,0,1,
9400,0.000000,0.500000,30.000000,1,1,1,0,1,
9500,0.000000,0.500000,30.000000,1,1,1,0,1,
9600,0.000000,0.500000,30.000000,1,1,1,0,1,
9700,0.000000,0.500000,30.000000,1,1,1,0,1,
9800,0.000000,0.500000,30.000000,1,1,1,0,1,
9900,0.000000,0.500000,30.000000,1,1,1,0,1,
10000,0.000000,0.500000,30.000000,1,1,1,0,1,
10100,0.000000,0.500000,30.000000,1,1,1,0,1,
10200,0.000000,0.500000,30.000000,1,1,1,0,1,
10300,0.000000,0.500000,30.000000,1,1,1,0,1,
10400,0.000000,0.500000,30.000000,1,1,1,0,1,
10500,0.000000,0.500000,30.000000,1,1,1,0,1,
10600,0.000000,0.500000,30.000000,1,1,1,0,1,
10700,0.000000,0.500000,30.000000,1,1,1,0,1,
10800,0.000000,0.500000,30.000000,1,1,1,0,1,
10900,0.000000,0.500000,30.000000,1,1,1,0,1,
11000,0.000000,0.500000,30.000000,1,1,1,0,1,
11100,0.000000,0.500000,30.000000,1,1,1,0,1,
11200,0.000000,0.500000,30.000000,1,1,1,0,1,
11300,0.000000,0.500000,30.000000,1,1,1,0,1,
11400,0.000000,0.500000,30.000000,1,1,1,0,1,
11500,0.000000,0.500000,30.000000,1,1,1,0,1,
11600,0.000000,0.500000,30.000000,1,1,1,0,1,
11700,0.000000,0.500000,30.000000,1,1,1,0,1,
11800,0.000000,0.500000,30.000000,1,1,1,0,1,
11900,0.000000,0.500000,30.000000,1,1,1,0,1,
12000,0.000000,0.500000,30.000000,1,1,1,0,1,
12100,0.000000,0.500000,30.000000,1,1,1,0,1,
12200,0.000000,0.500000,30.000000,1,1,1,0,1,
12300,0.000000,0.500000,30.000000,1,1,1,0,1,
12400,0.000000,0.500000,30.000000,1,1,1,0,1,
12500,0.000000,0.500000,30.000000,1,1,1,0,1,
12600,0.000000,0.500000,30.000000,1,1,1,0,1,
12700,0.000000,0.500000,30.000000,1,1,1,0,1,
12800,0.000000,0.500000,30.000000,1,1,1,0,1,
12900,0.000000,0.500000,30.000000,1,1,1,0,1,
13000,0.000000,0.500000,30.000000,1,1,1,0,1,
13100,0.000000,0.500000,30.000000,1,1,1,0,1,
13200,0.000000,0.500000,30.000000,1,1,1,0,1,
13300,0.000000,0.500000,30.000000,1,1,1,0,1,
13400,0.000000,0.500000,30.000000,1,1,1,0,1,
13500,0.000000,0.500000,30.000000,1,1,1,0,1,
13600,0.000000,0.500000,30.000000,1,1,1,0,1,
13700,0.000000,0.500000,30.000000,1,1,1,0,1,
13800,0.000000,0.500000,30.000000,1,1,1,0,1,
13900,0.000000,0.500000,30.000000,1,1,1,0,1,
14000,0.000000,0.500000,30.000000,1,1,1,0,1,
14100,0.000000,0.500000,30.000000,1,1,1,0,1,
14200,0.000000,0.500000,30.000000,1,1,1,0,1,
14300,0.000000,0.500000,30.000000,1,1,1,0,1,
14400,0.000000,0.500000,30.000000,1,1,1,0,1,
14500,0.000000,0.500000,30.000000,1,1,1,0,1,
14600,0.000000,0.500000,30.000000,1,1,1,0,1,
14700,0.000000,0.500000,30.000000,1,1,1,0,1,
14800,0.000000,0.500000,30.000000,1,1,1,0,1,
14900,0.000000,0.500000,30.000000,1,1,1,0,1,
15000,0.000000,0.500000,30.000000,1,1,1,0,1,
15100,0.000000,0.500000,30.000000,1,1,1,0,1,
15200,0.000000,0.500000,30.000000,1,1,1,0,1,
15300,0.000000,0.500000,30.000000,1,1,1,0,1,
15400,0.000000,0.500000,30.000000,1,1,1,0,1,
15500,0.000000,0.500000,30.000000,1,1,1,0,1,
15600,0.000000,0.500000,30.000000,1,1,1,0,1,
15700,0.000000,0.500000,30.000000,1,1,1,0,1,
15800,0.000000,0.500000,30.000000,1,1,1,0,1,
15900,0.000000,0.500000,30.000000,1,1,1,0,1,
16000,0.000000,0.500000,30.000000,1,1,1,0,1,
16100,0.000000,0.500000,30.000000,1,1,1,0,1,
16200,0.000000,0.500000,30.000000,1,1,1,0,1,
16300,0.000000,0.500000,30.000000,1,1,1,0,1,
16400,0.000000,0.500000,30.000000,1,1,1,0,1,
16500,0.000000,0.500000,30.000000,1,1,1,0,1,
16600,0.000000,0.500000,30.000000,1,1,1,0,1,
16700,0.000000,0.500000,30.000000,1,1,1,0,1,
16800,0.000000,0.500000,30.000000,1,1,1,0,1,
16900,0.000000,0.500000,30.000000,1,1,1,0,1,
17000,0.000000,0.500000,30.000000,1,1,1,0,1,
17100,0.000000,0.500000,30.000000,1,1,1,0,1,
17200,0.000000,0.500000,30.000000,1,1,1,0,1,
17300,0.000000,0.500000,30.000000,1,1,1,0,1,
17400,0.000000,0.500000,30.000000,1,1,1,0,1,
17500,0.000000,0.500000,30.000000,1,1,1,0,1,
17600,0.000000,0.500000,30.000000,1,1,1,0,1,
17700,0.000000,0.500000,30.000000,1,1,1,0,1,
17800,0.000000,0.500000,30.000000,1,1,1,0,1,
17900,0.000000,0.500000,30.000000,1,1,1,0,1,
18000,0.000000,0.500000,30.000000,1,1,1,0,1,
18100,0.000000,0.500000,30.000000,1,1,1,0,1,
18200,0.000000,0.500000,30.000000,1,1,1,0,1,
18300,0.000000,0.500000,30.000000,1,1,1,0,1,
18400,0.000000,0.500000,30.000000,1,1,1,0,1,
18500,0.000000,0.500000,30.000000,1,1,1,0,1,
18600,0.000000,0.500000,30.000000,1,1,1,0,1,
18700,0.000000,0.500000,30.000000,1,1,1,0,1,
18800,0.000000,0.500000,30.000000,1,1,1,0,1,
18900,0.000000,0.500000,30.000000,1,1,1,0,1,
19000,0.000000,0.500000,30.000000,1,1,1,0,1,
19100,0.000000,0.500000,30.000000,1,1,1,0,1,
19200,0.000000,0.500000,30.000000,1,1,1,0,1,
19300,0.000000,0.500000,30.000000,1,1,1,0,1,
19400,0.000000,0.500000,30.000000,1,1,1,0,1,
19500,0.000000,0.500000,30.000000,1,1,1,0,1,
19600,0.000000,0.500000,30.000000,1,1,1,0,1,
19700,0.000000,0.500000,30.000000,1,1,1,0,1,
19800,0.000000,0.500000,30.000000,1,1,1,0,1,
19900,0.000000,0.500000,30.000000,1,1,1,0,1,
20000,0.000000,0.500000,30.000000,1,1,1,0,1,
20100,0.000000,0.500000,30.000000,1,1,1,0,1,
20200,0.000000,0.500000,30.000000,1,1,1,0,1,
20300,0.000000,0.500000,30.000000,1,1,1,0,1,
20400,0.000000,0.500000,30.000000,1,1,1,0,1,
20500,0.000000,0.500000,30.000000,1,1,1,0,1,
20600,0.000000,0.500000,30.000000,1,1,1,0,1,
20700,0.000000,0.500000,30.000000,1,1,1,0,1,
20800,0.000000,0.500000,30.000000,1,1,1,0,1,
20900,0.000000,0.500000,30.000000,1,1,1,0,1,
21000,0.000000,0.500000,30.000000,1,1,1,0,1,
21100,0.000000,0.500000,30.000000,1,1,1,0,1,
21200,0.000000,0.500000,30.000000,1,1,1,0,1,
21300,0.000000,0.500000,30.000000,1,1,1,0,1,
21400,0.000000,0.500000,30.000000,1,1,1,0,1,
21500,0.000000,0.500000,30.000000,1,1,1,0,1,
21600,0.000000,0.500000,30.000000,1,1,1,0,1,
21700,0.000000,0.500000,30.000000,1,1,1,0,1,
21800,0.000000,0.500000,30.000000,1,1,1,0,1,
21900,0.000000,0.500000,30.000000,1,1,1,0,1,
22000,0.000000,0.500000,30.000000,1,1,1,0,1,
22100,0.000000,0.500000,30.000000,1,1,1,0,1,
22200,0.000000,0.500000,30.000000,1,1,1,0,1,
22300,0.000000,0.500000,30.000000,1,1,1,0,1,
22400,0.000000,0.500000,30.000000,1,1,1,0,1,
22500,0.000000,0.500000,30.000000,1,1,1,0,1,
22600,0.000000,0.500000,30.000000,1,1,1,0,1,
22700,0.000000,0.500000,30.000000,1,1,1,0,1,
22800,0.000000,0.500000,30.000000,1,1,1,0,1,
22900,0.000000,0.500000,30.000000,1,1,1,0,1,
23000,0.000000,0.500000,30.000000,1,1,1,0,1,
23100,0.000000,0.500000,30.000000,1,1,1,0,1,
23200,0.000000,0.500000,30.000000,1,1,1,0,1,
23300,0.000000,0.500000,30.000000,1,1,1,0,1,
23400,0.000000,0.500000,30.000000,1,1,1,0,1,
23500,0.000000,0.500000,30.000000,1,1,1,0,1,
23600,0.000000,0.500000,30.000000,1,1,1,0,1,
23700,0.000000,0.500000,30.000000,1,1,1,0,1,
23800,0.000000,0.500000,30.000000,1,1,1,0,1,
23900,0.000000,0.500000,30.000000,1,1,1,0,1,
24000,0.000000,0.500000,30.000000,1,1,1,0,1,
24100,0.000000,0.500000,30.000000,1,1,1,0,1,
24200,0.000000,0.500000,30.000000,1,1,1,0,1,
24300,0.000000,0.500000,30.000000,1,1,1,0,1,
24400,0.000000,0.500000,30.000000,1,1,1,0,1,
24500,0.000000,0.500000,30.000000,1,1,1,0,1,
24600,0.000000,0.500000,30.000000,1,1,1,0,1,
24700,0.000000,0.500000,30.000000,1,1,1,0,1,
24800,0.000000,0.500000,30.000000,1,1,1,0,1,
24900,0.000000,0.500000,30.000000,1,1,1,0,1,
25000,0.000000,0.500000,30.000000,1,1,1,0,1,
25100,0.000000,0.500000,30.000000,1,1,1,0,1,
25200,0.000000,0.500000,30.000000,1,1,1,0,1,
25300,0.000000,0.500000,30.000000,1,1,1,0,1,
25400,0.000000,0.500000,30.000000,1,1,1,0,1,
25500,0.000000,0.500000,30.000000,1,1,1,0,1,
25600,0.000000,0.500000,30.000000,1,1,1,0,1,
25700,0.000000,0.500000,30.000000,1,1,1,0,1,
25800,0.000000,0.500000,30.000000,1,1,1,0,1,
25900,0.000000,0.500000,30.000000,1,1,1,0,1,
26000,0.000000,0.500000,30.000000,1,1,1,0,1,
26100,0.000000,0.500000,30.000000,1,1,1,0,1,
26200,0.000000,0.500000,30.000000,1,1,1,0,1,
26300,0.000000,0.500000,30.000000,1,1,1,0,1,
26400,0.000000,0.500000,30.000000,1,1,1,0,1,
26500,0.000000,0.500000,30.000000,1,1,1,0,1,
26600,0.000000,0.500000,30.000000,1,1,1,0,1,
26700,0.000000,0.500000,30.000000,1,1,1,0,1,
26800,0.000000,0.500000,30.000000,1,1,1,0,1,
26900,0.000000,0.500000,30.000000,1,1,1,0,1,
27000,0.000000,0.500000,30.000000,1,1,1,0,1,
27100,0.000000,0.500000,30.000000,1,1,1,0,1,
27200,0.000000,0.500000,30.000000,1,1,1,0,1,
27300,0.000000,0.500000,30.000000,1,1,1,0,1,
27400,0.000000,0.500000,30.000000,1,1,1,0,1,
27500,0.000000,0.500000,30.000000,1,1,1,0,1,
27600,0.000000,0.500000,30.000000,1,1,1,0,1,
27700,0.000000,0.500000,30.000000,1,1,1,0,1,
27800,0.000000,0.500000,30.000000,1,1,1,0,1,
27900,0.000000,0.500000,30.000000,1,1,1,0,1,
28000,0.000000,0.500000,30.000000,1,1,1,0,1,
28100,0.000000,0.500000,30.000000,1,1,1,0,1,
28200,0.000000,0.500000,30.000000,1,1,1,0,1,
28300,0.000000,0.500000,30.000000,1,1,1,0,1,
28400,0.000000,0.500000,30.000000,1,1,1,0,1,
28500,0.000000,0.500000,30.000000,1,1,1,0,1,
28600,0.000000,0.500000,30.000000,1,1,1,0,1,
28700,0.000000,0.500000,30.000000,1,1,1,0,1,
28800,0.000000,0.500000,30.000000,1,1,1,0,1,
28900,0.000000,0.500000,30.000000,1,1,1,0,1,
29000,0.000000,0.500000,30.000000,1,1,1,0,1,
29100,0.000000,0.500000,30.000000,1,1,1,0,1,
29200,0.000000,0.500000,30.000000,1,1,1,0,1,
29300,0.000000,0.500000,30.000000,1,1,1,0,1,
29400,0.000000,0.500000,30.000000,1,1,1,0,1,
29500,0.000000,0.500000,30.000000,1,1,1,0,1,
29600,0.000000,0.500000,30.000000,1,1,1,0,1,
29700,0.000000,0.500000,30.000000,1,1,1,0,1,
29800,0.000000,0.500000,30.000000,1,1,1,0,1,
29900,0.000000,0.500000,30.000000,1,1,1,0,1,
30000,0.000000,0.500000,30.000000,1,1,1,0,1,
30100,0.000000,0.500000,30.000000,1,1,1,0,1,
30200,0.000000,0.500000,30.000000,1,1,1,0,1,
30300,0.000000,0.500000,30.000000,1,1,1,0,1,
30400,0.000000,0.500000,30.000000,1,1,1,0,1,
30500,0.000000,0.500000,30.000000,1,1,1,0,1,
30600,0.000000,0.500000,30.000000,1,1,1,0,1,
30700,0.000000,0.500000,30.000000,1,1,1,0,1,
30800,0.000000,0.500000,30.000000,1,1,1,0,1,
30900,0.000000,0.500000,30.000000,1,1,1,0,1,
31000,0.000000,0.500000,30.000000,1,1,1,0,1,
31100,0.000000,0.500000,30.000000,1,1,1,0,1,
31200,0.000000,0.500000,30.000000,1,1,1,0,1,
31300,0.000000,0.500000,30.000000,1,1,1,0,1,
31400,0.000000,0.500000,30.000000,1,1,1,0,1,
31500,0.000000,0.500000,30.000000,1,1,1,0,1,
31600,0.000000,0.500000,30.000000,1,1,1,0,1,
31700,0.000000,0.500000,30.000000,1,1,1,0,1,
31800,0.000000,0.500000,30.000000,1,1,1,0,1,
31900,0.000000,0.500000,30.000000,1,1,1,0,1,
32000,0.000000,0.500000,30.000000,1,1,1,0,1,
32100,0.000000,0.500000,30.000000,1,1,1,0,1,
32200,0.000000,0.500000,30.000000,1,1,1,0,1,
32300,0.000000,0.500000,30.000000,1,1,1,0,1,
32400,0.000000,0.500000,30.000000,1,1,1,0,1,
32500,0.000000,0.500000,30.000000,1,1,1,0,1,
32600,0.000000,0.500000,30.000000,1,1,1,0,1,
32700,0.000000,0.500000,30.000000,1,1,1,0,1,
32800,0.000000,0.500000,30.000000,1,1,1,0,1,
32900,0.000000,0.500000,30.000000,1,1,1,0,1,
33000,0.000000,0.500000,30.000000,1,1,1,0,1,
33100,0.000000,0.500000,30.000000,1,1,1,0,1,
33200,0.000000,0.500000,30.000000,1,1,1,0,1,
33300,0.000000,0.500000,30.000000,1,1,1,0,1,
33400,0.000000,0.500000,30.000000,1,1,1,0,1,
33500,0.000000,0.500000,30.000000,1,1,1,0,1,
33600,0.000000,0.500000,30.000000,1,1,1,0,1,
33700,0.000000,0.500000,30.000000,1,1,1,0,1,
33800,0.000000,0.500000,30.000000,1,1,1,0,1,
33900,0.000000,0.500000,30.000000,1,1,1,0,1,
34000,0.000000,0.500000,30.000000,1,1,1,0,1,
34100,0.000000,0.500000,30.000000,1,1,1,0,1,
34200,0.000000,0.500000,30.000000,1,1,1,0,1,
34300,0.000000,0.500000,30.000000,1,1,1,0,1,
34400,0.000000,0.500000,30.000000,1,1,1,0,1,
34500,0.000000,0.500000,30.000000,1,1,1,0,1,
34600,0.000000,0.500000,30.000000,1,1,1,0,1,
34700,0.000000,0.500000,30.000000,1,1,1,0,1,
34800,0.000000,0.500000,30.000000,1,1,1,0,1,
34900,0.000000,0.500000,30.000000,1,1,1,0,1,
35000,0.000000,0.500000,30.000000,1,1,1,0,1,
35100,0.000000,0.500000,30.000000,1,1,1,0,1,
35200,0.000000,0.500000,30.000000,1,1,1,0,1,
35300,0.000000,0.500000,30.000000,1,1,1,0,1,
35400,0.000000,0.500000,30.000000,1,1,1,0,1,
35500,0.000000,0.500000,30.000000,1,1,1,0,1,
35600,0.000000,0.500000,30.000000,1,1,1,0,1,
35700,0.000000,0.500000,30.000000,1,1,1,0,1,
35800,0.000000,0.500000,30.000000,1,1,1,0,1,
35900,0.000000,0.500000,30.000000,1,1,1,0,1,
36000,0.000000,0.500000,30.000000,1,1,1,0,1,
36100,0.000000,0.500000,30.000000,1,1,1,0,1,
36200,0.000000,0.500000,30.000000,1,1,1,0,1,
36300,0.000000,0.500000,30.000000,1,1,1,0,1,
36400,0.000000,0.500000,30.000000,1,1,1,0,1,
36500,0.000000,0.500000,30.000000,1,1,1,0,1,
36600,0.000000,0.500000,30.000000,1,1,1,0,1,
36700,0.000000,0.500000,30.000000,1,1,1,0,1,
36800,0.000000,0.500000,30.000000,1,1,1,0,1,
36900,0.000000,0.500000,30.000000,1,1,1,0,1,
37000,0.000000,0.500000,30.000000,1,1,1,0,1,
37100,0.000000,0.500000,30.000000,1,1,1,0,1,
37200,0.000000,0.500000,30.000000,1,1,1,0,1,
37300,0.000000,0.500000,30.000000,1,1,1,0,1,
37400,0.000000,0.500000,30.000000,1,1,1,0,1,
37500,0.000000,0.500000,30.000000,1,1,1,0,1,
37600,0.000000,0.500000,30.000000,1,1,1,0,1,
37700,0.000000,0.500000,30.000000,1,1,1,0,1,
37800,0.000000,0.500000,30.000000,1,1,1,0,1,
37900,0.000000,0.500000,30.000000,1,1,1,0,1,
38000,0.000000,0.500000,30.000000,1,1,1,0,1,
38100,0.000000,0.500000,30.000000,1,1,1,0,1,
38200,0.000000,0.500000,30.000000,1,1,1,0,1,
38300,0.000000,0.500000,30.000000,1,1,1,0,1,
38400,0.000000,0.500000,30.000000,1,1,1,0,1,
38500,0.000000,0.500000,30.000000,1,1,1,0,1,
38600,0.000000,0.500000,30.000000,1,1,1,0,1,
38700,0.000000,0.500000,30.000000,1,1,1,0,1,
38800,0.000000,0.500000,30.000000,1,1,1,0,1,
38900,0.000000,0.500000,30.000000,1,1,1,0,1,
39000,0.000000,0.500000,30.000000,1,1,1,0,1,
39100,0.000000,0.500000,30.000000,1,1,1,0,1,
39200,0.000000,0.500000,30.000000,1,1,1,0,1,
39300,0.000000,0.500000,30.000000,1,1,1,0,1,
39400,0.000000,0.500000,30.000000,1,1,1,0,1,
39500,0.000000,0.500000,30.000000,1,1,1,0,1,
39600,0.000000,0.500000,30.000000,1,1,1,0,1,
39700,0.000000,0.500000,30.000000,1,1,1,0,1,
39800,0.000000,0.500000,30.000000,1,1,1,0,1,
39900,0.000000,0.500000,30.000000,1,1,1,0,1,
40000,0.000000,0.500000,30.000000,1,1,1,0,1,
40100,0.000000,0.500000,30.000000,1,1,1,0,1,
40200,0.000000,0.500000,30.000000,1,1,1,0,1,
40300,0.000000,0.500000,30.000000,1,1,1,0,1,
40400,0.000000,0.500000,30.000000,1,1,1,0,1,
40500,0.000000,0.500000,30.000000,1,1,1,0,1,
40600,0.000000,0.500000,30.000000,1,1,1,0,1,
40700,0.000000,0.500000,30.000000,1,1,1,0,1,
40800,0.000000,0.500000,30.000000,1,1,1,0,1,
40900,0.000000,0.500000,30.000000,1,1,1,0,1,
41000,0.000000,0.500000,30.000000,1,1,1,0,1,
41100,0.000000,0.500000,30.000000,1,1,1,0,1,
41200,0.000000,0.500000,30.000000,1,1,1,0,1,
41300,0.000000,0.500000,30.000000,1,1,1,0,1,
41400,0.000000,0.500000,30.000000,1,1,1,0,1,
41500,0.000000,0.500000,30.000000,1,1,1,0,1,
41600,0.000000,0.500000,30.000000,1,1,1,0,1,
41700,0.000000,0.500000,30.000000,1,1,1,0,1,
41800,0.000000,0.500000,30.000000,1,1,1,0,1,
41900,0.000000,0.500000,30.000000,1,1,1,0,1,
42000,0.000000,0.500000,30.000000,1,1,1,0,1,
42100,0.000000,0.500000,30.000000,1,1,1,0,1,
42200,0.000000,0.500000,30.000000,1,1,1,0,1,
42300,0.000000,0.500000,30.000000,1,1,1,0,1,
42400,0.000000,0.500000,30.000000,1,1,1,0,1,
42500,0.000000,0.500000,30.000000,1,1,1,0,1,
42600,0.000000,0.500000,30.000000,1,1,1,0,1,
42700,0.000000,0.500000,30.000000,1,1,1,0,1,
42800,0.000000,0.500000,30.000000,1,1,1,0,1,
42900,0.000000,0.500000,30.000000,1,1,1,0,1,
43000,0.000000,0.500000,30.000000,1,1,1,0,1,
43100,0.000000,0.500000,30.000000,1,1,1,0,1,
43200,0.000000,0.500000,30.000000,1,1,1,0,1,
43300,0.000000,0.500000,30.000000,1,1,1,0,1,
43400,0.000000,0.500000,30.000000,1,1,1,0,1,
43500,0.000000,0.500000,30.000000,1,1,1,0,1,
43600,0.000000,0.500000,30.000000,1,1,1,0,1,
43700,0.000000,0.500000,30.000000,1,1,1,0,1,
43800,0.000000,0.500000,30.000000,1,1,1,0,1,
43900,0.000000,0.500000,30.000000,1,1,1,0,1,
44000,0.000000,0.500000,30.000000,1,1,1,0,1,
44100,0.000000,0.500000,30.000000,1,1,1,0,1,
44200,0.000000,0.500000,30.000000,1,1,1,0,1,
44300,0.000000,0.500000,30.000000,1,1,1,0,1,
44400,0.000000,0.500000,30.000000,1,1,1,0,1,
44500,0.000000,0.500000,30.000000,1,1,1,0,1,
44600,0.000000,0.500000,30.000000,1,1,1,0,1,
44700,0.000000,0.500000,30.000000,1,1,1,0,1,
44800,0.000000,0.500000,30.000000,1,1,1,0,1,
44900,0.000000,0.500000,30.000000,1,1,1,0,1,
45000,0.000000,0.500000,30.000000,1,1,1,0,1,
45100,0.000000,0.500000,30.000000,1,1,1,0,1,
45200,0.000000,0.500000,30.000000,1,1,1,0,1,
45300,0.000000,0.500000,30.000000,1,1,1,0,1,
45400,0.000000,0.500000,30.000000,1,1,1,0,1,
45500,0.000000,0.500000,30.000000,1,1,1,0,1,
45600,0.000000,0.500000,30.000000,1,1,1,0,1,
45700,0.000000,0.500000,30.000000,1,1,1,0,1,
45800,0.000000,0.500000,30.000000,1,1,1,0,1,
45900,0.000000,0.500000,30.000000,1,1,1,0,1,
46000,0.000000,0.500000,30.000000,1,1,1,0,1,
46100,0.000000,0.500000,30.000000,1,1,1,0,1,
46200,0.000000,0.500000,30.000000,1,1,1,0,1,
46300,0.000000,0.500000,30.000000,1,1,1,0,1,
46400,0.000000,0.500000,30.000000,1,1,1,0,1,
46500,0.000000,0.500000,30.000000,1,1,1,0,1,
46600,0.000000,0.500000,30.000000,1,1,1,0,1,
46700,0.000000,0.500000,30.000000,1,1,1,0,1,
46800,0.000000,0.500000,30.000000,1,1,1,0,1,
46900,0.000000,0.500000,30.000000,1,1,1,0,1,
47000,0.000000,0.500000,30.000000,1,1,1,0,1,
47100,0.000000,0.500000,30.000000,1,1,1,0,1,
47200,0.000000,0.500000,30.000000,1,1,1,0,1,
47300,0.000000,0.500000,30.000000,1,1,1,0,1,
47400,0.000000,0.500000,30.000000,1,1,1,0,1,
47500,0.000000,0.500000,30.000000,1,1,1,0,1,
47600,0.000000,0.500000,30.000000,1,1,1,0,1,
47700,0.000000,0.500000,30.000000,1,1,1,0,1,
47800,0.000000,0.500000,30.000000,1,1,1,0,1,
47900,0.000000,0.500000,30.000000,1,1,1,0,1,
48000,0.000000,0.500000,30.000000,1,1,1,0,1,
48100,0.000000,0.500000,30.000000,1,1,1,0,1,
48200,0.000000,0.500000,30.000000,1,1,1,0,1,
48300,0.000000,0.500000,30.000000,1,1,1,0,1,
48400,0.000000,0.500000,30.000000,1,1,1,0,1,
48500,0.000000,0.500000,30.000000,1,1,1,0,1,
48600,0.000000,0.500000,30.000000,1,1,1,0,1,
48700,0.000000,0.500000,30.000000,1,1,1,0,1,
48800,0.000000,0.500000,30.000000,1,1,1,0,1,
48900,0.000000,0.500000,30.000000,1,1,1,0,1,
49000,0.000000,0.500000,30.000000,1,1,1,0,1,
49100,0.000000,0.500000,30.000000,1,1,1,0,1,
49200,0.000000,0.500000,30.000000,1,1,1,0,1,
49300,0.000000,0.500000,30.000000,1,1,1,0,1,
49400,0.000000,0.500000,30.000000,1,1,1,0,1,
49500,0.000000,0.500000,30.000000,1,1,1,0,1,
49600,0.000000,0.500000,30.000000,1,1,1,0,1,
49700,0.000000,0.500000,30.000000,1,1,1,0,1,
49800,0.000000,0.500000,30.000000,1,1,1,0,1,
49900,0.000000,0.500000,30.000000,1,1,1,0,1,
50000,0.000000,0.500000,30.000000,1,1,1,0,1,
50100,0.000000,0.500000,30.000000,1,1,1,0,1,
50200,0.000000,0.500000,30.000000,1,1,1,0,1,
50300,0.000000,0.500000,30.000000,1,1,1,0,1,
50400,0.000000,0.500000,30.000000,1,1,1,0,1,
50500,0.000000,0.500000,30.000000,1,1,1,0,1,
50600,0.000000,0.500000,30.000000,1,1,1,0,1,
50700,0.000000,0.500000,30.000000,1,1,1,0,1,
50800,0.000000,0.500000,30.000000,1,1,1,0,1,
50900,0.000000,0.500000,30.000000,1,1,1,0,1,
51000,0.000000,0.500000,30.000000,1,1,1,0,1,
51100,0.000000,0.500000,30.000000,1,1,1,0,1,
51200,0.000000,0.500000,30.000000,1,1,1,0,1,
51300,0.000000,0.500000,30.000000,1,1,1,0,1,
51400,0.000000,0.500000,30.000000,1,1,1,0,1,
51500,0.000000,0.500000,30.000000,1,1,1,0,1,
51600,0.000000,0.500000,30.000000,1,1,1,0,1,
51700,0.000000,0.500000,30.000000,1,1,1,0,1,
51800,0.000000,0.500000,30.000000,1,1,1,0,1,
51900,0.000000,0.500000,30.000000,1,1,1,0,1,
52000,0.000000,0.500000,30.000000,1,1,1,0,1,
52100,0.000000,0.500000,30.000000,1,1,1,0,1,
52200,0.000000,0.500000,30.000000,1,1,1,0,1,
52300,0.000000,0.500000,30.000000,1,1,1,0,1,
52400,0.000000,0.500000,30.000000,1,1,1,0,1,
52500,0.000000,0.500000,30.000000,1,1,1,0,1,
52600,0.000000,0.500000,30.000000,1,1,1,0,1,
52700,0.000000,0.500000,30.000000,1,1,1,0,1,
52800,0.000000,0.500000,30.000000,1,1,1,0,1,
52900,0.000000,0.500000,30.000000,1,1,1,0,1,
53000,0.000000,0.500000,30.000000,1,1,1,0,1,
53100,0.000000,0.500000,30.000000,1,1,1,0,1,
53200,0.000000,0.500000,30.000000,1,1,1,0,1,
53300,0.000000,0.500000,30.000000,1,1,1,0,1,
53400,0.000000,0.500000,30.000000,1,1,1,0,1,
53500,0.000000,0.500000,30.000000,1,1,1,0,1,
53600,0.000000,0.500000,30.000000,1,1,1,0,1,
53700,0.000000,0.500000,30.000000,1,1,1,0,1,
53800,0.000000,0.500000,30.000000,1,1,1,0,1,
53900,0.000000,0.500000,30.000000,1,1,1,0,1,
54000,0.000000,0.500000,30.000000,1,1,1,0,1,
54100,0.000000,0.500000,30.000000,1,1,1,0,1,
54200,0.000000,0.500000,30.000000,1,1,1,0,1,
54300,0.000000,0.500000,30.000000,1,1,1,0,1,
54400,0.000000,0.500000,30.000000,1,1,1,0,1,
54500,0.000000,0.500000,30.000000,1,1,1,0,1,
54600,0.000000,0.500000,30.000000,1,1,1,0,1,
54700,0.000000,0.500000,30.000000,1,1,1,0,1,
54800,0.000000,0.500000,30.000000,1,1,1,0,1,
54900,0.000000,0.500000,30.000000,1,1,1,0,1,
55000,0.000000,0.500000,30.000000,1,1,1,0,1,
55100,0.000000,0.500000,30.000000,1,1,1,0,1,
55200,0.000000,0.500000,30.000000,1,1,1,0,1,
55300,0.000000,0.500000,30.000000,1,1,1,0,1,
55400,0.000000,0.500000,30.000000,1,1,1,0,1,
55500,0.000000,0.500000,30.000000,1,1,1,0,1,
55600,0.000000,0.500000,30.000000,1,1,1,0,1,
55700,0.000000,0.500000,30.000000,1,1,1,0,1,
55800,0.000000,0.500000,30.000000,1,1,1,0,1,
55900,0.000000,0.500000,30.000000,1,1,1,0,1,
56000,0.000000,0.500000,30.000000,1,1,1,0,1,
56100,0.000000,0.500000,30.000000,1,1,1,0,1,
56200,0.000000,0.500000,30.000000,1,1,1,0,1,
56300,0.000000,0.500000,30.000000,1,1,1,0,1,
56400,0.000000,0.500000,30.000000,1,1,1,0,1,
56500,0.000000,0.500000,30.000000,1,1,1,0,1,
56600,0.000000,0.500000,30.000000,1,1,1,0,1,
56700,0.000000,0.500000,30.000000,1,1,1,0,1,
56800,0.000000,0.500000,30.000000,1,1,1,0,1,
56900,0.000000,0.500000,30.000000,1,1,1,0,1,
57000,0.000000,0.500000,30.000000,1,1,1,0,1,
57100,0.000000,0.500000,30.000000,1,1,1,0,1,
57200,0.000000,0.500000,30.000000,1,1,1,0,1,
57300,0.000000,0.500000,30.000000,1,1,1,0,1,
57400,0.000000,0.500000,30.000000,1,1,1,0,1,
57500,0.000000,0.500000,30.000000,1,1,1,0,1,
57600,0.000000,0.500000,30.000000,1,1,1,0,1,
57700,0.000000,0.500000,30.000000,1,1,1,0,1,
57800,0.000000,0.500000,30.000000,1,1,1,0,1,
57900,0.000000,0.500000,30.000000,1,1,1,0,1,
58000,0.000000,0.500000,30.000000,1,1,1,0,1,
58100,0.000000,0.500000,30.000000,1,1,1,0,1,
58200,0.000000,0.500000,30.000000,1,1,1,0,1,
58300,0.000000,0.500000,30.000000,1,1,1,0,1,
58400,0.000000,0.500000,30.000000,1,1,1,0,1,
58500,0.000000,0.500000,30.000000,1,1,1,0,1,
58600,0.000000,0.500000,30.000000,1,1,1,0,1,
58700,0.000000,0.500000,30.000000,1,1,1,0,1,
58800,0.000000,0.500000,30.000000,1,1,1,0,1,
58900,0.000000,0.500000,30.000000,1,1,1,0,1,
59000,0.000000,0.500000,30.000000,1,1,1,0,1,
59100,0.000000,0.500000,30.000000,1,1,1,0,1,
59200,0.000000,0.500000,30.000000,1,1,1,0,1,
59300,0.000000,0.500000,30.000000,1,1,1,0,1,
59400,0.000000,0.500000,30.000000,1,1,1,0,1,
59500,0.000000,0.500000,30.000000,1,1,1,0,1,
59600,0.000000,0.500000,30.000000,1,1,1,0,1,
59700,0.000000,0.500000,30.000000,1,1,1,0,1,
59800,0.000000,0.500000,30.000000,1,1,1,0,1,
59900,0.000000,0.500000,30.000000,1,1,1,0,1,
60000,0.000000,0.500000,30.000000,1,1,1,0,1,
60100,0.000000,0.500000,30.000000,1,1,1,0,1,
60200,0.000000,0.500000,30.000000,1,1,1,0,1,
60300,0.000000,0.500000,30.000000,1,1,1,0,1,
60400,0.000000,0.500000,30.000000,1,1,1,0,1,
60500,0.000000,0.500000,30.000000,1,1,1,0,1,
60600,0.000000,0.500000,30.000000,1,1,1,0,1,
60700,0.000000,0.500000,30.000000,1,1,1,0,1,
60800,0.000000,0.500000,30.000000,1,1,1,0,1,
60900,0.000000,0.500000,30.000000,1,1,1,0,1,
61000,0.000000,0.500000,30.000000,1,1,1,0,1,
61100,0.000000,0.500000,30.000000,1,1,1,0,1,
61200,0.000000,0.500000,30.000000,1,1,1,0,1,
61300,0.000000,0.500000,30.000000,1,1,1,0,1,
61400,0.000000,0.500000,30.000000,1,1,1,0,1,
61500,0.000000,0.500000,30.000000,1,1,1,0,1,
61600,0.000000,0.500000,30.000000,1,1,1,0,1,
61700,0.000000,0.500000,30.000000,1,1,1,0,1,
61800,0.000000,0.500000,30.000000,1,1,1,0,1,
61900,0.000000,0.500000,30.000000,1,1,1,0,1,
62000,0.000000,0.500000,30.000000,1,1,1,0,1,
62100,0.000000,0.500000,30.000000,1,1,1,0,1,
62200,0.000000,0.500000,30.000000,1,1,1,0,1,
62300,0.000000,0.500000,30.000000,1,1,1,0,1,
62400,0.000000,0.500000,30.000000,1,1,1,0,1,
62500,0.000000,0.500000,30.000000,1,1,1,0,1,
62600,0.000000,0.500000,30.000000,1,1,1,0,1,
62700,0.000000,0.500000,30.000000,1,1,1,0,1,
62800,0.000000,0.500000,30.000000,1,1,1,0,1,
62900,0.000000,0.500000,30.000000,1,1,1,0,1,
63000,0.000000,0.500000,30.000000,1,1,1,0,1,
63100,0.000000,0.500000,30.000000,1,1,1,0,1,
63200,0.000000,0.500000,30.000000,1,1,1,0,1,
63300,0.000000,0.500000,30.000000,1,1,1,0,1,
63400,0.000000,0.500000,30.000000,1,1,1,0,1,
63500,0.000000,0.500000,30.000000,1,1,1,0,1,
63600,0.000000,0.500000,30.000000,1,1,1,0,1,
63700,0.000000,0.500000,30.000000,1,1,1,0,1,
63800,0.000000,0.500000,30.000000,1,1,1,0,1,
63900,0.000000,0.500000,30.000000,1,1,1,0,1,
64000,0.000000,0.500000,30.000000,1,1,1,0,1,
64100,0.000000,0.500000,30.000000,1,1,1,0,1,
64200,0.000000,0.500000,30.000000,1,1,1,0,1,
64300,0.000000,0.500000,30.000000,1,1,1,0,1,
64400,0.000000,0.500000,30.000000,1,1,1,0,1,
64500,0.000000,0.500000,30.000000,1,1,1,0,1,
64600,0.000000,0.500000,30.000000,1,1,1,0,1,
64700,0.000000,0.500000,30.000000,1,1,1,0,1,
64800,0.000000,0.500000,30.000000,1,1,1,0,1,
64900,0.000000,0.500000,30.000000,1,1,1,0,1,
65000,0.000000,0.500000,30.000000,1,1,1,0,1,
65100,0.000000,0.500000,30.000000,1,1,1,0,1,
65200,0.000000,0.500000,30.000000,1,1,1,0,1,
65300,0.000000,0.500000,30.000000,1,1,1,0,1,
65400,0.000000,0.500000,30.000000,1,1,1,0,1,
65500,0.000000,0.500000,30.000000,1,1,1,0,1,
65600,0.000000,0.500000,30.000000,1,1,1,0,1,
65700,0.000000,0.500000,30.000000,1,1,1,0,1,
65800,0.000000,0.500000,30.000000,1,1,1,0,1,
65900,0.000000,0.500000,30.000000,1,1,1,0,1,
66000,0.000000,0.500000,30.000000,1,1,1,0,1,
66100,0.000000,0.500000,30.000000,1,1,1,0,1,
66200,0.000000,0.500000,30.000000,1,1,1,0,1,
66300,0.000000,0.500000,30.000000,1,1,1,0,1,
66400,0.000000,0.500000,30.000000,1,1,1,0,1,
66500,0.000000,0.500000,30.000000,1,1,1,0,1,
66600,0.000000,0.500000,30.000000,1,1,1,0,1,
66700,0.000000,0.500000,30.000000,1,1,1,0,1,
66800,0.000000,0.500000,30.000000,1,1,1,0,1,
66900,0.000000,0.500000,30.000000,1,1,1,0,1,
67000,0.000000,0.500000,30.000000,1,1,1,0,1,
67100,0.000000,0.500000,30.000000,1,1,1,0,1,
67200,0.000000,0.500000,30.000000,1,1,1,0,1,
67300,0.000000,0.500000,30.000000,1,1,1,0,1,
67400,0.000000,0.500000,30.000000,1,1,1,0,1,
67500,0.000000,0.500000,30.000000,1,1,1,0,1,
67600,0.000000,0.500000,30.000000,1,1,1,0,1,
67700,0.000000,0.500000,30.000000,1,1,1,0,1,
67800,0.000000,0.500000,30.000000,1,1,1,0,1,
67900,0.000000,0.500000,30.000000,1,1,1,0,1,
68000,0.000000,0.500000,30.000000,1,1,1,0,1,
68100,0.000000,0.500000,30.000000,1,1,1,0,1,
68200,0.000000,0.500000,30.000000,1,1,1,0,1,
68300,0.000000,0.500000,30.000000,1,1,1,0,1,
68400,0.000000,0.500000,30.000000,1,1,1,0,1,
68500,0.000000,0.500000,30.000000,1,1,1,0,1,
68600,0.000000,0.500000,30.000000,1,1,1,0,1,
68700,0.000000,0.500000,30.000000,1,1,1,0,1,
68800,0.000000,0.500000,30.000000,1,1,1,0,1,
68900,0.000000,0.500000,30.000000,1,1,1,0,1,
69000,0.000000,0.500000,30.000000,1,1,1,0,1,
69100,0.000000,0.500000,30.000000,1,1,1,0,1,
69200,0.000000,0.500000,30.000000,1,1,1,0,1,
69300,0.000000,0.500000,30.000000,1,1,1,0,1,
69400,0.000000,0.500000,30.000000,1,1,1,0,1,
69500,0.000000,0.500000,30.000000,1,1,1,0,1,
69600,0.000000,0.500000,30.000000,1,1,1,0,1,
69700,0.000000,0.500000,30.000000,1,1,1,0,1,
69800,0.000000,0.500000,30.000000,1,1,1,0,1,
69900,0.000000,0.500000,30.000000,1,1,1,0,1,
70000,0.000000,0.500000,30.000000,1,1,1,0,1,
70100,0.000000,0.500000,30.000000,1,1,1,0,1,
70200,0.000000,0.500000,30.000000,1,1,1,0,1,
70300,0.000000,0.500000,30.000000,1,1,1,0,1,
70400,0.000000,0.500000,30.000000,1,1,1,0,1,
70500,0.000000,0.500000,30.000000,1,1,1,0,1,
70600,0.000000,0.500000,30.000000,1,1,1,0,1,
70700,0.000000,0.500000,30.000000,1,1,1,0,1,
70800,0.000000,0.500000,30.000000,1,1,1,0,1,
70900,0.000000,0.500000,30.000000,1,1,1,0,1,
71000,0.000000,0.500000,30.000000,1,1,1,0,1,
71100,0.000000,0.500000,30.000000,1,1,1,0,1,
71200,0.000000,0.500000,30.000000,1,1,1,0,1,
71300,0.000000,0.500000,30.000000,1,1,1,0,1,
71400,0.000000,0.500000,30.000000,1,1,1,0,1,
71500,0.000000,0.500000,30.000000,1,1,1,0,1,
71600,0.000000,0.500000,30.000000,1,1,1,0,1,
71700,0.000000,0.500000,30.000000,1,1,1,0,1,
71800,0.000000,0.500000,30.000000,1,1,1,0,1,
71900,0.000000,0.500000,30.000000,1,1,1,0,1,
72000,0.000000,0.500000,30.000000,1,1,1,0,1,
72100,0.000000,0.500000,30.000000,1,1,1,0,1,
72200,0.000000,0.500000,30.000000,1,1,1,0,1,
72300,0.000000,0.500000,30.000000,1,1,1,0,1,
72400,0.000000,0.500000,30.000000,1,1,1,0,1,
72500,0.000000,0.500000,30.000000,1,1,1,0,1,
72600,0.000000,0.500000,30.000000,1,1,1,0,1,
72700,0.000000,0.500000,30.000000,1,1,1,0,1,
72800,0.000000,0.500000,30.000000,1,1,1,0,1,
72900,0.000000,0.500000,30.000000,1,1,1,0,1,
73000,0.000000,0.500000,30.000000,1,1,1,0,1,
73100,0.000000,0.500000,30.000000,1,1,1,0,1,
73200,0.000000,0.500000,30.000000,1,1,1,0,1,
73300,0.000000,0.500000,30.000000,1,1,1,0,1,
73400,0.000000,0.500000,30.000000,1,1,1,0,1,
73500,0.000000,0.500000,30.000000,1,1,1,0,1,
73600,0.000000,0.500000,30.000000,1,1,1,0,1,
73700,0.000000,0.500000,30.000000,1,1,1,0,1,
73800,0.000000,0.500000,30.000000,1,1,1,0,1,
73900,0.000000,0.500000,30.000000,1,1,1,0,1,
74000,0.000000,0.500000,30.000000,1,1,1,0,1,
74100,0.000000,0.500000,30.000000,1,1,1,0,1,
74200,0.000000,0.500000,30.000000,1,1,1,0,1,
74300,0.000000,0.500000,30.000000,1,1,1,0,1,
74400,0.000000,0.500000,30.000000,1,1,1,0,1,
74500,0.000000,0.500000,30.000000,1,1,1,0,1,
74600,0.000000,0.500000,30.000000,1,1,1,0,1,
74700,0.000000,0.500000,30.000000,1,1,1,0,1,
74800,0.000000,0.500000,30.000000,1,1,1,0,1,
74900,0.000000,0.500000,30.000000,1,1,1,0,1,
75000,0.000000,0.500000,30.000000,1,1,1,0,1,
75100,0.000000,0.500000,30.000000,1,1,1,0,1,
75200,0.000000,0.500000,30.000000,1,1,1,0,1,
75300,0.000000,0.500000,30.000000,1,1,1,0,1,
75400,0.000000,0.500000,30.000000,1,1,1,0,1,
75500,0.000000,0.500000,30.000000,1,1,1,0,1,
75600,0.000000,0.500000,30.000000,1,1,1,0,1,
75700,0.000000,0.500000,30.000000,1,1,1,0,1,
75800,0.000000,0.500000,30.000000,1,1,1,0,1,
75900,0.000000,0.500000,30.000000,1,1,1,0,1,
76000,0.000000,0.500000,30.000000,1,1,1,0,1,
76100,0.000000,0.500000,30.000000,1,1,1,0,1,
76200,0.000000,0.500000,30.000000,1,1,1,0,1,
76300,0.000000,0.500000,30.000000,1,1,1,0,1,
76400,0.000000,0.500000,30.000000,1,1,1,0,1,
76500,0.000000,0.500000,30.000000,1,1,1,0,1,
76600,0.000000,0.500000,30.000000,1,1,1,0,1,
76700,0.000000,0.500000,30.000000,1,1,1,0,1,
76800,0.000000,0.500000,30.000000,1,1,1,0,1,
76900,0.000000,0.500000,30.000000,1,1,1,0,1,
77000,0.000000,0.500000,30.000000,1,1,1,0,1,
77100,0.000000,0.500000,30.000000,1,1,1,0,1,
77200,0.000000,0.500000,30.000000,1,1,1,0,1,
77300,0.000000,0.500000,30.000000,1,1,1,0,1,
77400,0.000000,0.500000,30.000000,1,1,1,0,1,
77500,0.000000,0.500000,30.000000,1,1,1,0,1,
77600,0.000000,0.500000,30.000000,1,1,1,0,1,
77700,0.000000,0.500000,30.000000,1,1,1,0,1,
77800,0.000000,0.500000,30.000000,1,1,1,0,1,
77900,0.000000,0.500000,30.000000,1,1,1,0,1,
78000,0.000000,0.500000,30.000000,1,1,1,0,1,
78100,0.000000,0.500000,30.000000,1,1,1,0,1,
78200,0.000000,0.500000,30.000000,1,1,1,0,1,
78300,0.000000,0.500000,30.000000,1,1,1,0,1,
78400,0.000000,0.500000,30.000000,1,1,1,0,1,
78500,0.000000,0.500000,30.000000,1,1,1,0,1,
78600,0.000000,0.500000,30.000000,1,1,1,0,1,
78700,0.000000,0.500000,30.000000,1,1,1,0,1,
78800,0.000000,0.500000,30.000000,1,1,1,0,1,
78900,0.000000,0.500000,30.000000,1,1,1,0,1,
79000,0.000000,0.500000,30.000000,1,1,1,0,1,
79100,0.000000,0.500000,30.000000,1,1,1,0,1,
79200,0.000000,0.500000,30.000000,1,1,1,0,1,
79300,0.000000,0.500000,30.000000,1,1,1,0,1,
79400,0.000000,0.500000,30.000000,1,1,1,0,1,
79500,0.000000,0.500000,30.000000,1,1,1,0,1,
79600,0.000000,0.500000,30.000000,1,1,1,0,1,
79700,0.000000,0.500000,30.000000,1,1,1,0,1,
79800,0.000000,0.500000,30.000000,1,1,1,0,1,
79900,0.000000,0.500000,30.000000,1,1,1,0,1,
80000,0.000000,0.500000,30.000000,1,1,1,0,1,
80100,0.000000,0.500000,30.000000,1,1,1,0,1,
80200,0.000000,0.500000,30.000000,1,1,1,0,1,
80300,0.000000,0.500000,30.000000,1,1,1,0,1,
80400,0.000000,0.500000,30.000000,1,1,1,0,1,
80500,0.000000,0.500000,30.000000,1,1,1,0,1,
80600,0.000000,0.500000,30.000000,1,1,1,0,1,
80700,0.000000,0.500000,30.000000,1,1,1,0,1,
80800,0.000000,0.500000,30.000000,1,1,1,0,1,
80900,0.000000,0.500000,30.000000,1,1,1,0,1,
81000,0.000000,0.500000,30.000000,1,1,1,0,1,
81100,0.000000,0.500000,30.000000,1,1,1,0,1,
81200,0.000000,0.500000,30.000000,1,1,1,0,1,
81300,0.000000,0.500000,30.000000,1,1,1,0,1,
81400,0.000000,0.500000,30.000000,1,1,1,0,1,
81500,0.000000,0.500000,30.000000,1,1,1,0,1,
81600,0.000000,0.500000,30.000000,1,1,1,0,1,
81700,0.000000,0.500000,30.000000,1,1,1,0,1,
81800,0.000000,0.500000,30.000000,1,1,1,0,1,
81900,0.000000,0.500000,30.000000,1,1,1,0,1,
82000,0.000000,0.500000,30.000000,1,1,1,0,1,
82100,0.000000,0.500000,30.000000,1,1,1,0,1,
82200,0.000000,0.500000,30.000000,1,1,1,0,1,
82300,0.000000,0.500000,30.000000,1,1,1,0,1,
82400,0.000000,0.500000,30.000000,1,1,1,0,1,
82500,0.000000,0.500000,30.000000,1,1,1,0,1,
82600,0.000000,0.500000,30.000000,1,1,1,0,1,
82700,0.000000,0.500000,30.000000,1,1,1,0,1,
82800,0.000000,0.500000,30.000000,1,1,1,0,1,
82900,0.000000,0.500000,30.000000,1,1,1,0,1,
83000,0.000000,0.500000,30.000000,1,1,1,0,1,
83100,0.000000,0.500000,30.000000,1,1,1,0,1,
83200,0.000000,0.500000,30.000000,1,1,1,0,1,
83300,0.000000,0.500000,30.000000,1,1,1,0,1,
83400,0.000000,0.500000,30.000000,1,1,1,0,1,
83500,0.000000,0.500000,30.000000,1,1,1,0,1,
83600,0.000000,0.500000,30.000000,1,1,1,0,1,
83700,0.000000,0.500000,30.000000,1,1,1,0,1,
83800,0.000000,0.500000,30.000000,1,1,1,0,1,
83900,0.000000,0.500000,30.000000,1,1,1,0,1,
84000,0.000000,0.500000,30.000000,1,1,1,0,1,
84100,0.000000,0.500000,30.000000,1,1,1,0,1,
84200,0.000000,0.500000,30.000000,1,1,1,0,1,
84300,0.000000,0.500000,30.000000,1,1,1,0,1,
84400,0.000000,0.500000,30.000000,1,1,1,0,1,
84500,0.000000,0.500000,30.000000,1,1,1,0,1,
84600,0.000000,0.500000,30.000000,1,1,1,0,1,
84700,0.000000,0.500000,30.000000,1,1,1,0,1,
84800,0.000000,0.500000,30.000000,1,1,1,0,1,
84900,0.000000,0.500000,30.000000,1,1,1,0,1,
85000,0.000000,0.500000,30.000000,1,1,1,0,1,
85100,0.000000,0.500000,30.000000,1,1,1,0,1,
85200,0.000000,0.500000,30.000000,1,1,1,0,1,
85300,0.000000,0.500000,30.000000,1,1,1,0,1,
85400,0.000000,0.500000,30.000000,1,1,1,0,1,
85500,0.000000,0.500000,30.000000,1,1,1,0,1,
85600,0.000000,0.500000,30.000000,1,1,1,0,1,
85700,0.000000,0.500000,30.000000,1,1,1,0,1,
85800,0.000000,0.500000,30.000000,1,1,1,0,1,
85900,0.000000,0.500000,30.000000,1,1,1,0,1,
86000,0.000000,0.500000,30.000000,1,1,1,0,1,
86100,0.000000,0.500000,30.000000,1,1,1,0,1,
86200,0.000000,0.500000,30.000000,1,1,1,0,1,
86300,0.000000,0.500000,30.000000,1,1,1,0,1,
86400,0.000000,0.500000,30.000000,1,1,1,0,1,
86500,0.000000,0.500000,30.000000,1,1,1,0,1,
86600,0.000000,0.500000,30.000000,1,1,1,0,1,
86700,0.000000,0.500000,30.000000,1,1,1,0,1,
86800,0.000000,0.500000,30.000000,1,1,1,0,1,
86900,0.000000,0.500000,30.000000,1,1,1,0,1,
87000,0.000000,0.500000,30.000000,1,1,1,0,1,
87100,0.000000,0.500000,30.000000,1,1,1,0,1,
87200,0.000000,0.500000,30.000000,1,1,1,0,1,
87300,0.000000,0.500000,30.000000,1,1,1,0,1,
87400,0.000000,0.500000,30.000000,1,1,1,0,1,
87500,0.000000,0.500000,30.000000,1,1,1,0,1,
87600,0.000000,0.500000,30.000000,1,1,1,0,1,
87700,0.000000,0.500000,30.000000,1,1,1,0,1,
87800,0.000000,0.500000,30.000000,1,1,1,0,1,
87900,0.000000,0.500000,30.000000,1,1,1,0,1,
88000,0.000000,0.500000,30.000000,1,1,1,0,1,
88100,0.000000,0.500000,30.000000,1,1,1,0,1,
88200,0.000000,0.500000,30.000000,1,1,1,0,1,
88300,0.000000,0.500000,30.000000,1,1,1,0,1,
88400,0.000000,0.500000,30.000000,1,1,1,0,1,
88500,0.000000,0.500000,30.000000,1,1,1,0,1,
88600,0.000000,0.500000,30.000000,1,1,1,0,1,
88700,0.000000,0.500000,30.000000,1,1,1,0,1,
88800,0.000000,0.500000,30.000000,1,1,1,0,1,
88900,0.000000,0.500000,30.000000,1,1,1,0,1,
89000,0.000000,0.500000,30.000000,1,1,1,0,1,
89100,0.000000,0.500000,30.000000,1,1,1,0,1,
89200,0.000000,0.500000,30.000000,1,1,1,0,1,
89300,0.000000,0.500000,30.000000,1,1,1,0,1,
89400,0.000000,0.500000,30.000000,1,1,1,0,1,
89500,0.000000,0.500000,30.000000,1,1,1,0,1,
89600,0.000000,0.500000,30.000000,1,1,1,0,1,
89700,0.000000,0.500000,30.000000,1,1,1,0,1,
89800,0.000000,0.500000,30.000000,1,1,1,0,1,
89900,0.000000,0.500000,30.000000,1,1,1,0,1,
90000,0.000000,0.500000,30.000000,1,1,1,0,1,
90100,0.000000,0.500000,30.000000,1,1,1,0,1,
90200,0.000000,0.500000,30.000000,1,1,1,0,1,
90300,0.000000,0.500000,30.000000,1,1,1,0,1,
90400,0.000000,0.500000,30.000000,1,1,1,0,1,
90500,0.000000,0.500000,30.000000,1,1,1,0,1,
90600,0.000000,0.500000,30.000000,1,1,1,0,1,
90700,0.000000,0.500000,30.000000,1,1,1,0,1,
90800,0.000000,0.500000,30.000000,1,1,1,0,1,
90900,0.000000,0.500000,30.000000,1,1,1,0,1,
91000,0.000000,0.500000,30.000000,1,1,1,0,1,
91100,0.000000,0.500000,30.000000,1,1,1,0,1,
91200,0.000000,0.500000,30.000000,1,1,1,0,1,
91300,0.000000,0.500000,30.000000,1,1,1,0,1,
91400,0.000000,0.500000,30.000000,1,1,1,0,1,
91500,0.000000,0.500000,30.000000,1,1,1,0,1,
91600,0.000000,0.500000,30.000000,1,1,1,0,1,
91700,0.000000,0.500000,30.000000,1,1,1,0,1,
91800,0.000000,0.500000,30.000000,1,1,1,0,1,
91900,0.000000,0.500000,30.000000,1,1,1,0,1,
92000,0.000000,0.500000,30.000000,1,1,1,0,1,
92100,0.000000,0.500000,30.000000,1,1,1,0,1,
92200,0.000000,0.500000,30.000000,1,1,1,0,1,
92300,0.000000,0.500000,30.000000,1,1,1,0,1,
92400,0.000000,0.500000,30.000000,1,1,1,0,1,
92500,0.000000,0.500000,30.000000,1,1,1,0,1,
92600,0.000000,0.500000,30.000000,1,1,1,0,1,
92700,0.000000,0.500000,30.000000,1,1,1,0,1,
92800,0.000000,0.500000,30.000000,1,1,1,0,1,
92900,0.000000,0.500000,30.000000,1,1,1,0,1,
93000,0.000000,0.500000,30.000000,1,1,1,0,1,
93100,0.000000,0.500000,30.000000,1,1,1,0,1,
93200,0.000000,0.500000,30.000000,1,1,1,0,1,
93300,0.000000,0.500000,30.000000,1,1,1,0,1,
93400,0.000000,0.500000,30.000000,1,1,1,0,1,
93500,0.000000,0.500000,30.000000,1,1,1,0,1,
93600,0.000000,0.500000,30.000000,1,1,1,0,1,
93700,0.000000,0.500000,30.000000,1,1,1,0,1,
93800,0.000000,0.500000,30.000000,1,1,1,0,1,
93900,0.000000,0.500000,30.000000,1,1,1,0,1,
94000,0.000000,0.500000,30.000000,1,1,1,0,1,
94100,0.000000,0.500000,30.000000,1,1,1,0,1,
94200,0.000000,0.500000,30.000000,1,1,1,0,1,
94300,0.000000,0.500000,30.000000,1,1,1,0,1,
94400,0.000000,0.500000,30.000000,1,1,1,0,1,
94500,0.000000,0.500000,30.000000,1,1,1,0,1,
94600,0.000000,0.500000,30.000000,1,1,1,0,1,
94700,0.000000,0.500000,30.000000,1,1,1,0,1,
94800,0.000000,0.500000,30.000000,1,1,1,0,1,
94900,0.000000,0.500000,30.000000,1,1,1,0,1,
95000,0.000000,0.500000,30.000000,1,1,1,0,1,
95100,0.000000,0.500000,30.000000,1,1,1,0,1,
95200,0.000000,0.500000,30.000000,1,1,1,0,1,
95300,0.000000,0.500000,30.000000,1,1,1,0,1,
95400,0.000000,0.500000,30.000000,1,1,1,0,1,
95500,0.000000,0.500000,30.000000,1,1,1,0,1,
95600,0.000000,0.500000,30.000000,1,1,1,0,1,
95700,0.000000,0.500000,30.000000,1,1,1,0,1,
95800,0.000000,0.500000,30.000000,1,1,1,0,1,
95900,0.000000,0.500000,30.000000,1,1,1,0,1,
96000,0.000000,0.500000,30.000000,1,1,1,0,1,
96100,0.000000,0.500000,30.000000,1,1,1,0,1,
96200,0.000000,0.500000,30.000000,1,1,1,0,1,
96300,0.000000,0.500000,30.000000,1,1,1,0,1,
96400,0.000000,0.500000,30.000000,1,1,1,0,1,
96500,0.000000,0.500000,30.000000,1,1,1,0,1,
96600,0.000000,0.500000,30.000000,1,1,1,0,1,
96700,0.000000,0.500000,30.000000,1,1,1,0,1,
96800,0.000000,0.500000,30.000000,1,1,1,0,1,
96900,0.000000,0.500000,30.000000,1,1,1,0,1,
97000,0.000000,0.500000,30.000000,1,1,1,0,1,
97100,0.000000,0.500000,30.000000,1,1,1,0,1,
97200,0.000000,0.500000,30.000000,1,1,1,0,1,
97300,0.000000,0.500000,30.000000,1,1,1,0,1,
97400,0.000000,0.500000,30.000000,1,1,1,0,1,
97500,0.000000,0.500000,30.000000,1,1,1,0,1,
97600,0.000000,0.500000,30.000000,1,1,1,0,1,
97700,0.000000,0.500000,30.000000,1,1,1,0,1,
97800,0.000000,0.500000,30.000000,1,1,1,0,1,
97900,0.000000,0.500000,30.000000,1,1,1,0,1,
98000,0.000000,0.500000,30.000000,1,1,1,0,1,
98100,0.000000,0.500000,30.000000,1,1,1,0,1,
98200,0.000000,0.500000,30.000000,1,1,1,0,1,
98300,0.000000,0.500000,30.000000,1,1,1,0,1,
98400,0.000000,0.500000,30.000000,1,1,1,0,1,
98500,0.000000,0.500000,30.000000,1,1,1,0,1,
98600,0.000000,0.500000,30.000000,1,1,1,0,1,
98700,0.000000,0.500000,30.000000,1,1,1,0,1,
98800,0.000000,0.500000,30.000000,1,1,1,0,1,
98900,0.000000,0.500000,30.000000,1,1,1,0,1,
99000,0.000000,0.500000,30.000000,1,1,1,0,1,
99100,0.000000,0.500000,30.000000,1,1,1,0,1,
99200,0.000000,0.500000,30.000000,1,1,1,0,1,
99300,0.000000,0.500000,30.000000,1,1,1,0,1,
99400,0.000000,0.500000,30.000000,1,1,1,0,1,
99500,0.000000,0.500000,30.000000,1,1,1,0,1,
99600,0.000000,0.500000,30.000000,1,1,1,0,1,
99700,0.000000,0.500000,30.000000,1,1,1,0,1,
99800,0.000000,0.500000,30.000000,1,1,1,0,1,
99900,0.000000,0.500000,30.000000,1,1,1,0,1,
100000,0.000000,0.500000,30.000000,1,1,1,0,1,
100100,0.000000,0.500000,30.000000,1,1,1,0,1,
100200,0.000000,0.500000,30.000000,1,1,1,0,1,
100300,0.000000,0.500000,30.000000,1,1,1,0,1,
100400,0.000000,0.500000,30.000000,1,1,1,0,1,
100500,0.000000,0.500000,30.000000,1,1,1,0,1,
100600,0.000000,0.500000,30.000000,1,1,1,0,1,
100700,0.000000,0.500000,30.000000,1,1,1,0,1,
100800,0.000000,0.500000,30.000000,1,1,1,0,1,
100900,0.000000,0.500000,30.000000,1,1,1,0,1,
101000,0.000000,0.500000,30.000000,1,1,1,0,1,
101100,0.000000,0.500000,30.000000,1,1,1,0,1,
101200,0.000000,0.500000,30.000000,1,1,1,0,1,
101300,0.000000,0.500000,30.000000,1,1,1,0,1,
101400,0.000000,0.500000,30.000000,1,1,1,0,1,
101500,0.000000,0.500000,30.000000,1,1,1,0,1,
101600,0.000000,0.500000,30.000000,1,1,1,0,1,
101700,0.000000,0.500000,30.000000,1,1,1,0,1,
101800,0.000000,0.500000,30.000000,1,1,1,0,1,
101900,0.000000,0.500000,30.000000,1,1,1,0,1,
102000,0.000000,0.500000,30.000000,1,1,1,0,1,
102100,0.000000,0.500000,30.000000,1,1,1,0,1,
102200,0.000000,0.500000,30.000000,1,1,1,0,1,
102300,0.000000,0.500000,30.000000,1,1,1,0,1,
102400,0.000000,0.500000,30.000000,1,1,1,0,1,
102500,0.000000,0.500000,30.000000,1,1,1,0,1,
102600,0.000000,0.500000,30.000000,1,1,1,0,1,
102700,0.000000,0.500000,30.000000,1,1,1,0,1,
102800,0.000000,0.500000,30.000000,1,1,1,0,1,
102900,0.000000,0.500000,30.000000,1,1,1,0,1,
103000,0.000000,0.500000,30.000000,1,1,1,0,1,
103100,0.000000,0.500000,30.000000,1,1,1,0,1,
103200,0.000000,0.500000,30.000000,1,1,1,0,1,
103300,0.000000,0.500000,30.000000,1,1,1,0,1,
103400,0.000000,0.500000,30.000000,1,1,1,0,1,
103500,0.000000,0.500000,30.000000,1,1,1,0,1,
103600,0.000000,0.500000,30.000000,1,1,1,0,1,
103700,0.000000,0.500000,30.000000,1,1,1,0,1,
103800,0.000000,0.500000,30.000000,1,1,1,0,1,
103900,0.000000,0.500000,30.000000,1,1,1,0,1,
104000,0.000000,0.500000,30.000000,1,1,1,0,1,
104100,0.000000,0.500000,30.000000,1,1,1,0,1,
104200,0.000000,0.500000,30.000000,1,1,1,0,1,
104300,0.000000,0.500000,30.000000,1,1,1,0,1,
104400,0.000000,0.500000,30.000000,1,1,1,0,1,
104500,0.000000,0.500000,30.000000,1,1,1,0,1,
104600,0.000000,0.500000,30.000000,1,1,1,0,1,
104700,0.000000,0.500000,30.000000,1,1,1,0,1,
104800,0.000000,0.500000,30.000000,1,1,1,0,1,
104900,0.000000,0.500000,30.000000,1,1,1,0,1,
105000,0.000000,0.500000,30.000000,1,1,1,0,1,
105100,0.000000,0.500000,30.000000,1,1,1,0,1,
105200,0.000000,0.500000,30.000000,1,1,1,0,1,
105300,0.000000,0.500000,30.000000,1,1,1,0,1,
105400,0.000000,0.500000,30.000000,1,1,1,0,1,
105500,0.000000,0.500000,30.000000,1,1,1,0,1,
105600,0.000000,0.500000,30.000000,1,1,1,0,1,
105700,0.000000,0.500000,30.000000,1,1,1,0,1,
105800,0.000000,0.500000,30.000000,1,1,1,0,1,
105900,0.000000,0.500000,30.000000,1,1,1,0,1,
106000,0.000000,0.500000,30.000000,1,1,1,0,1,
106100,0.000000,0.500000,30.000000,1,1,1,0,1,
106200,0.000000,0.500000,30.000000,1,1,1,0,1,
106300,0.000000,0.500000,30.000000,1,1,1,0,1,
106400,0.000000,0.500000,30.000000,1,1,1,0,1,
106500,0.000000,0.500000,30.000000,1,1,1,0,1,
106600,0.000000,0.500000,30.000000,1,1,1,0,1,
106700,0.000000,0.500000,30.000000,1,1,1,0,1,
106800,0.000000,0.500000,30.000000,1,1,1,0,1,
106900,0.000000,0.500000,30.000000,1,1,1,0,1,
107000,0.000000,0.500000,30.000000,1,1,1,0,1,
107100,0.000000,0.500000,30.000000,1,1,1,0,1,
107200,0.000000,0.500000,30.000000,1,1,1,0,1,
107300,0.000000,0.500000,30.000000,1,1,1,0,1,
107400,0.000000,0.500000,30.000000,1,1,1,0,1,
107500,0.000000,0.500000,30.000000,1,1,1,0,1,
107600,0.000000,0.500000,30.000000,1,1,1,0,1,
107700,0.000000,0.500000,30.000000,1,1,1,0,1,
107800,0.000000,0.500000,30.000000,1,1,1,0,1,
107900,0.000000,0.500000,30.000000,1,1,1,0,1,
108000,0.000000,0.500000,30.000000,1,1,1,0,1,
108100,0.000000,0.500000,30.000000,1,1,1,0,1,
108200,0.000000,0.500000,30.000000,1,1,1,0,1,
108300,0.000000,0.500000,30.000000,1,1,1,0,1,
108400,0.000000,0.500000,30.000000,1,1,1,0,1,
108500,0.000000,0.500000,30.000000,1,1,1,0,1,
108600,0.000000,0.500000,30.000000,1,1,1,0,1,
108700,0.000000,0.500000,30.000000,1,1,1,0,1,
108800,0.000000,0.500000,30.000000,1,1,1,0,1,
108900,0.000000,0.500000,30.000000,1,1,1,0,1,
109000,0.000000,0.500000,30.000000,1,1,1,0,1,
109100,0.000000,0.500000,30.000000,1,1,1,0,1,
109200,0.000000,0.500000,30.000000,1,1,1,0,1,
109300,0.000000,0.500000,30.000000,1,1,1,0,1,
109400,0.000000,0.500000,30.000000,1,1,1,0,1,
109500,0.000000,0.500000,30.000000,1,1,1,0,1,
109600,0.000000,0.500000,30.000000,1,1,1,0,1,
109700,0.000000,0.500000,30.000000,1,1,1,0,1,
109800,0.000000,0.500000,30.000000,1,1,1,0,1,
109900,0.000000,0.500000,30.000000,1,1,1,0,1,
110000,0.000000,0.500000,30.000000,1,1,1,0,1,
110100,0.000000,0.500000,30.000000,1,1,1,0,1,
110200,0.000000,0.500000,30.000000,1,1,1,0,1,
110300,0.000000,0.500000,30.000000,1,1,1,0,1,
110400,0.000000,0.500000,30.000000,1,1,1,0,1,
110500,0.000000,0.500000,30.000000,1,1,1,0,1,
110600,0.000000,0.500000,30.000000,1,1,1,0,1,
110700,0.000000,0.500000,30.000000,1,1,1,0,1,
110800,0.000000,0.500000,30.000000,1,1,1,0,1,
110900,0.000000,0.500000,30.000000,1,1,1,0,1,
111000,0.000000,0.500000,30.000000,1,1,1,0,1,
111100,0.000000,0.500000,30.000000,1,1,1,0,1,
111200,0.000000,0.500000,30.000000,1,1,1,0,1,
111300,0.000000,0.500000,30.000000,1,1,1,0,1,
111400,0.000000,0.500000,30.000000,1,1,1,0,1,
111500,0.000000,0.500000,30.000000,1,1,1,0,1,
111600,0.000000,0.500000,30.000000,1,1,1,0,1,
111700,0.000000,0.500000,30.000000,1,1,1,0,1,
111800,0.000000,0.500000,30.000000,1,1,1,0,1,
111900,0.000000,0.500000,30.000000,1,1,1,0,1,
112000,0.000000,0.500000,30.000000,1,1,1,0,1,
112100,0.000000,0.500000,30.000000,1,1,1,0,1,
112200,0.000000,0.500000,30.000000,1,1,1,0,1,
112300,0.000000,0.500000,30.000000,1,1,1,0,1,
112400,0.000000,0.500000,30.000000,1,1,1,0,1,
112500,0.000000,0.500000,30.000000,1,1,1,0,1,
112600,0.000000,0.500000,30.000000,1,1,1,0,1,
112700,0.000000,0.500000,30.000000,1,1,1,0,1,
112800,0.000000,0.500000,30.000000,1,1,1,0,1,
112900,0.000000,0.500000,30.000000,1,1,1,0,1,
113000,0.000000,0.500000,30.000000,1,1,1,0,1,
113100,0.000000,0.500000,30.000000,1,1,1,0,1,
113200,0.000000,0.500000,30.000000,1,1,1,0,1,
113300,0.000000,0.500000,30.000000,1,1,1,0,1,
113400,0.000000,0.500000,30.000000,1,1,1,0,1,
113500,0.000000,0.500000,30.000000,1,1,1,0,1,
113600,0.000000,0.500000,30.000000,1,1,1,0,1,
113700,0.000000,0.500000,30.000000,1,1,1,0,1,
113800,0.000000,0.500000,30.000000,1,1,1,0,1,
113900,0.000000,0.500000,30.000000,1,1,1,0,1,
114000,0.000000,0.500000,30.000000,1,1,1,0,1,
114100,0.000000,0.500000,30.000000,1,1,1,0,1,
114200,0.000000,0.500000,30.000000,1,1,1,0,1,
114300,0.000000,0.500000,30.000000,1,1,1,0,1,
114400,0.000000,0.500000,30.000000,1,1,1,0,1,
114500,0.000000,0.500000,30.000000,1,1,1,0,1,
114600,0.000000,0.500000,30.000000,1,1,1,0,1,
114700,0.000000,0.500000,30.000000,1,1,1,0,1,
114800,0.000000,0.500000,30.000000,1,1,1,0,1,
114900,0.000000,0.500000,30.000000,1,1,1,0,1,
115000,0.000000,0.500000,30.000000,1,1,1,0,1,
115100,0.000000,0.500000,30.000000,1,1,1,0,1,
115200,0.000000,0.500000,30.000000,1,1,1,0,1,
115300,0.000000,0.500000,30.000000,1,1,1,0,1,
115400,0.000000,0.500000,30.000000,1,1,1,0,1,
115500,0.000000,0.500000,30.000000,1,1,1,0,1,
115600,0.000000,0.500000,30.000000,1,1,1,0,1,
115700,0.000000,0.500000,30.000000,1,1,1,0,1,
115800,0.000000,0.500000,30.000000,1,1,1,0,1,
115900,0.000000,0.500000,30.000000,1,1,1,0,1,
116000,0.000000,0.500000,30.000000,1,1,1,0,1,
116100,0.000000,0.500000,30.000000,1,1,1,0,1,
116200,0.000000,0.500000,30.000000,1,1,1,0,1,
116300,0.000000,0.500000,30.000000,1,1,1,0,1,
116400,0.000000,0.500000,30.000000,1,1,1,0,1,
116500,0.000000,0.500000,30.000000,1,1,1,0,1,
116600,0.000000,0.500000,30.000000,1,1,1,0,1,
116700,0.000000,0.500000,30.000000,1,1,1,0,1,
116800,0.000000,0.500000,30.000000,1,1,1,0,1,
116900,0.000000,0.500000,30.000000,1,1,1,0,1,
117000,0.000000,0.500000,30.000000,1,1,1,0,1,
117100,0.000000,0.500000,30.000000,1,1,1,0,1,
117200,0.000000,0.500000,30.000000,1,1,1,0,1,
117300,0.000000,0.500000,30.000000,1,1,1,0,1,
117400,0.000000,0.500000,30.000000,1,1,1,0,1,
117500,0.000000,0.500000,30.000000,1,1,1,0,1,
117600,0.000000,0.500000,30.000000,1,1,1,0,1,
117700,0.000000,0.500000,30.000000,1,1,1,0,1,
117800,0.000000,0.500000,30.000000,1,1,1,0,1,
117900,0.000000,0.500000,30.000000,1,1,1,0,1,
118000,0.000000,0.500000,30.000000,1,1,1,0,1,
118100,0.000000,0.500000,30.000000,1,1,1,0,1,
118200,0.000000,0.500000,30.000000,1,1,1,0,1,
118300,0.000000,0.500000,30.000000,1,1,1,0,1,
118400,0.000000,0.500000,30.000000,1,1,1,0,1,
118500,0.000000,0.500000,30.000000,1,1,1,0,1,
118600,0.000000,0.500000,30.000000,1,1,1,0,1,
118700,0.000000,0.500000,30.000000,1,1,1,0,1,
118800,0.000000,0.500000,30.000000,1,1,1,0,1,
118900,0.000000,0.500000,30.000000,1,1,1,0,1,
119000,0.000000,0.500000,30.000000,1,1,1,0,1,
119100,0.000000,0.500000,30.000000,1,1,1,0,1,
119200,0.000000,0.500000,30.000000,1,1,1,0,1,
119300,0.000000,0.500000,30.000000,1,1,1,0,1,
119400,0.000000,0.500000,30.000000,1,1,1,0,1,
119500,0.000000,0.500000,30.000000,1,1,1,0,1,
119600,0.000000,0.500000,30.000000,1,1,1,0,1,
119700,0.000000,0.500000,30.000000,1,1,1,0,1,
119800,0.000000,0.500000,30.000000,1,1,1,0,1,
119900,0.000000,0.500000,30.000000,1,1,1,0,1,
120000,0.000000,0.500000,30.000000,1,1,1,0,1,
120100,0.000000,0.500000,30.000000,1,1,1,0,1,
120200,0.000000,0.500000,30.000000,1,1,1,0,1,
120300,0.000000,0.500000,30.000000,1,1,1,0,1,
120400,0.000000,0.500000,30.000000,1,1,1,0,1,
120500,0.000000,0.500000,30.000000,1,1,1,0,1,
120600,0.000000,0.500000,30.000000,1,1,1,0,1,
120700,0.000000,0.500000,30.000000,1,1,1,0,1,
120800,0.000000,0.500000,30.000000,1,1,1,0,1,
120900,0.000000,0.500000,30.000000,1,1,1,0,1,
121000,0.000000,0.500000,30.000000,1,1,1,0,1,
121100,0.000000,0.500000,30.000000,1,1,1,0,1,
121200,0.000000,0.500000,30.000000,1,1,1,0,1,
121300,0.000000,0.500000,30.000000,1,1,1,0,1,
121400,0.000000,0.500000,30.000000,1,1,1,0,1,
121500,0.000000,0.500000,30.000000,1,1,1,0,1,
121600,0.000000,0.500000,30.000000,1,1,1,0,1,
121700,0.000000,0.500000,30.000000,1,1,1,0,1,
121800,0.000000,0.500000,30.000000,1,1,1,0,1,
121900,0.000000,0.500000,30.000000,1,1,1,0,1,
122000,0.000000,0.500000,30.000000,1,1,1,0,1,
122100,0.000000,0.500000,30.000000,1,1,1,0,1,
122200,0.000000,0.500000,30.000000,1,1,1,0,1,
122300,0.000000,0.500000,30.000000,1,1,1,0,1,
122400,0.000000,0.500000,30.000000,1,1,1,0,1,
122500,0.000000,0.500000,30.000000,1,1,1,0,1,
122600,0.000000,0.500000,30.000000,1,1,1,0,1,
122700,0.000000,0.500000,30.000000,1,1,1,0,1,
122800,0.000000,0.500000,30.000000,1,1,1,0,1,
122900,0.000000,0.500000,30.000000,1,1,1,0,1,
123000,0.000000,0.500000,30.000000,1,1,1,0,1,
123100,0.000000,0.500000,30.000000,1,1,1,0,1,
123200,0.000000,0.500000,30.000000,1,1,1,0,1,
123300,0.000000,0.500000,30.000000,1,1,1,0,1,
123400,0.000000,0.500000,30.000000,1,1,1,0,1,
123500,0.000000,0.500000,30.000000,1,1,1,0,1,
123600,0.000000,0.500000,30.000000,1,1,1,0,1,
123700,0.000000,0.500000,30.000000,1,1,1,0,1,
123800,0.000000,0.500000,30.000000,1,1,1,0,1,
123900,0.000000,0.500000,30.000000,1,1,1,0,1,
124000,0.000000,0.500000,30.000000,1,1,1,0,1,
124100,0.000000,0.500000,30.000000,1,1,1,0,1,
124200,0.000000,0.500000,30.000000,1,1,1,0,1,
124300,0.000000,0.500000,30.000000,1,1,1,0,1,
124400,0.000000,0.500000,30.000000,1,1,1,0,1,
124500,0.000000,0.500000,30.000000,1,1,1,0,1,
124600,0.000000,0.500000,30.000000,1,1,1,0,1,
124700,0.000000,0.500000,30.000000,1,1,1,0,1,
124800,0.000000,0.500000,30.000000,1,1,1,0,1,
124900,0.000000,0.500000,30.000000,1,1,1,0,1,
125000,0.000000,0.500000,30.000000,1,1,1,0,1,
125100,0.000000,0.500000,30.000000,1,1,1,0,1,
125200,0.000000,0.500000,30.000000,1,1,1,0,1,
125300,0.000000,0.500000,30.000000,1,1,1,0,1,
125400,0.000000,0.500000,30.000000,1,1,1,0,1,
125500,0.000000,0.500000,30.000000,1,1,1,0,1,
125600,0.000000,0.500000,30.000000,1,1,1,0,1,
125700,0.000000,0.500000,30.000000,1,1,1,0,1,
125800,0.000000,0.500000,30.000000,1,1,1,0,1,
125900,0.000000,0.500000,30.000000,1,1,1,0,1,
126000,0.000000,0.500000,30.000000,1,1,1,0,1,
126100,0.000000,0.500000,30.000000,1,1,1,0,1,
126200,0.000000,0.500000,30.000000,1,1,1,0,1,
126300,0.000000,0.500000,30.000000,1,1,1,0,1,
126400,0.000000,0.500000,30.000000,1,1,1,0,1,
126500,0.000000,0.500000,30.000000,1,1,1,0,1,
126600,0.000000,0.500000,30.000000,1,1,1,0,1,
126700,0.000000,0.500000,30.000000,1,1,1,0,1,
126800,0.000000,0.500000,30.000000,1,1,1,0,1,
126900,0.000000,0.500000,30.000000,1,1,1,0,1,
127000,0.000000,0.500000,30.000000,1,1,1,0,1,
127100,0.000000,0.500000,30.000000,1,1,1,0,1,
127200,0.000000,0.500000,30.000000,1,1,1,0,1,
127300,0.000000,0.500000,30.000000,1,1,1,0,1,
127400,0.000000,0.500000,30.000000,1,1,1,0,1,
127500,0.000000,0.500000,30.000000,1,1,1,0,1,
127600,0.000000,0.500000,30.000000,1,1,1,0,1,
127700,0.000000,0.500000,30.000000,1,1,1,0,1,
127800,0.000000,0.500000,30.000000,1,1,1,0,1,
127900,0.000000,0.500000,30.000000,1,1,1,0,1,
128000,0.000000,0.500000,30.000000,1,1,1,0,1,
128100,0.000000,0.500000,30.000000,1,1,1,0,1,
128200,0.000000,0.500000,30.000000,1,1,1,0,1,
128300,0.000000,0.500000,30.000000,1,1,1,0,1,
128400,0.000000,0.500000,30.000000,1,1,1,0,1,
128500,0.000000,0.500000,30.000000,1,1,1,0,1,
128600,0.000000,0.500000,30.000000,1,1,1,0,1,
128700,0.000000,0.500000,30.000000,1,1,1,0,1,
128800,0.000000,0.500000,30.000000,1,1,1,0,1,
128900,0.000000,0.500000,30.000000,1,1,1,0,1,
129000,0.000000,0.500000,30.000000,1,1,1,0,1,
129100,0.000000,0.500000,30.000000,1,1,1,0,1,
129200,0.000000,0.500000,30.000000,1,1,1,0,1,
129300,0.000000,0.500000,30.000000,1,1,1,0,1,
129400,0.000000,0.500000,30.000000,1,1,1,0,1,
129500,0.000000,0.500000,30.000000,1,1,1,0,1,
129600,0.000000,0.500000,30.000000,1,1,1,0,1,
129700,0.000000,0.500000,30.000000,1,1,1,0,1,
129800,0.000000,0.500000,30.000000,1,1,1,0,1,
129900,0.000000,0.500000,30.000000,1,1,1,0,1,
130000,0.000000,0.500000,30.000000,1,1,1,0,1,
130100,0.000000,0.500000,30.000000,1,1,1,0,1,
130200,0.000000,0.500000,30.000000,1,1,1,0,1,
130300,0.000000,0.500000,30.000000,1,1,1,0,1,
130400,0.000000,0.500000,30.000000,1,1,1,0,1,
130500,0.000000,0.500000,30.000000,1,1,1,0,1,
130600,0.000000,0.500000,30.000000,1,1,1,0,1,
130700,0.000000,0.500000,30.000000,1,1,1,0,1,
130800,0.000000,0.500000,30.000000,1,1,1,0,1,
130900,0.000000,0.500000,30.000000,1,1,1,0,1,
131000,0.000000,0.500000,30.000000,1,1,1,0,1,
131100,0.000000,0.500000,30.000000,1,1,1,0,1,
131200,0.000000,0.500000,30.000000,1,1,1,0,1,
131300,0.000000,0.500000,30.000000,1,1,1,0,1,
131400,0.000000,0.500000,30.000000,1,1,1,0,1,
131500,0.000000,0.500000,30.000000,1,1,1,0,1,
131600,0.000000,0.500000,30.000000,1,1,1,0,1,
131700,0.000000,0.500000,30.000000,1,1,1,0,1,
131800,0.000000,0.500000,30.000000,1,1,1,0,1,
131900,0.000000,0.500000,30.000000,1,1,1,0,1,
132000,0.000000,0.500000,30.000000,1,1,1,0,1,
132100,0.000000,0.500000,30.000000,1,1,1,0,1,
132200,0.000000,0.500000,30.000000,1,1,1,0,1,
132300,0.000000,0.500000,30.000000,1,1,1,0,1,
132400,0.000000,0.500000,30.000000,1,1,1,0,1,
132500,0.000000,0.500000,30.000000,1,1,1,0,1,
132600,0.000000,0.500000,30.000000,1,1,1,0,1,
132700,0.000000,0.500000,30.000000,1,1,1,0,1,
132800,0.000000,0.500000,30.000000,1,1,1,0,1,
132900,0.000000,0.500000,30.000000,1,1,1,0,1,
133000,0.000000,0.500000,30.000000,1,1,1,0,1,
133100,0.000000,0.500000,30.000000,1,1,1,0,1,
133200,0.000000,0.500000,30.000000,1,1,1,0,1,
133300,0.000000,0.500000,30.000000,1,1,1,0,1,
133400,0.000000,0.500000,30.000000,1,1,1,0,1,
133500,0.000000,0.500000,30.000000,1,1,1,0,1,
133600,0.000000,0.500000,30.000000,1,1,1,0,1,
133700,0.000000,0.500000,30.000000,1,1,1,0,1,
133800,0.000000,0.500000,30.000000,1,1,1,0,1,
133900,0.000000,0.500000,30.000000,1,1,1,0,1,
134000,0.000000,0.500000,30.000000,1,1,1,0,1,
134100,0.000000,0.500000,30.000000,1,1,1,0,1,
134200,0.000000,0.500000,30.000000,1,1,1,0,1,
134300,0.000000,0.500000,30.000000,1,1,1,0,1,
134400,0.000000,0.500000,30.000000,1,1,1,0,1,
134500,0.000000,0.500000,30.000000,1,1,1,0,1,
134600,0.000000,0.500000,30.000000,1,1,1,0,1,
134700,0.000000,0.500000,30.000000,1,1,1,0,1,
134800,0.000000,0.500000,30.000000,1,1,1,0,1,
134900,0.000000,0.500000,30.000000,1,1,1,0,1,
135000,0.000000,0.500000,30.000000,1,1,1,0,1,
135100,0.000000,0.500000,30.000000,1,1,1,0,1,
135200,0.000000,0.500000,30.000000,1,1,1,0,1,
135300,0.000000,0.500000,30.000000,1,1,1,0,1,
135400,0.000000,0.500000,30.000000,1,1,1,0,1,
135500,0.000000,0.500000,30.000000,1,1,1,0,1,
135600,0.000000,0.500000,30.000000,1,1,1,0,1,
135700,0.000000,0.500000,30.000000,1,1,1,0,1,
135800,0.000000,0.500000,30.000000,1,1,1,0,1,
135900,0.000000,0.500000,30.000000,1,1,1,0,1,
136000,0.000000,0.500000,30.000000,1,1,1,0,1,
136100,0.000000,0.500000,30.000000,1,1,1,0,1,
136200,0.000000,0.500000,30.000000,1,1,1,0,1,
136300,0.000000,0.500000,30.000000,1,1,1,0,1,
136400,0.000000,0.500000,30.000000,1,1,1,0,1,
136500,0.000000,0.500000,30.000000,1,1,1,0,1,
136600,0.000000,0.500000,30.000000,1,1,1,0,1,
136700,0.000000,0.500000,30.000000,1,1,1,0,1,
136800,0.000000,0.500000,30.000000,1,1,1,0,1,
136900,0.000000,0.500000,30.000000,1,1,1,0,1,
137000,0.000000,0.500000,30.000000,1,1,1,0,1,
137100,0.000000,0.500000,30.000000,1,1,1,0,1,
137200,0.000000,0.500000,30.000000,1,1,1,0,1,
137300,0.000000,0.500000,30.000000,1,1,1,0,1,
137400,0.000000,0.500000,30.000000,1,1,1,0,1,
137500,0.000000,0.500000,30.000000,1,1,1,0,1,
137600,0.000000,0.500000,30.000000,1,1,1,0,1,
137700,0.000000,0.500000,30.000000,1,1,1,0,1,
137800,0.000000,0.500000,30.000000,1,1,1,0,1,
137900,0.000000,0.500000,30.000000,1,1,1,0,1,
138000,0.000000,0.500000,30.000000,1,1,1,0,1,
138100,0.000000,0.500000,30.000000,1,1,1,0,1,
138200,0.000000,0.500000,30.000000,1,1,1,0,1,
138300,0.000000,0.500000,30.000000,1,1,1,0,1,
138400,0.000000,0.500000,30.000000,1,1,1,0,1,
138500,0.000000,0.500000,30.000000,1,1,1,0,1,
138600,0.000000,0.500000,30.000000,1,1,1,0,1,
138700,0.000000,0.500000,30.000000,1,1,1,0,1,
138800,0.000000,0.500000,30.000000,1,1,1,0,1,
138900,0.000000,0.500000,30.000000,1,1,1,0,1,
139000,0.000000,0.500000,30.000000,1,1,1,0,1,
139100,0.000000,0.500000,30.000000,1,1,1,0,1,
139200,0.000000,0.500000,30.000000,1,1,1,0,1,
139300,0.000000,0.500000,30.000000,1,1,1,0,1,
139400,0.000000,0.500000,30.000000,1,1,1,0,1,
139500,0.000000,0.500000,30.000000,1,1,1,0,1,
139600,0.000000,0.500000,30.000000,1,1,1,0,1,
139700,0.000000,0.500000,30.000000,1,1,1,0,1,
139800,0.000000,0.500000,30.000000,1,1,1,0,1,
139900,0.000000,0.500000,30.000000,1,1,1,0,1,
140000,0.000000,0.500000,30.000000,1,1,1,0,1,
140100,0.000000,0.500000,30.000000,1,1,1,0,1,
140200,0.000000,0.500000,30.000000,1,1,1,0,1,
140300,0.000000,0.500000,30.000000,1,1,1,0,1,
140400,0.000000,0.500000,30.000000,1,1,1,0,1,
140500,0.000000,0.500000,30.000000,1,1,1,0,1,
140600,0.000000,0.500000,30.000000,1,1,1,0,1,
140700,0.000000,0.500000,30.000000,1,1,1,0,1,
140800,0.000000,0.500000,30.000000,1,1,1,0,1,
140900,0.000000,0.500000,30.000000,1,1,1,0,1,
141000,0.000000,0.500000,30.000000,1,1,1,0,1,
141100,0.000000,0.500000,30.000000,1,1,1,0,1,
141200,0.000000,0.500000,30.000000,1,1,1,0,1,
141300,0.000000,0.500000,30.000000,1,1,1,0,1,
141400,0.000000,0.500000,30.000000,1,1,1,0,1,
141500,0.000000,0.500000,30.000000,1,1,1,0,1,
141600,0.000000,0.500000,30.000000,1,1,1,0,1,
141700,0.000000,0.500000,30.000000,1,1,1,0,1,
141800,0.000000,0.500000,30.000000,1,1,1,0,1,
141900,0.000000,0.500000,30.000000,1,1,1,0,1,
142000,0.000000,0.500000,30.000000,1,1,1,0,1,
142100,0.000000,0.500000,30.000000,1,1,1,0,1,
142200,0.000000,0.500000,30.000000,1,1,1,0,1,
142300,0.000000,0.500000,30.000000,1,1,1,0,1,
142400,0.000000,0.500000,30.000000,1,1,1,0,1,
142500,0.000000,0.500000,30.000000,1,1,1,0,1,
142600,0.000000,0.500000,30.000000,1,1,1,0,1,
142700,0.000000,0.500000,30.000000,1,1,1,0,1,
142800,0.000000,0.500000,30.000000,1,1,1,0,1,
142900,0.000000,0.500000,30.000000,1,1,1,0,1,
143000,0.000000,0.500000,30.000000,1,1,1,0,1,
143100,0.000000,0.500000,30.000000,1,1,1,0,1,
143200,0.000000,0.500000,30.000000,1,1,1,0,1,
143300,0.000000,0.500000,30.000000,1,1,1,0,1,
143400,0.000000,0.500000,30.000000,1,1,1,0,1,
143500,0.000000,0.500000,30.000000,1,1,1,0,1,
143600,0.000000,0.500000,30.000000,1,1,1,0,1,
143700,0.000000,0.500000,30.000000,1,1,1,0,1,
143800,0.000000,0.500000,30.000000,1,1,1,0,1,
143900,0.000000,0.500000,30.000000,1,1,1,0,1,
144000,0.000000,0.500000,30.000000,1,1,1,0,1,
144100,0.000000,0.500000,30.000000,1,1,1,0,1,
144200,0.000000,0.500000,30.000000,1,1,1,0,1,
144300,0.000000,0.500000,30.000000,1,1,1,0,1,
144400,0.000000,0.500000,30.000000,1,1,1,0,1,
144500,0.000000,0.500000,30.000000,1,1,1,0,1,
144600,0.000000,0.500000,30.000000,1,1,1,0,1,
144700,0.000000,0.500000,30.000000,1,1,1,0,1,
144800,0.000000,0.500000,30.000000,1,1,1,0,1,
144900,0.000000,0.500000,30.000000,1,1,1,0,1,
145000,0.000000,0.500000,30.000000,1,1,1,0,1,
145100,0.000000,0.500000,30.000000,1,1,1,0,1,
145200,0.000000,0.500000,30.000000,1,1,1,0,1,
145300,0.000000,0.500000,30.000000,1,1,1,0,1,
145400,0.000000,0.500000,30.000000,1,1,1,0,1,
145500,0.000000,0.500000,30.000000,1,1,1,0,1,
145600,0.000000,0.500000,30.000000,1,1,1,0,1,
145700,0.000000,0.500000,30.000000,1,1,1,0,1,
145800,0.000000,0.500000,30.000000,1,1,1,0,1,
145900,0.000000,0.500000,30.000000,1,1,1,0,1,
146000,0.000000,0.500000,30.000000,1,1,1,0,1,
146100,0.000000,0.500000,30.000000,1,1,1,0,1,
146200,0.000000,0.500000,30.000000,1,1,1,0,1,
146300,0.000000,0.500000,30.000000,1,1,1,0,1,
146400,0.000000,0.500000,30.000000,1,1,1,0,1,
146500,0.000000,0.500000,30.000000,1,1,1,0,1,
146600,0.000000,0.500000,30.000000,1,1,1,0,1,
146700,0.000000,0.500000,30.000000,1,1,1,0,1,
146800,0.000000,0.500000,30.000000,1,1,1,0,1,
146900,0.000000,0.500000,30.000000,1,1,1,0,1,
147000,0.000000,0.500000,30.000000,1,1,1,0,1,
147100,0.000000,0.500000,30.000000,1,1,1,0,1,
147200,0.000000,0.500000,30.000000,1,1,1,0,1,
147300,0.000000,0.500000,30.000000,1,1,1,0,1,
147400,0.000000,0.500000,30.000000,1,1,1,0,1,
147500,0.000000,0.500000,30.000000,1,1,1,0,1,
147600,0.000000,0.500000,30.000000,1,1,1,0,1,
147700,0.000000,0.500000,30.000000,1,1,1,0,1,
147800,0.000000,0.500000,30.000000,1,1,1,0,1,
147900,0.000000,0.500000,30.000000,1,1,1,0,1,
148000,0.000000,0.500000,30.000000,1,1,1,0,1,
148100,0.000000,0.500000,30.000000,1,1,1,0,1,
148200,0.000000,0.500000,30.000000,1,1,1,0,1,
148300,0.000000,0.500000,30.000000,1,1,1,0,1,
148400,0.000000,0.500000,30.000000,1,1,1,0,1,
148500,0.000000,0.500000,30.000000,1,1,1,0,1,
148600,0.000000,0.500000,30.000000,1,1,1,0,1,
148700,0.000000,0.500000,30.000000,1,1,1,0,1,
148800,0.000000,0.500000,30.000000,1,1,1,0,1,
148900,0.000000,0.500000,30.000000,1,1,1,0,1,
149000,0.000000,0.500000,30.000000,1,1,1,0,1,
149100,0.000000,0.500000,30.000000,1,1,1,0,1,
149200,0.000000,0.500000,30.000000,1,1,1,0,1,
149300,0.000000,0.500000,30.000000,1,1,1,0,1,
149400,0.000000,0.500000,30.000000,1,1,1,0,1,
149500,0.000000,0.500000,30.000000,1,1,1,0,1,
149600,0.000000,0.500000,30.000000,1,1,1,0,1,
149700,0.000000,0.500000,30.000000,1,1,1,0,1,
149800,0.000000,0.500000,30.000000,1,1,1,0,1,
149900,0.000000,0.500000,30.000000,1,1,1,0,1,
150000,0.000000,0.500000,30.000000,1,1,1,0,1,
150100,0.000000,0.500000,30.000000,1,1,1,0,1,
150200,0.000000,0.500000,30.000000,1,1,1,0,1,
150300,0.000000,0.500000,30.000000,1,1,1,0,1,
150400,0.000000,0.500000,30.000000,1,1,1,0,1,
150500,0.000000,0.500000,30.000000,1,1,1,0,1,
150600,0.000000,0.500000,30.000000,1,1,1,0,1,
150700,0.000000,0.500000,30.000000,1,1,1,0,1,
150800,0.000000,0.500000,30.000000,1,1,1,0,1,
150900,0.000000,0.500000,30.000000,1,1,1,0,1,
151000,0.000000,0.500000,30.000000,1,1,1,0,1,
151100,0.000000,0.500000,30.000000,1,1,1,0,1,
151200,0.000000,0.500000,30.000000,1,1,1,0,1,
151300,0.000000,0.500000,30.000000,1,1,1,0,1,
151400,0.000000,0.500000,30.000000,1,1,1,0,1,
151500,0.000000,0.500000,30.000000,1,1,1,0,1,
151600,0.000000,0.500000,30.000000,1,1,1,0,1,
151700,0.000000,0.500000,30.000000,1,1,1,0,1,
151800,0.000000,0.500000,30.000000,1,1,1,0,1,
151900,0.000000,0.500000,30.000000,1,1,1,0,1,
152000,0.000000,0.500000,30.000000,1,1,1,0,1,
152100,0.000000,0.500000,30.000000,1,1,1,0,1,
152200,0.000000,0.500000,30.000000,1,1,1,0,1,
152300,0.000000,0.500000,30.000000,1,1,1,0,1,
152400,0.000000,0.500000,30.000000,1,1,1,0,1,
152500,0.000000,0.500000,30.000000,1,1,1,0,1,
152600,0.000000,0.500000,30.000000,1,1,1,0,1,
152700,0.000000,0.500000,30.000000,1,1,1,0,1,
152800,0.000000,0.500000,30.000000,1,1,1,0,1,
152900,0.000000,0.500000,30.000000,1,1,1,0,1,
153000,0.000000,0.500000,30.000000,1,1,1,0,1,
153100,0.000000,0.500000,30.000000,1,1,1,0,1,
153200,0.000000,0.500000,30.000000,1,1,1,0,1,
153300,0.000000,0.500000,30.000000,1,1,1,0,1,
153400,0.000000,0.500000,30.000000,1,1,1,0,1,
153500,0.000000,0.500000,30.000000,1,1,1,0,1,
153600,0.000000,0.500000,30.000000,1,1,1,0,1,
153700,0.000000,0.500000,30.000000,1,1,1,0,1,
153800,0.000000,0.500000,30.000000,1,1,1,0,1,
153900,0.000000,0.500000,30.000000,1,1,1,0,1,
154000,0.000000,0.500000,30.000000,1,1,1,0,1,
154100,0.000000,0.500000,30.000000,1,1,1,0,1,
154200,0.000000,0.500000,30.000000,1,1,1,0,1,
154300,0.000000,0.500000,30.000000,1,1,1,0,1,
154400,0.000000,0.500000,30.000000,1,1,1,0,1,
154500,0.000000,0.500000,30.000000,1,1,1,0,1,
154600,0.000000,0.500000,30.000000,1,1,1,0,1,
154700,0.000000,0.500000,30.000000,1,1,1,0,1,
154800,0.000000,0.500000,30.000000,1,1,1,0,1,
154900,0.000000,0.500000,30.000000,1,1,1,0,1,
155000,0.000000,0.500000,30.000000,1,1,1,0,1,
155100,0.000000,0.500000,30.000000,1,1,1,0,1,
155200,0.000000,0.500000,30.000000,1,1,1,0,1,
155300,0.000000,0.500000,30.000000,1,1,1,0,1,
155400,0.000000,0.500000,30.000000,1,1,1,0,1,
155500,0.000000,0.500000,30.000000,1,1,1,0,1,
155600,0.000000,0.500000,30.000000,1,1,1,0,1,
155700,0.000000,0.500000,30.000000,1,1,1,0,1,
155800,0.000000,0.500000,30.000000,1,1,1,0,1,
155900,0.000000,0.500000,30.000000,1,1,1,0,1,
156000,0.000000,0.500000,30.000000,1,1,1,0,1,
156100,0.000000,0.500000,30.000000,1,1,1,0,1,
156200,0.000000,0.500000,30.000000,1,1,1,0,1,
156300,0.000000,0.500000,30.000000,1,1,1,0,1,
156400,0.000000,0.500000,30.000000,1,1,1,0,1,
156500,0.000000,0.500000,30.000000,1,1,1,0,1,
156600,0.000000,0.500000,30.000000,1,1,1,0,1,
156700,0.000000,0.500000,30.000000,1,1,1,0,1,
156800,0.000000,0.500000,30.000000,1,1,1,0,1,
156900,0.000000,0.500000,30.000000,1,1,1,0,1,
157000,0.000000,0.500000,30.000000,1,1,1,0,1,
157100,0.000000,0.500000,30.000000,1,1,1,0,1,
157200,0.000000,0.500000,30.000000,1,1,1,0,1,
157300,0.000000,0.500000,30.000000,1,1,1,0,1,
157400,0.000000,0.500000,30.000000,1,1,1,0,1,
157500,0.000000,0.500000,30.000000,1,1,1,0,1,
157600,0.000000,0.500000,30.000000,1,1,1,0,1,
157700,0.000000,0.500000,30.000000,1,1,1,0,1,
157800,0.000000,0.500000,30.000000,1,1,1,0,1,
157900,0.000000,0.500000,30.000000,1,1,1,0,1,
158000,0.000000,0.500000,30.000000,1,1,1,0,1,
158100,0.000000,0.500000,30.000000,1,1,1,0,1,
158200,0.000000,0.500000,30.000000,1,1,1,0,1,
158300,0.000000,0.500000,30.000000,1,1,1,0,1,
158400,0.000000,0.500000,30.000000,1,1,1,0,1,
158500,0.000000,0.500000,30.000000,1,1,1,0,1,
158600,0.000000,0.500000,30.000000,1,1,1,0,1,
158700,0.000000,0.500000,30.000000,1,1,1,0,1,
158800,0.000000,0.500000,30.000000,1,1,1,0,1,
158900,0.000000,0.500000,30.000000,1,1,1,0,1,
159000,0.000000,0.500000,30.000000,1,1,1,0,1,
159100,0.000000,0.500000,30.000000,1,1,1,0,1,
159200,0.000000,0.500000,30.000000,1,1,1,0,1,
159300,0.000000,0.500000,30.000000,1,1,1,0,1,
159400,0.000000,0.500000,30.000000,1,1,1,0,1,
159500,0.000000,0.500000,30.000000,1,1,1,0,1,
159600,0.000000,0.500000,30.000000,1,1,1,0,1,
159700,0.000000,0.500000,30.000000,1,1,1,0,1,
159800,0.000000,0.500000,30.000000,1,1,1,0,1,
159900,0.000000,0.500000,30.000000,1,1,1,0,1,
160000,0.000000,0.500000,30.000000,1,1,1,0,1,
160100,0.000000,0.500000,30.000000,1,1,1,0,1,
160200,0.000000,0.500000,30.000000,1,1,1,0,1,
160300,0.000000,0.500000,30.000000,1,1,1,0,1,
160400,0.000000,0.500000,30.000000,1,1,1,0,1,
160500,0.000000,0.500000,30.000000,1,1,1,0,1,
160600,0.000000,0.500000,30.000000,1,1,1,0,1,
160700,0.000000,0.500000,30.000000,1,1,1,0,1,
160800,0.000000,0.500000,30.000000,1,1,1,0,1,
160900,0.000000,0.500000,30.000000,1,1,1,0,1,
161000,0.000000,0.500000,30.000000,1,1,1,0,1,
161100,0.000000,0.500000,30.000000,1,1,1,0,1,
161200,0.000000,0.500000,30.000000,1,1,1,0,1,
161300,0.000000,0.500000,30.000000,1,1,1,0,1,
161400,0.000000,0.500000,30.000000,1,1,1,0,1,
161500,0.000000,0.500000,30.000000,1,1,1,0,1,
161600,0.000000,0.500000,30.000000,1,1,1,0,1,
161700,0.000000,0.500000,30.000000,1,1,1,0,1,
161800,0.000000,0.500000,30.000000,1,1,1,0,1,
161900,0.000000,0.500000,30.000000,1,1,1,0,1,
162000,0.000000,0.500000,30.000000,1,1,1,0,1,
162100,0.000000,0.500000,30.000000,1,1,1,0,1,
162200,0.000000,0.500000,30.000000,1,1,1,0,1,
162300,0.000000,0.500000,30.000000,1,1,1,0,1,
162400,0.000000,0.500000,30.000000,1,1,1,0,1,
162500,0.000000,0.500000,30.000000,1,1,1,0,1,
162600,0.000000,0.500000,30.000000,1,1,1,0,1,
162700,0.000000,0.500000,30.000000,1,1,1,0,1,
162800,0.000000,0.500000,30.000000,1,1,1,0,1,
162900,0.000000,0.500000,30.000000,1,1,1,0,1,
163000,0.000000,0.500000,30.000000,1,1,1,0,1,
163100,0.000000,0.500000,30.000000,1,1,1,0,1,
163200,0.000000,0.500000,30.000000,1,1,1,0,1,
163300,0.000000,0.500000,30.000000,1,1,1,0,1,
163400,0.000000,0.500000,30.000000,1,1,1,0,1,
163500,0.000000,0.500000,30.000000,1,1,1,0,1,
163600,0.000000,0.500000,30.000000,1,1,1,0,1,
163700,0.000000,0.500000,30.000000,1,1,1,0,1,
163800,0.000000,0.500000,30.000000,1,1,1,0,1,
163900,0.000000,0.500000,30.000000,1,1,1,0,1,
164000,0.000000,0.500000,30.000000,1,1,1,0,1,
164100,0.000000,0.500000,30.000000,1,1,1,0,1,
164200,0.000000,0.500000,30.000000,1,1,1,0,1,
164300,0.000000,0.500000,30.000000,1,1,1,0,1,
164400,0.000000,0.500000,30.000000,1,1,1,0,1,
164500,0.000000,0.500000,30.000000,1,1,1,0,1,
164600,0.000000,0.500000,30.000000,1,1,1,0,1,
164700,0.000000,0.500000,30.000000,1,1,1,0,1,
164800,0.000000,0.500000,30.000000,1,1,1,0,1,
164900,0.000000,0.500000,30.000000,1,1,1,0,1,
165000,0.000000,0.500000,30.000000,1,1,1,0,1,
165100,0.000000,0.500000,30.000000,1,1,1,0,1,
165200,0.000000,0.500000,30.000000,1,1,1,0,1,
165300,0.000000,0.500000,30.000000,1,1,1,0,1,
165400,0.000000,0.500000,30.000000,1,1,1,0,1,
165500,0.000000,0.500000,30.000000,1,1,1,0,1,
165600,0.000000,0.500000,30.000000,1,1,1,0,1,
165700,0.000000,0.500000,30.000000,1,1,1,0,1,
165800,0.000000,0.500000,30.000000,1,1,1,0,1,
165900,0.000000,0.500000,30.000000,1,1,1,0,1,
166000,0.000000,0.500000,30.000000,1,1,1,0,1,
166100,0.000000,0.500000,30.000000,1,1,1,0,1,
166200,0.000000,0.500000,30.000000,1,1,1,0,1,
166300,0.000000,0.500000,30.000000,1,1,1,0,1,
166400,0.000000,0.500000,30.000000,1,1,1,0,1,
166500,0.000000,0.500000,30.000000,1,1,1,0,1,
166600,0.000000,0.500000,30.000000,1,1,1,0,1,
166700,0.000000,0.500000,30.000000,1,1,1,0,1,
166800,0.000000,0.500000,30.000000,1,1,1,0,1,
166900,0.000000,0.500000,30.000000,1,1,1,0,1,
167000,0.000000,0.500000,30.000000,1,1,1,0,1,
167100,0.000000,0.500000,30.000000,1,1,1,0,1,
167200,0.000000,0.500000,30.000000,1,1,1,0,1,
167300,0.000000,0.500000,30.000000,1,1,1,0,1,
167400,0.000000,0.500000,30.000000,1,1,1,0,1,
167500,0.000000,0.500000,30.000000,1,1,1,0,1,
167600,0.000000,0.500000,30.000000,1,1,1,0,1,
167700,0.000000,0.500000,30.000000,1,1,1,0,1,
167800,0.000000,0.500000,30.000000,1,1,1,0,1,
167900,0.000000,0.500000,30.000000,1,1,1,0,1,
168000,0.000000,0.500000,30.000000,1,1,1,0,1,
168100,0.000000,0.500000,30.000000,1,1,1,0,1,
168200,0.000000,0.500000,30.000000,1,1,1,0,1,
168300,0.000000,0.500000,30.000000,1,1,1,0,1,
168400,0.000000,0.500000,30.000000,1,1,1,0,1,
168500,0.000000,0.500000,30.000000,1,1,1,0,1,
168600,0.000000,0.500000,30.000000,1,1,1,0,1,
168700,0.000000,0.500000,30.000000,1,1,1,0,1,
168800,0.000000,0.500000,30.000000,1,1,1,0,1,
168900,0.000000,0.500000,30.000000,1,1,1,0,1,
169000,0.000000,0.500000,30.000000,1,1,1,0,1,
169100,0.000000,0.500000,30.000000,1,1,1,0,1,
169200,0.000000,0.500000,30.000000,1,1,1,0,1,
169300,0.000000,0.500000,30.000000,1,1,1,0,1,
169400,0.000000,0.500000,30.000000,1,1,1,0,1,
169500,0.000000,0.500000,30.000000,1,1,1,0,1,
169600,0.000000,0.500000,30.000000,1,1,1,0,1,
169700,0.000000,0.500000,30.000000,1,1,1,0,1,
169800,0.000000,0.500000,30.000000,1,1,1,0,1,
169900,0.000000,0.500000,30.000000,1,1,1,0,1,
170000,0.000000,0.500000,30.000000,1,1,1,0,1,
170100,0.000000,0.500000,30.000000,1,1,1,0,1,
170200,0.000000,0.500000,30.000000,1,1,1,0,1,
170300,0.000000,0.500000,30.000000,1,1,1,0,1,
170400,0.000000,0.500000,30.000000,1,1,1,0,1,
170500,0.000000,0.500000,30.000000,1,1,1,0,1,
170600,0.000000,0.500000,30.000000,1,1,1,0,1,
170700,0.000000,0.500000,30.000000,1,1,1,0,1,
170800,0.000000,0.500000,30.000000,1,1,1,0,1,
170900,0.000000,0.500000,30.000000,1,1,1,0,1,
171000,0.000000,0.500000,30.000000,1,1,1,0,1,
171100,0.000000,0.500000,30.000000,1,1,1,0,1,
171200,0.000000,0.500000,30.000000,1,1,1,0,1,
171300,0.000000,0.500000,30.000000,1,1,1,0,1,
171400,0.000000,0.500000,30.000000,1,1,1,0,1,
171500,0.000000,0.500000,30.000000,1,1,1,0,1,
171600,0.000000,0.500000,30.000000,1,1,1,0,1,
171700,0.000000,0.500000,30.000000,1,1,1,0,1,
171800,0.000000,0.500000,30.000000,1,1,1,0,1,
171900,0.000000,0.500000,30.000000,1,1,1,0,1,
172000,0.000000,0.500000,30.000000,1,1,1,0,1,
172100,0.000000,0.500000,30.000000,1,1,1,0,1,
172200,0.000000,0.500000,30.000000,1,1,1,0,1,
172300,0.000000,0.500000,30.000000,1,1,1,0,1,
172400,0.000000,0.500000,30.000000,1,1,1,0,1,
172500,0.000000,0.500000,30.000000,1,1,1,0,1,
172600,0.000000,0.500000,30.000000,1,1,1,0,1,
172700,0.000000,0.500000,30.000000,1,1,1,0,1,
172800,0.000000,0.500000,30.000000,1,1,1,0,1,
172900,0.000000,0.500000,30.000000,1,1,1,0,1,
173000,0.000000,0.500000,30.000000,1,1,1,0,1,
173100,0.000000,0.500000,30.000000,1,1,1,0,1,
173200,0.000000,0.500000,30.000000,1,1,1,0,1,
173300,0.000000,0.500000,30.000000,1,1,1,0,1,
173400,0.000000,0.500000,30.000000,1,1,1,0,1,
173500,0.000000,0.500000,30.000000,1,1,1,0,1,
173600,0.000000,0.500000,30.000000,1,1,1,0,1,
173700,0.000000,0.500000,30.000000,1,1,1,0,1,
173800,0.000000,0.500000,30.000000,1,1,1,0,1,
173900,0.000000,0.500000,30.000000,1,1,1,0,1,
174000,0.000000,0.500000,30.000000,1,1,1,0,1,
174100,0.000000,0.500000,30.000000,1,1,1,0,1,
174200,0.000000,0.500000,30.000000,1,1,1,0,1,
174300,0.000000,0.500000,30.000000,1,1,1,0,1,
174400,0.000000,0.500000,30.000000,1,1,1,0,1,
174500,0.000000,0.500000,30.000000,1,1,1,0,1,
174600,0.000000,0.500000,30.000000,1,1,1,0,1,
174700,0.000000,0.500000,30.000000,1,1,1,0,1,
174800,0.000000,0.500000,30.000000,1,1,1,0,1,
174900,0.000000,0.500000,30.000000,1,1,1,0,1,
175000,0.000000,0.500000,30.000000,1,1,1,0,1,
175100,0.000000,0.500000,30.000000,1,1,1,0,1,
175200,0.000000,0.500000,30.000000,1,1,1,0,1,
175300,0.000000,0.500000,30.000000,1,1,1,0,1,
175400,0.000000,0.500000,30.000000,1,1,1,0,1,
175500,0.000000,0.500000,30.000000,1,1,1,0,1,
175600,0.000000,0.500000,30.000000,1,1,1,0,1,
175700,0.000000,0.500000,30.000000,1,1,1,0,1,
175800,0.000000,0.500000,30.000000,1,1,1,0,1,
175900,0.000000,0.500000,30.000000,1,1,1,0,1,
176000,0.000000,0.500000,30.000000,1,1,1,0,1,
176100,0.000000,0.500000,30.000000,1,1,1,0,1,
176200,0.000000,0.500000,30.000000,1,1,1,0,1,
176300,0.000000,0.500000,30.000000,1,1,1,0,1,
176400,0.000000,0.500000,30.000000,1,1,1,0,1,
176500,0.000000,0.500000,30.000000,1,1,1,0,1,
176600,0.000000,0.500000,30.000000,1,1,1,0,1,
176700,0.000000,0.500000,30.000000,1,1,1,0,1,
176800,0.000000,0.500000,30.000000,1,1,1,0,1,
176900,0.000000,0.500000,30.000000,1,1,1,0,1,
177000,0.000000,0.500000,30.000000,1,1,1,0,1,
177100,0.000000,0.500000,30.000000,1,1,1,0,1,
177200,0.000000,0.500000,30.000000,1,1,1,0,1,
177300,0.000000,0.500000,30.000000,1,1,1,0,1,
177400,0.000000,0.500000,30.000000,1,1,1,0,1,
177500,0.000000,0.500000,30.000000,1,1,1,0,1,
177600,0.000000,0.500000,30.000000,1,1,1,0,1,
177700,0.000000,0.500000,30.000000,1,1,1,0,1,
177800,0.000000,0.500000,30.000000,1,1,1,0,1,
177900,0.000000,0.500000,30.000000,1,1,1,0,1,
178000,0.000000,0.500000,30.000000,1,1,1,0,1,
178100,0.000000,0.500000,30.000000,1,1,1,0,1,
178200,0.000000,0.500000,30.000000,1,1,1,0,1,
178300,0.000000,0.500000,30.000000,1,1,1,0,1,
178400,0.000000,0.500000,30.000000,1,1,1,0,1,
178500,0.000000,0.500000,30.000000,1,1,1,0,1,
178600,0.000000,0.500000,30.000000,1,1,1,0,1,
178700,0.000000,0.500000,30.000000,1,1,1,0,1,
178800,0.000000,0.500000,30.000000,1,1,1,0,1,
178900,0.000000,0.500000,30.000000,1,1,1,0,1,
179000,0.000000,0.500000,30.000000,1,1,1,0,1,
179100,0.000000,0.500000,30.000000,1,1,1,0,1,
179200,0.000000,0.500000,30.000000,1,1,1,0,1,
179300,0.000000,0.500000,30.000000,1,1,1,0,1,
179400,0.000000,0.500000,30.000000,1,1,1,0,1,
179500,0.000000,0.500000,30.000000,1,1,1,0,1,
179600,0.000000,0.500000,30.000000,1,1,1,0,1,
179700,0.000000,0.500000,30.000000,1,1,1,0,1,
179800,0.000000,0.500000,30.000000,1,1,1,0,1,
179900,0.000000,0.500000,30.000000,1,1,1,0,1,
180000,0.000000,0.500000,30.000000,1,1,1,0,1,
180100,0.000000,0.500000,30.000000,1,1,1,0,1,
180200,0.000000,0.500000,30.000000,1,1,1,0,1,
180300,0.000000,0.500000,30.000000,1,1,1,0,1,
180400,0.000000,0.500000,30.000000,1,1,1,0,1,
180500,0.000000,0.500000,30.000000,1,1,1,0,1,
180600,0.000000,0.500000,30.000000,1,1,1,0,1,
180700,0.000000,0.500000,30.000000,1,1,1,0,1,
180800,0.000000,0.500000,30.000000,1,1,1,0,1,
180900,0.000000,0.500000,30.000000,1,1,1,0,1,
181000,0.000000,0.500000,30.000000,1,1,1,0,1,
181100,0.000000,0.500000,30.000000,1,1,1,0,1,
181200,0.000000,0.500000,30.000000,1,1,1,0,1,
181300,0.000000,0.500000,30.000000,1,1,1,0,1,
181400,0.000000,0.500000,30.000000,1,1,1,0,1,
181500,0.000000,0.500000,30.000000,1,1,1,0,1,
181600,0.000000,0.500000,30.000000,1,1,1,0,1,
181700,0.000000,0.500000,30.000000,1,1,1,0,1,
181800,0.000000,0.500000,30.000000,1,1,1,0,1,
181900,0.000000,0.500000,30.000000,1,1,1,0,1,
182000,0.000000,0.500000,30.000000,1,1,1,0,1,
182100,0.000000,0.500000,30.000000,1,1,1,0,1,
182200,0.000000,0.500000,30.000000,1,1,1,0,1,
182300,0.000000,0.500000,30.000000,1,1,1,0,1,
182400,0.000000,0.500000,30.000000,1,1,1,0,1,
182500,0.000000,0.500000,30.000000,1,1,1,0,1,
182600,0.000000,0.500000,30.000000,1,1,1,0,1,
182700,0.000000,0.500000,30.000000,1,1,1,0,1,
182800,0.000000,0.500000,30.000000,1,1,1,0,1,
182900,0.000000,0.500000,30.000000,1,1,1,0,1,
183000,0.000000,0.500000,30.000000,1,1,1,0,1,
183100,0.000000,0.500000,30.000000,1,1,1,0,1,
183200,0.000000,0.500000,30.000000,1,1,1,0,1,
183300,0.000000,0.500000,30.000000,1,1,1,0,1,
183400,0.000000,0.500000,30.000000,1,1,1,0,1,
183500,0.000000,0.500000,30.000000,1,1,1,0,1,
183600,0.000000,0.500000,30.000000,1,1,1,0,1,
183700,0.000000,0.500000,30.000000,1,1,1,0,1,
183800,0.000000,0.500000,30.000000,1,1,1,0,1,
183900,0.000000,0.500000,30.000000,1,1,1,0,1,
184000,0.000000,0.500000,30.000000,1,1,1,0,1,
184100,0.000000,0.500000,30.000000,1,1,1,0,1,
184200,0.000000,0.500000,30.000000,1,1,1,0,1,
184300,0.000000,0.500000,30.000000,1,1,1,0,1,
184400,0.000000,0.500000,30.000000,1,1,1,0,1,
184500,0.000000,0.500000,30.000000,1,1,1,0,1,
184600,0.000000,0.500000,30.000000,1,1,1,0,1,
184700,0.000000,0.500000,30.000000,1,1,1,0,1,
184800,0.000000,0.500000,30.000000,1,1,1,0,1,
184900,0.000000,0.500000,30.000000,1,1,1,0,1,
185000,0.000000,0.500000,30.000000,1,1,1,0,1,
185100,0.000000,0.500000,30.000000,1,1,1,0,1,
185200,0.000000,0.500000,30.000000,1,1,1,0,1,
185300,0.000000,0.500000,30.000000,1,1,1,0,1,
185400,0.000000,0.500000,30.000000,1,1,1,0,1,
185500,0.000000,0.500000,30.000000,1,1,1,0,1,
185600,0.000000,0.500000,30.000000,1,1,1,0,1,
185700,0.000000,0.500000,30.000000,1,1,1,0,1,
185800,0.000000,0.500000,30.000000,1,1,1,0,1,
185900,0.000000,0.500000,30.000000,1,1,1,0,1,
186000,0.000000,0.500000,30.000000,1,1,1,0,1,
186100,0.000000,0.500000,30.000000,1,1,1,0,1,
186200,0.000000,0.500000,30.000000,1,1,1,0,1,
186300,0.000000,0.500000,30.000000,1,1,1,0,1,
186400,0.000000,0.500000,30.000000,1,1,1,0,1,
186500,0.000000,0.500000,30.000000,1,1,1,0,1,
186600,0.000000,0.500000,30.000000,1,1,1,0,1,
186700,0.000000,0.500000,30.000000,1,1,1,0,1,
186800,0.000000,0.500000,30.000000,1,1,1,0,1,
186900,0.000000,0.500000,30.000000,1,1,1,0,1,
187000,0.000000,0.500000,30.000000,1,1,1,0,1,
187100,0.000000,0.500000,30.000000,1,1,1,0,1,
187200,0.000000,0.500000,30.000000,1,1,1,0,1,
187300,0.000000,0.500000,30.000000,1,1,1,0,1,
187400,0.000000,0.500000,30.000000,1,1,1,0,1,
187500,0.000000,0.500000,30.000000,1,1,1,0,1,
187600,0.000000,0.500000,30.000000,1,1,1,0,1,
187700,0.000000,0.500000,30.000000,1,1,1,0,1,
187800,0.000000,0.500000,30.000000,1,1,1,0,1,
187900,0.000000,0.500000,30.000000,1,1,1,0,1,
188000,0.000000,0.500000,30.000000,1,1,1,0,1,
188100,0.000000,0.500000,30.000000,1,1,1,0,1,
188200,0.000000,0.500000,30.000000,1,1,1,0,1,
188300,0.000000,0.500000,30.000000,1,1,1,0,1,
188400,0.000000,0.500000,30.000000,1,1,1,0,1,
188500,0.000000,0.500000,30.000000,1,1,1,0,1,
188600,0.000000,0.500000,30.000000,1,1,1,0,1,
188700,0.000000,0.500000,30.000000,1,1,1,0,1,
188800,0.000000,0.500000,30.000000,1,1,1,0,1,
188900,0.000000,0.500000,30.000000,1,1,1,0,1,
189000,0.000000,0.500000,30.000000,1,1,1,0,1,
189100,0.000000,0.500000,30.000000,1,1,1,0,1,
189200,0.000000,0.500000,30.000000,1,1,1,0,1,
189300,0.000000,0.500000,30.000000,1,1,1,0,1,
189400,0.000000,0.500000,30.000000,1,1,1,0,1,
189500,0.000000,0.500000,30.000000,1,1,1,0,1,
189600,0.000000,0.500000,30.000000,1,1,1,0,1,
189700,0.000000,0.500000,30.000000,1,1,1,0,1,
189800,0.000000,0.500000,30.000000,1,1,1,0,1,
189900,0.000000,0.500000,30.000000,1,1,1,0,1,
190000,0.000000,0.500000,30.000000,1,1,1,0,1,
190100,0.000000,0.500000,30.000000,1,1,1,0,1,
190200,0.000000,0.500000,30.000000,1,1,1,0,1,
190300,0.000000,0.500000,30.000000,1,1,1,0,1,
190400,0.000000,0.500000,30.000000,1,1,1,0,1,
190500,0.000000,0.500000,30.000000,1,1,1,0,1,
190600,0.000000,0.500000,30.000000,1,1,1,0,1,
190700,0.000000,0.500000,30.000000,1,1,1,0,1,
190800,0.000000,0.500000,30.000000,1,1,1,0,1,
190900,0.000000,0.500000,30.000000,1,1,1,0,1,
191000,0.000000,0.500000,30.000000,1,1,1,0,1,
191100,0.000000,0.500000,30.000000,1,1,1,0,1,
191200,0.000000,0.500000,30.000000,1,1,1,0,1,
191300,0.000000,0.500000,30.000000,1,1,1,0,1,
191400,0.000000,0.500000,30.000000,1,1,1,0,1,
191500,0.000000,0.500000,30.000000,1,1,1,0,1,
191600,0.000000,0.500000,30.000000,1,1,1,0,1,
191700,0.000000,0.500000,30.000000,1,1,1,0,1,
191800,0.000000,0.500000,30.000000,1,1,1,0,1,
191900,0.000000,0.500000,30.000000,1,1,1,0,1,
192000,0.000000,0.500000,30.000000,1,1,1,0,1,
192100,0.000000,0.500000,30.000000,1,1,1,0,1,
192200,0.000000,0.500000,30.000000,1,1,1,0,1,
192300,0.000000,0.500000,30.000000,1,1,1,0,1,
192400,0.000000,0.500000,30.000000,1,1,1,0,1,
192500,0.000000,0.500000,30.000000,1,1,1,0,1,
192600,0.000000,0.500000,30.000000,1,1,1,0,1,
192700,0.000000,0.500000,30.000000,1,1,1,0,1,
192800,0.000000,0.500000,30.000000,1,1,1,0,1,
192900,0.000000,0.500000,30.000000,1,1,1,0,1,
193000,0.000000,0.500000,30.000000,1,1,1,0,1,
193100,0.000000,0.500000,30.000000,1,1,1,0,1,
193200,0.000000,0.500000,30.000000,1,1,1,0,1,
193300,0.000000,0.500000,30.000000,1,1,1,0,1,
193400,0.000000,0.500000,30.000000,1,1,1,0,1,
193500,0.000000,0.500000,30.000000,1,1,1,0,1,
193600,0.000000,0.500000,30.000000,1,1,1,0,1,
193700,0.000000,0.500000,30.000000,1,1,1,0,1,
193800,0.000000,0.500000,30.000000,1,1,1,0,1,
193900,0.000000,0.500000,30.000000,1,1,1,0,1,
194000,0.000000,0.500000,30.000000,1,1,1,0,1,
194100,0.000000,0.500000,30.000000,1,1,1,0,1,
194200,0.000000,0.500000,30.000000,1,1,1,0,1,
194300,0.000000,0.500000,30.000000,1,1,1,0,1,
194400,0.000000,0.500000,30.000000,1,1,1,0,1,
194500,0.000000,0.500000,30.000000,1,1,1,0,1,
194600,0.000000,0.500000,30.000000,1,1,1,0,1,
194700,0.000000,0.500000,30.000000,1,1,1,0,1,
194800,0.000000,0.500000,30.000000,1,1,1,0,1,
194900,0.000000,0.500000,30.000000,1,1,1,0,1,
195000,0.000000,0.500000,30.000000,1,1,1,0,1,
195100,0.000000,0.500000,30.000000,1,1,1,0,1,
195200,0.000000,0.500000,30.000000,1,1,1,0,1,
195300,0.000000,0.500000,30.000000,1,1,1,0,1,
195400,0.000000,0.500000,30.000000,1,1,1,0,1,
195500,0.000000,0.500000,30.000000,1,1,1,0,1,
195600,0.000000,0.500000,30.000000,1,1,1,0,1,
195700,0.000000,0.500000,30.000000,1,1,1,0,1,
195800,0.000000,0.500000,30.000000,1,1,1,0,1,
195900,0.000000,0.500000,30.000000,1,1,1,0,1,
196000,0.000000,0.500000,30.000000,1,1,1,0,1,
196100,0.000000,0.500000,30.000000,1,1,1,0,1,
196200,0.000000,0.500000,30.000000,1,1,1,0,1,
196300,0.000000,0.500000,30.000000,1,1,1,0,1,
196400,0.000000,0.500000,30.000000,1,1,1,0,1,
196500,0.000000,0.500000,30.000000,1,1,1,0,1,
196600,0.000000,0.500000,30.000000,1,1,1,0,1,
196700,0.000000,0.500000,30.000000,1,1,1,0,1,
196800,0.000000,0.500000,30.000000,1,1,1,0,1,
196900,0.000000,0.500000,30.000000,1,1,1,0,1,
197000,0.000000,0.500000,30.000000,1,1,1,0,1,
197100,0.000000,0.500000,30.000000,1,1,1,0,1,
197200,0.000000,0.500000,30.000000,1,1,1,0,1,
197300,0.000000,0.500000,30.000000,1,1,1,0,1,
197400,0.000000,0.500000,30.000000,1,1,1,0,1,
197500,0.000000,0.500000,30.000000,1,1,1,0,1,
197600,0.000000,0.500000,30.000000,1,1,1,0,1,
197700,0.000000,0.500000,30.000000,1,1,1,0,1,
197800,0.000000,0.500000,30.000000,1,1,1,0,1,
197900,0.000000,0.500000,30.000000,1,1,1,0,1,
198000,0.000000,0.500000,30.000000,1,1,1,0,1,
198100,0.000000,0.500000,30.000000,1,1,1,0,1,
198200,0.000000,0.500000,30.000000,1,1,1,0,1,
198300,0.000000,0.500000,30.000000,1,1,1,0,1,
198400,0.000000,0.500000,30.000000,1,1,1,0,1,
198500,0.000000,0.500000,30.000000,1,1,1,0,1,
198600,0.000000,0.500000,30.000000,1,1,1,0,1,
198700,0.000000,0.500000,30.000000,1,1,1,0,1,
198800,0.000000,0.500000,30.000000,1,1,1,0,1,
198900,0.000000,0.500000,30.000000,1,1,1,0,1,
199000,0.000000,0.500000,30.000000,1,1,1,0,1,
199100,0.000000,0.500000,30.000000,1,1,1,0,1,
199200,0.000000,0.500000,30.000000,1,1,1,0,1,
199300,0.000000,0.500000,30.000000,1,1,1,0,1,
199400,0.000000,0.500000,30.000000,1,1,1,0,1,
199500,0.000000,0.500000,30.000000,1,1,1,0,1,
199600,0.000000,0.500000,30.000000,1,1,1,0,1,
199700,0.000000,0.500000,30.000000,1,1,1,0,1,
199800,0.000000,0.500000,30.000000,1,1,1,0,1,
199900,0.000000,0.500000,30.000000,1,1,1,0,1,
200000,0.000000,0.500000,30.000000,1,1,1,0,1,
200100,0.000000,0.500000,30.000000,1,1,1,0,1,
200200,0.000000,0.500000,30.000000,1,1,1,0,1,
200300,0.000000,0.500000,30.000000,1,1,1,0,1,
200400,0.000000,0.500000,30.000000,1,1,1,0,1,
200500,0.000000,0.500000,30.000000,1,1,1,0,1,
200600,0.000000,0.500000,30.000000,1,1,1,0,1,
200700,0.000000,0.500000,30.000000,1,1,1,0,1,
200800,0.000000,0.500000,30.000000,1,1,1,0,1,
200900,0.000000,0.500000,30.000000,1,1,1,0,1,
201000,0.000000,0.500000,30.000000,1,1,1,0,1,
201100,0.000000,0.500000,30.000000,1,1,1,0,1,
201200,0.000000,0.500000,30.000000,1,1,1,0,1,
201300,0.000000,0.500000,30.000000,1,1,1,0,1,
201400,0.000000,0.500000,30.000000,1,1,1,0,1,
201500,0.000000,0.500000,30.000000,1,1,1,0,1,
201600,0.000000,0.500000,30.000000,1,1,1,0,1,
201700,0.000000,0.500000,30.000000,1,1,1,0,1,
201800,0.000000,0.500000,30.000000,1,1,1,0,1,
201900,0.000000,0.500000,30.000000,1,1,1,0,1,
202000,0.000000,0.500000,30.000000,1,1,1,0,1,
202100,0.000000,0.500000,30.000000,1,1,1,0,1,
202200,0.000000,0.500000,30.000000,1,1,1,0,1,
202300,0.000000,0.500000,30.000000,1,1,1,0,1,
202400,0.000000,0.500000,30.000000,1,1,1,0,1,
202500,0.000000,0.500000,30.000000,1,1,1,0,1,
202600,0.000000,0.500000,30.000000,1,1,1,0,1,
202700,0.000000,0.500000,30.000000,1,1,1,0,1,
202800,0.000000,0.500000,30.000000,1,1,1,0,1,
202900,0.000000,0.500000,30.000000,1,1,1,0,1,
203000,0.000000,0.500000,30.000000,1,1,1,0,1,
203100,0.000000,0.500000,30.000000,1,1,1,0,1,
203200,0.000000,0.500000,30.000000,1,1,1,0,1,
203300,0.000000,0.500000,30.000000,1,1,1,0,1,
203400,0.000000,0.500000,30.000000,1,1,1,0,1,
203500,0.000000,0.500000,30.000000,1,1,1,0,1,
203600,0.000000,0.500000,30.000000,1,1,1,0,1,
203700,0.000000,0.500000,30.000000,1,1,1,0,1,
203800,0.000000,0.500000,30.000000,1,1,1,0,1,
203900,0.000000,0.500000,30.000000,1,1,1,0,1,
204000,0.000000,0.500000,30.000000,1,1,1,0,1,
204100,0.000000,0.500000,30.000000,1,1,1,0,1,
204200,0.000000,0.500000,30.000000,1,1,1,0,1,
204300,0.000000,0.500000,30.000000,1,1,1,0,1,
204400,0.000000,0.500000,30.000000,1,1,1,0,1,
204500,0.000000,0.500000,30.000000,1,1,1,0,1,
204600,0.000000,0.500000,30.000000,1,1,1,0,1,
204700,0.000000,0.500000,30.000000,1,1,1,0,1,
204800,0.000000,0.500000,30.000000,1,1,1,0,1,
204900,0.000000,0.500000,30.000000,1,1,1,0,1,
205000,0.000000,0.500000,30.000000,1,1,1,0,1,
205100,0.000000,0.500000,30.000000,1,1,1,0,1,
205200,0.000000,0.500000,30.000000,1,1,1,0,1,
205300,0.000000,0.500000,30.000000,1,1,1,0,1,
205400,0.000000,0.500000,30.000000,1,1,1,0,1,
205500,0.000000,0.500000,30.000000,1,1,1,0,1,
205600,0.000000,0.500000,30.000000,1,1,1,0,1,
205700,0.000000,0.500000,30.000000,1,1,1,0,1,
205800,0.000000,0.500000,30.000000,1,1,1,0,1,
205900,0.000000,0.500000,30.000000,1,1,1,0,1,
206000,0.000000,0.500000,30.000000,1,1,1,0,1,
206100,0.000000,0.500000,30.000000,1,1,1,0,1,
206200,0.000000,0.500000,30.000000,1,1,1,0,1,
206300,0.000000,0.500000,30.000000,1,1,1,0,1,
206400,0.000000,0.500000,30.000000,1,1,1,0,1,
206500,0.000000,0.500000,30.000000,1,1,1,0,1,
206600,0.000000,0.500000,30.000000,1,1,1,0,1,
206700,0.000000,0.500000,30.000000,1,1,1,0,1,
206800,0.000000,0.500000,30.000000,1,1,1,0,1,
206900,0.000000,0.500000,30.000000,1,1,1,0,1,
207000,0.000000,0.500000,30.000000,1,1,1,0,1,
207100,0.000000,0.500000,30.000000,1,1,1,0,1,
207200,0.000000,0.500000,30.000000,1,1,1,0,1,
207300,0.000000,0.500000,30.000000,1,1,1,0,1,
207400,0.000000,0.500000,30.000000,1,1,1,0,1,
207500,0.000000,0.500000,30.000000,1,1,1,0,1,
207600,0.000000,0.500000,30.000000,1,1,1,0,1,
207700,0.000000,0.500000,30.000000,1,1,1,0,1,
207800,0.000000,0.500000,30.000000,1,1,1,0,1,
207900,0.000000,0.500000,30.000000,1,1,1,0,1,
208000,0.000000,0.500000,30.000000,1,1,1,0,1,
208100,0.000000,0.500000,30.000000,1,1,1,0,1,
208200,0.000000,0.500000,30.000000,1,1,1,0,1,
208300,0.000000,0.500000,30.000000,1,1,1,0,1,
208400,0.000000,0.500000,30.000000,1,1,1,0,1,
208500,0.000000,0.500000,30.000000,1,1,1,0,1,
208600,0.000000,0.500000,30.000000,1,1,1,0,1,
208700,0.000000,0.500000,30.000000,1,1,1,0,1,
208800,0.000000,0.500000,30.000000,1,1,1,0,1,
208900,0.000000,0.500000,30.000000,1,1,1,0,1,
209000,0.000000,0.500000,30.000000,1,1,1,0,1,
209100,0.000000,0.500000,30.000000,1,1,1,0,1,
209200,0.000000,0.500000,30.000000,1,1,1,0,1,
209300,0.000000,0.500000,30.000000,1,1,1,0,1,
209400,0.000000,0.500000,30.000000,1,1,1,0,1,
209500,0.000000,0.500000,30.000000,1,1,1,0,1,
209600,0.000000,0.500000,30.000000,1,1,1,0,1,
209700,0.000000,0.500000,30.000000,1,1,1,0,1,
209800,0.000000,0.500000,30.000000,1,1,1,0,1,
209900,0.000000,0.500000,30.000000,1,1,1,0,1,
210000,0.000000,0.500000,30.000000,1,1,1,0,1,
210100,0.000000,0.500000,30.000000,1,1,1,0,1,
210200,0.000000,0.500000,30.000000,1,1,1,0,1,
210300,0.000000,0.500000,30.000000,1,1,1,0,1,
210400,0.000000,0.500000,30.000000,1,1,1,0,1,
210500,0.000000,0.500000,30.000000,1,1,1,0,1,
210600,0.000000,0.500000,30.000000,1,1,1,0,1,
210700,0.000000,0.500000,30.000000,1,1,1,0,1,
210800,0.000000,0.500000,30.000000,1,1,1,0,1,
210900,0.000000,0.500000,30.000000,1,1,1,0,1,
211000,0.000000,0.500000,30.000000,1,1,1,0,1,
211100,0.000000,0.500000,30.000000,1,1,1,0,1,
211200,0.000000,0.500000,30.000000,1,1,1,0,1,
211300,0.000000,0.500000,30.000000,1,1,1,0,1,
211400,0.000000,0.500000,30.000000,1,1,1,0,1,
211500,0.000000,0.500000,30.000000,1,1,1,0,1,
211600,0.000000,0.500000,30.000000,1,1,1,0,1,
211700,0.000000,0.500000,30.000000,1,1,1,0,1,
211800,0.000000,0.500000,30.000000,1,1,1,0,1,
211900,0.000000,0.500000,30.000000,1,1,1,0,1,
212000,0.000000,0.500000,30.000000,1,1,1,0,1,
212100,0.000000,0.500000,30.000000,1,1,1,0,1,
212200,0.000000,0.500000,30.000000,1,1,1,0,1,
212300,0.000000,0.500000,30.000000,1,1,1,0,1,
212400,0.000000,0.500000,30.000000,1,1,1,0,1,
212500,0.000000,0.500000,30.000000,1,1,1,0,1,
212600,0.000000,0.500000,30.000000,1,1,1,0,1,
212700,0.000000,0.500000,30.000000,1,1,1,0,1,
212800,0.000000,0.500000,30.000000,1,1,1,0,1,
212900,0.000000,0.500000,30.000000,1,1,1,0,1,
213000,0.000000,0.500000,30.000000,1,1,1,0,1,
213100,0.000000,0.500000,30.000000,1,1,1,0,1,
213200,0.000000,0.500000,30.000000,1,1,1,0,1,
213300,0.000000,0.500000,30.000000,1,1,1,0,1,
213400,0.000000,0.500000,30.000000,1,1,1,0,1,
213500,0.000000,0.500000,30.000000,1,1,1,0,1,
213600,0.000000,0.500000,30.000000,1,1,1,0,1,
213700,0.000000,0.500000,30.000000,1,1,1,0,1,
213800,0.000000,0.500000,30.000000,1,1,1,0,1,
213900,0.000000,0.500000,30.000000,1,1,1,0,1,
214000,0.000000,0.500000,30.000000,1,1,1,0,1,
214100,0.000000,0.500000,30.000000,1,1,1,0,1,
214200,0.000000,0.500000,30.000000,1,1,1,0,1,
214300,0.000000,0.500000,30.000000,1,1,1,0,1,
214400,0.000000,0.500000,30.000000,1,1,1,0,1,
214500,0.000000,0.500000,30.000000,1,1,1,0,1,
214600,0.000000,0.500000,30.000000,1,1,1,0,1,
214700,0.000000,0.500000,30.000000,1,1,1,0,1,
214800,0.000000,0.500000,30.000000,1,1,1,0,1,
214900,0.000000,0.500000,30.000000,1,1,1,0,1,
215000,0.000000,0.500000,30.000000,1,1,1,0,1,
215100,0.000000,0.500000,30.000000,1,1,1,0,1,
215200,0.000000,0.500000,30.000000,1,1,1,0,1,
215300,0.000000,0.500000,30.000000,1,1,1,0,1,
215400,0.000000,0.500000,30.000000,1,1,1,0,1,
215500,0.000000,0.500000,30.000000,1,1,1,0,1,
215600,0.000000,0.500000,30.000000,1,1,1,0,1,
215700,0.000000,0.500000,30.000000,1,1,1,0,1,
215800,0.000000,0.500000,30.000000,1,1,1,0,1,
215900,0.000000,0.500000,30.000000,1,1,1,0,1,
216000,0.000000,0.500000,30.000000,1,1,1,0,1,
216100,0.000000,0.500000,30.000000,1,1,1,0,1,
216200,0.000000,0.500000,30.000000,1,1,1,0,1,
216300,0.000000,0.500000,30.000000,1,1,1,0,1,
216400,0.000000,0.500000,30.000000,1,1,1,0,1,
216500,0.000000,0.500000,30.000000,1,1,1,0,1,
216600,0.000000,0.500000,30.000000,1,1,1,0,1,
216700,0.000000,0.500000,30.000000,1,1,1,0,1,
216800,0.000000,0.500000,30.000000,1,1,1,0,1,
216900,0.000000,0.500000,30.000000,1,1,1,0,1,
217000,0.000000,0.500000,30.000000,1,1,1,0,1,
217100,0.000000,0.500000,30.000000,1,1,1,0,1,
217200,0.000000,0.500000,30.000000,1,1,1,0,1,
217300,0.000000,0.500000,30.000000,1,1,1,0,1,
217400,0.000000,0.500000,30.000000,1,1,1,0,1,
217500,0.000000,0.500000,30.000000,1,1,1,0,1,
217600,0.000000,0.500000,30.000000,1,1,1,0,1,
217700,0.000000,0.500000,30.000000,1,1,1,0,1,
217800,0.000000,0.500000,30.000000,1,1,1,0,1,
217900,0.000000,0.500000,30.000000,1,1,1,0,1,
218000,0.000000,0.500000,30.000000,1,1,1,0,1,
218100,0.000000,0.500000,30.000000,1,1,1,0,1,
218200,0.000000,0.500000,30.000000,1,1,1,0,1,
218300,0.000000,0.500000,30.000000,1,1,1,0,1,
218400,0.000000,0.500000,30.000000,1,1,1,0,1,
218500,0.000000,0.500000,30.000000,1,1,1,0,1,
218600,0.000000,0.500000,30.000000,1,1,1,0,1,
218700,0.000000,0.500000,30.000000,1,1,1,0,1,
218800,0.000000,0.500000,30.000000,1,1,1,0,1,
218900,0.000000,0.500000,30.000000,1,1,1,0,1,
219000,0.000000,0.500000,30.000000,1,1,1,0,1,
219100,0.000000,0.500000,30.000000,1,1,1,0,1,
219200,0.000000,0.500000,30.000000,1,1,1,0,1,
219300,0.000000,0.500000,30.000000,1,1,1,0,1,
219400,0.000000,0.500000,30.000000,1,1,1,0,1,
219500,0.000000,0.500000,30.000000,1,1,1,0,1,
219600,0.000000,0.500000,30.000000,1,1,1,0,1,
219700,0.000000,0.500000,30.000000,1,1,1,0,1,
219800,0.000000,0.500000,30.000000,1,1,1,0,1,
219900,0.000000,0.500000,30.000000,1,1,1,0,1,
220000,0.000000,0.500000,30.000000,1,1,1,0,1,
220100,0.000000,0.500000,30.000000,1,1,1,0,1,
220200,0.000000,0.500000,30.000000,1,1,1,0,1,
220300,0.000000,0.500000,30.000000,1,1,1,0,1,
220400,0.000000,0.500000,30.000000,1,1,1,0,1,
220500,0.000000,0.500000,30.000000,1,1,1,0,1,
220600,0.000000,0.500000,30.000000,1,1,1,0,1,
220700,0.000000,0.500000,30.000000,1,1,1,0,1,
220800,0.000000,0.500000,30.000000,1,1,1,0,1,
220900,0.000000,0.500000,30.000000,1,1,1,0,1,
221000,0.000000,0.500000,30.000000,1,1,1,0,1,
221100,0.000000,0.500000,30.000000,1,1,1,0,1,
221200,0.000000,0.500000,30.000000,1,1,1,0,1,
221300,0.000000,0.500000,30.000000,1,1,1,0,1,
221400,0.000000,0.500000,30.000000,1,1,1,0,1,
221500,0.000000,0.500000,30.000000,1,1,1,0,1,
221600,0.000000,0.500000,30.000000,1,1,1,0,1,
221700,0.000000,0.500000,30.000000,1,1,1,0,1,
221800,0.000000,0.500000,30.000000,1,1,1,0,1,
221900,0.000000,0.500000,30.000000,1,1,1,0,1,
222000,0.000000,0.500000,30.000000,1,1,1,0,1,
222100,0.000000,0.500000,30.000000,1,1,1,0,1,
222200,0.000000,0.500000,30.000000,1,1,1,0,1,
222300,0.000000,0.500000,30.000000,1,1,1,0,1,
222400,0.000000,0.500000,30.000000,1,1,1,0,1,
222500,0.000000,0.500000,30.000000,1,1,1,0,1,
222600,0.000000,0.500000,30.000000,1,1,1,0,1,
222700,0.000000,0.500000,30.000000,1,1,1,0,1,
222800,0.000000,0.500000,30.000000,1,1,1,0,1,
222900,0.000000,0.500000,30.000000,1,1,1,0,1,
223000,0.000000,0.500000,30.000000,1,1,1,0,1,
223100,0.000000,0.500000,30.000000,1,1,1,0,1,
223200,0.000000,0.500000,30.000000,1,1,1,0,1,
223300,0.000000,0.500000,30.000000,1,1,1,0,1,
223400,0.000000,0.500000,30.000000,1,1,1,0,1,
223500,0.000000,0.500000,30.000000,1,1,1,0,1,
223600,0.000000,0.500000,30.000000,1,1,1,0,1,
223700,0.000000,0.500000,30.000000,1,1,1,0,1,
223800,0.000000,0.500000,30.000000,1,1,1,0,1,
223900,0.000000,0.500000,30.000000,1,1,1,0,1,
224000,0.000000,0.500000,30.000000,1,1,1,0,1,
224100,0.000000,0.500000,30.000000,1,1,1,0,1,
224200,0.000000,0.500000,30.000000,1,1,1,0,1,
224300,0.000000,0.500000,30.000000,1,1,1,0,1,
224400,0.000000,0.500000,30.000000,1,1,1,0,1,
224500,0.000000,0.500000,30.000000,1,1,1,0,1,
224600,0.000000,0.500000,30.000000,1,1,1,0,1,
224700,0.000000,0.500000,30.000000,1,1,1,0,1,
224800,0.000000,0.500000,30.000000,1,1,1,0,1,
224900,0.000000,0.500000,30.000000,1,1,1,0,1,
225000,0.000000,0.500000,30.000000,1,1,1,0,1,
225100,0.000000,0.500000,30.000000,1,1,1,0,1,
225200,0.000000,0.500000,30.000000,1,1,1,0,1,
225300,0.000000,0.500000,30.000000,1,1,1,0,1,
225400,0.000000,0.500000,30.000000,1,1,1,0,1,
225500,0.000000,0.500000,30.000000,1,1,1,0,1,
225600,0.000000,0.500000,30.000000,1,1,1,0,1,
225700,0.000000,0.500000,30.000000,1,1,1,0,1,
225800,0.000000,0.500000,30.000000,1,1,1,0,1,
225900,0.000000,0.500000,30.000000,1,1,1,0,1,
226000,0.000000,0.500000,30.000000,1,1,1,0,1,
226100,0.000000,0.500000,30.000000,1,1,1,0,1,
226200,0.000000,0.500000,30.000000,1,1,1,0,1,
226300,0.000000,0.500000,30.000000,1,1,1,0,1,
226400,0.000000,0.500000,30.000000,1,1,1,0,1,
226500,0.000000,0.500000,30.000000,1,1,1,0,1,
226600,0.000000,0.500000,30.000000,1,1,1,0,1,
226700,0.000000,0.500000,30.000000,1,1,1,0,1,
226800,0.000000,0.500000,30.000000,1,1,1,0,1,
226900,0.000000,0.500000,30.000000,1,1,1,0,1,
227000,0.000000,0.500000,30.000000,1,1,1,0,1,
227100,0.000000,0.500000,30.000000,1,1,1,0,1,
227200,0.000000,0.500000,30.000000,1,1,1,0,1,
227300,0.000000,0.500000,30.000000,1,1,1,0,1,
227400,0.000000,0.500000,30.000000,1,1,1,0,1,
227500,0.000000,0.500000,30.000000,1,1,1,0,1,
227600,0.000000,0.500000,30.000000,1,1,1,0,1,
227700,0.000000,0.500000,30.000000,1,1,1,0,1,
227800,0.000000,0.500000,30.000000,1,1,1,0,1,
227900,0.000000,0.500000,30.000000,1,1,1,0,1,
228000,0.000000,0.500000,30.000000,1,1,1,0,1,
228100,0.000000,0.500000,30.000000,1,1,1,0,1,
228200,0.000000,0.500000,30.000000,1,1,1,0,1,
228300,0.000000,0.500000,30.000000,1,1,1,0,1,
228400,0.000000,0.500000,30.000000,1,1,1,0,1,
228500,0.000000,0.500000,30.000000,1,1,1,0,1,
228600,0.000000,0.500000,30.000000,1,1,1,0,1,
228700,0.000000,0.500000,30.000000,1,1,1,0,1,
228800,0.000000,0.500000,30.000000,1,1,1,0,1,
228900,0.000000,0.500000,30.000000,1,1,1,0,1,
229000,0.000000,0.500000,30.000000,1,1,1,0,1,
229100,0.000000,0.500000,30.000000,1,1,1,0,1,
229200,0.000000,0.500000,30.000000,1,1,1,0,1,
229300,0.000000,0.500000,30.000000,1,1,1,0,1,
229400,0.000000,0.500000,30.000000,1,1,1,0,1,
229500,0.000000,0.500000,30.000000,1,1,1,0,1,
229600,0.000000,0.500000,30.000000,1,1,1,0,1,
229700,0.000000,0.500000,30.000000,1,1,1,0,1,
229800,0.000000,0.500000,30.000000,1,1,1,0,1,
229900,0.000000,0.500000,30.000000,1,1,1,0,1,
230000,0.000000,0.500000,30.000000,1,1,1,0,1,
230100,0.000000,0.500000,30.000000,1,1,1,0,1,
230200,0.000000,0.500000,30.000000,1,1,1,0,1,
230300,0.000000,0.500000,30.000000,1,1,1,0,1,
230400,0.000000,0.500000,30.000000,1,1,1,0,1,
230500,0.000000,0.500000,30.000000,1,1,1,0,1,
230600,0.000000,0.500000,30.000000,1,1,1,0,1,
230700,0.000000,0.500000,30.000000,1,1,1,0,1,
230800,0.000000,0.500000,30.000000,1,1,1,0,1,
230900,0.000000,0.500000,30.000000,1,1,1,0,1,
231000,0.000000,0.500000,30.000000,1,1,1,0,1,
231100,0.000000,0.500000,30.000000,1,1,1,0,1,
231200,0.000000,0.500000,30.000000,1,1,1,0,1,
231300,0.000000,0.500000,30.000000,1,1,1,0,1,
231400,0.000000,0.500000,30.000000,1,1,1,0,1,
231500,0.000000,0.500000,30.000000,1,1,1,0,1,
231600,0.000000,0.500000,30.000000,1,1,1,0,1,
231700,0.000000,0.500000,30.000000,1,1,1,0,1,
231800,0.000000,0.500000,30.000000,1,1,1,0,1,
231900,0.000000,0.500000,30.000000,1,1,1,0,1,
232000,0.000000,0.500000,30.000000,1,1,1,0,1,
232100,0.000000,0.500000,30.000000,1,1,1,0,1,
232200,0.000000,0.500000,30.000000,1,1,1,0,1,
232300,0.000000,0.500000,30.000000,1,1,1,0,1,
232400,0.000000,0.500000,30.000000,1,1,1,0,1,
232500,0.000000,0.500000,30.000000,1,1,1,0,1,
232600,0.000000,0.500000,30.000000,1,1,1,0,1,
232700,0.000000,0.500000,30.000000,1,1,1,0,1,
232800,0.000000,0.500000,30.000000,1,1,1,0,1,
232900,0.000000,0.500000,30.000000,1,1,1,0,1,
233000,0.000000,0.500000,30.000000,1,1,1,0,1,
233100,0.000000,0.500000,30.000000,1,1,1,0,1,
233200,0.000000,0.500000,30.000000,1,1,1,0,1,
233300,0.000000,0.500000,30.000000,1,1,1,0,1,
233400,0.000000,0.500000,30.000000,1,1,1,0,1,
233500,0.000000,0.500000,30.000000,1,1,1,0,1,
233600,0.000000,0.500000,30.000000,1,1,1,0,1,
233700,0.000000,0.500000,30.000000,1,1,1,0,1,
233800,0.000000,0.500000,30.000000,1,1,1,0,1,
233900,0.000000,0.500000,30.000000,1,1,1,0,1,
234000,0.000000,0.500000,30.000000,1,1,1,0,1,
234100,0.000000,0.500000,30.000000,1,1,1,0,1,
234200,0.000000,0.500000,30.000000,1,1,1,0,1,
234300,0.000000,0.500000,30.000000,1,1,1,0,1,
234400,0.000000,0.500000,30.000000,1,1,1,0,1,
234500,0.000000,0.500000,30.000000,1,1,1,0,1,
234600,0.000000,0.500000,30.000000,1,1,1,0,1,
234700,0.000000,0.500000,30.000000,1,1,1,0,1,
234800,0.000000,0.500000,30.000000,1,1,1,0,1,
234900,0.000000,0.500000,30.000000,1,1,1,0,1,
235000,0.000000,0.500000,30.000000,1,1,1,0,1,
235100,0.000000,0.500000,30.000000,1,1,1,0,1,
235200,0.000000,0.500000,30.000000,1,1,1,0,1,
235300,0.000000,0.500000,30.000000,1,1,1,0,1,
235400,0.000000,0.500000,30.000000,1,1,1,0,1,
235500,0.000000,0.500000,30.000000,1,1,1,0,1,
235600,0.000000,0.500000,30.000000,1,1,1,0,1,
235700,0.000000,0.500000,30.000000,1,1,1,0,1,
235800,0.000000,0.500000,30.000000,1,1,1,0,1,
235900,0.000000,0.500000,30.000000,1,1,1,0,1,
236000,0.000000,0.500000,30.000000,1,1,1,0,1,
236100,0.000000,0.500000,30.000000,1,1,1,0,1,
236200,0.000000,0.500000,30.000000,1,1,1,0,1,
236300,0.000000,0.500000,30.000000,1,1,1,0,1,
236400,0.000000,0.500000,30.000000,1,1,1,0,1,
236500,0.000000,0.500000,30.000000,1,1,1,0,1,
236600,0.000000,0.500000,30.000000,1,1,1,0,1,
236700,0.000000,0.500000,30.000000,1,1,1,0,1,
236800,0.000000,0.500000,30.000000,1,1,1,0,1,
236900,0.000000,0.500000,30.000000,1,1,1,0,1,
237000,0.000000,0.500000,30.000000,1,1,1,0,1,
237100,0.000000,0.500000,30.000000,1,1,1,0,1,
237200,0.000000,0.500000,30.000000,1,1,1,0,1,
237300,0.000000,0.500000,30.000000,1,1,1,0,1,
237400,0.000000,0.500000,30.000000,1,1,1,0,1,
237500,0.000000,0.500000,30.000000,1,1,1,0,1,
237600,0.000000,0.500000,30.000000,1,1,1,0,1,
237700,0.000000,0.500000,30.000000,1,1,1,0,1,
237800,0.000000,0.500000,30.000000,1,1,1,0,1,
237900,0.000000,0.500000,30.000000,1,1,1,0,1,
238000,0.000000,0.500000,30.000000,1,1,1,0,1,
238100,0.000000,0.500000,30.000000,1,1,1,0,1,
238200,0.000000,0.500000,30.000000,1,1,1,0,1,
238300,0.000000,0.500000,30.000000,1,1,1,0,1,
238400,0.000000,0.500000,30.000000,1,1,1,0,1,
238500,0.000000,0.500000,30.000000,1,1,1,0,1,
238600,0.000000,0.500000,30.000000,1,1,1,0,1,
238700,0.000000,0.500000,30.000000,1,1,1,0,1,
238800,0.000000,0.500000,30.000000,1,1,1,0,1,
238900,0.000000,0.500000,30.000000,1,1,1,0,1,
239000,0.000000,0.500000,30.000000,1,1,1,0,1,
239100,0.000000,0.500000,30.000000,1,1,1,0,1,
239200,0.000000,0.500000,30.000000,1,1,1,0,1,
239300,0.000000,0.500000,30.000000,1,1,1,0,1,
239400,0.000000,0.500000,30.000000,1,1,1,0,1,
239500,0.000000,0.500000,30.000000,1,1,1,0,1,
239600,0.000000,0.500000,30.000000,1,1,1,0,1,
239700,0.000000,0.500000,30.000000,1,1,1,0,1,
239800,0.000000,0.500000,30.000000,1,1,1,0,1,
239900,0.000000,0.500000,30.000000,1,1,1,0,1,
240000,0.000000,0.500000,30.000000,1,1,1,0,1,
240100,0.000000,0.500000,30.000000,1,1,1,0,1,
240200,0.000000,0.500000,30.000000,1,1,1,0,1,
240300,0.000000,0.500000,30.000000,1,1,1,0,1,
240400,0.000000,0.500000,30.000000,1,1,1,0,1,
240500,0.000000,0.500000,30.000000,1,1,1,0,1,
240600,0.000000,0.500000,30.000000,1,1,1,0,1,
240700,0.000000,0.500000,30.000000,1,1,1,0,1,
240800,0.000000,0.500000,30.000000,1,1,1,0,1,
240900,0.000000,0.500000,30.000000,1,1,1,0,1,
241000,0.000000,0.500000,30.000000,1,1,1,0,1,
241100,0.000000,0.500000,30.000000,1,1,1,0,1,
241200,0.000000,0.500000,30.000000,1,1,1,0,1,
241300,0.000000,0.500000,30.000000,1,1,1,0,1,
241400,0.000000,0.500000,30.000000,1,1,1,0,1,
241500,0.000000,0.500000,30.000000,1,1,1,0,1,
241600,0.000000,0.500000,30.000000,1,1,1,0,1,
241700,0.000000,0.500000,30.000000,1,1,1,0,1,
241800,0.000000,0.500000,30.000000,1,1,1,0,1,
241900,0.000000,0.500000,30.000000,1,1,1,0,1,
242000,0.000000,0.500000,30.000000,1,1,1,0,1,
242100,0.000000,0.500000,30.000000,1,1,1,0,1,
242200,0.000000,0.500000,30.000000,1,1,1,0,1,
242300,0.000000,0.500000,30.000000,1,1,1,0,1,
242400,0.000000,0.500000,30.000000,1,1,1,0,1,
242500,0.000000,0.500000,30.000000,1,1,1,0,1,
242600,0.000000,0.500000,30.000000,1,1,1,0,1,
242700,0.000000,0.500000,30.000000,1,1,1,0,1,
242800,0.000000,0.500000,30.000000,1,1,1,0,1,
242900,0.000000,0.500000,30.000000,1,1,1,0,1,
243000,0.000000,0.500000,30.000000,1,1,1,0,1,
243100,0.000000,0.500000,30.000000,1,1,1,0,1,
243200,0.000000,0.500000,30.000000,1,1,1,0,1,
243300,0.000000,0.500000,30.000000,1,1,1,0,1,
243400,0.000000,0.500000,30.000000,1,1,1,0,1,
243500,0.000000,0.500000,30.000000,1,1,1,0,1,
243600,0.000000,0.500000,30.000000,1,1,1,0,1,
243700,0.000000,0.500000,30.000000,1,1,1,0,1,
243800,0.000000,0.500000,30.000000,1,1,1,0,1,
243900,0.000000,0.500000,30.000000,1,1,1,0,1,
244000,0.000000,0.500000,30.000000,1,1,1,0,1,
244100,0.000000,0.500000,30.000000,1,1,1,0,1,
244200,0.000000,0.500000,30.000000,1,1,1,0,1,
244300,0.000000,0.500000,30.000000,1,1,1,0,1,
244400,0.000000,0.500000,30.000000,1,1,1,0,1,
244500,0.000000,0.500000,30.000000,1,1,1,0,1,
244600,0.000000,0.500000,30.000000,1,1,1,0,1,
244700,0.000000,0.500000,30.000000,1,1,1,0,1,
244800,0.000000,0.500000,30.000000,1,1,1,0,1,
244900,0.000000,0.500000,30.000000,1,1,1,0,1,
245000,0.000000,0.500000,30.000000,1,1,1,0,1,
245100,0.000000,0.500000,30.000000,1,1,1,0,1,
245200,0.000000,0.500000,30.000000,1,1,1,0,1,
245300,0.000000,0.500000,30.000000,1,1,1,0,1,
245400,0.000000,0.500000,30.000000,1,1,1,0,1,
245500,0.000000,0.500000,30.000000,1,1,1,0,1,
245600,0.000000,0.500000,30.000000,1,1,1,0,1,
245700,0.000000,0.500000,30.000000,1,1,1,0,1,
245800,0.000000,0.500000,30.000000,1,1,1,0,1,
245900,0.000000,0.500000,30.000000,1,1,1,0,1,
246000,0.000000,0.500000,30.000000,1,1,1,0,1,
246100,0.000000,0.500000,30.000000,1,1,1,0,1,
246200,0.000000,0.500000,30.000000,1,1,1,0,1,
246300,0.000000,0.500000,30.000000,1,1,1,0,1,
246400,0.000000,0.500000,30.000000,1,1,1,0,1,
246500,0.000000,0.500000,30.000000,1,1,1,0,1,
246600,0.000000,0.500000,30.000000,1,1,1,0,1,
246700,0.000000,0.500000,30.000000,1,1,1,0,1,
246800,0.000000,0.500000,30.000000,1,1,1,0,1,
246900,0.000000,0.500000,30.000000,1,1,1,0,1,
247000,0.000000,0.500000,30.000000,1,1,1,0,1,
247100,0.000000,0.500000,30.000000,1,1,1,0,1,
247200,0.000000,0.500000,30.000000,1,1,1,0,1,
247300,0.000000,0.500000,30.000000,1,1,1,0,1,
247400,0.000000,0.500000,30.000000,1,1,1,0,1,
247500,0.000000,0.500000,30.000000,1,1,1,0,1,
247600,0.000000,0.500000,30.000000,1,1,1,0,1,
247700,0.000000,0.500000,30.000000,1,1,1,0,1,
247800,0.000000,0.500000,30.000000,1,1,1,0,1,
247900,0.000000,0.500000,30.000000,1,1,1,0,1,
248000,0.000000,0.500000,30.000000,1,1,1,0,1,
248100,0.000000,0.500000,30.000000,1,1,1,0,1,
248200,0.000000,0.500000,30.000000,1,1,1,0,1,
248300,0.000000,0.500000,30.000000,1,1,1,0,1,
248400,0.000000,0.500000,30.000000,1,1,1,0,1,
248500,0.000000,0.500000,30.000000,1,1,1,0,1,
248600,0.000000,0.500000,30.000000,1,1,1,0,1,
248700,0.000000,0.500000,30.000000,1,1,1,0,1,
248800,0.000000,0.500000,30.000000,1,1,1,0,1,
248900,0.000000,0.500000,30.000000,1,1,1,0,1,
249000,0.000000,0.500000,30.000000,1,1,1,0,1,
249100,0.000000,0.500000,30.000000,1,1,1,0,1,
249200,0.000000,0.500000,30.000000,1,1,1,0,1,
249300,0.000000,0.500000,30.000000,1,1,1,0,1,
249400,0.000000,0.500000,30.000000,1,1,1,0,1,
249500,0.000000,0.500000,30.000000,1,1,1,0,1,
249600,0.000000,0.500000,30.000000,1,1,1,0,1,
249700,0.000000,0.500000,30.000000,1,1,1,0,1,
249800,0.000000,0.500000,30.000000,1,1,1,0,1,
249900,0.000000,0.500000,30.000000,1,1,1,0,1,
250000,0.000000,0.500000,30.000000,1,1,1,0,1,
250100,0.000000,0.500000,30.000000,1,1,1,0,1,
250200,0.000000,0.500000,30.000000,1,1,1,0,1,
250300,0.000000,0.500000,30.000000,1,1,1,0,1,
250400,0.000000,0.500000,30.000000,1,1,1,0,1,
250500,0.000000,0.500000,30.000000,1,1,1,0,1,
250600,0.000000,0.500000,30.000000,1,1,1,0,1,
250700,0.000000,0.500000,30.000000,1,1,1,0,1,
250800,0.000000,0.500000,30.000000,1,1,1,0,1,
250900,0.000000,0.500000,30.000000,1,1,1,0,1,
251000,0.000000,0.500000,30.000000,1,1,1,0,1,
251100,0.000000,0.500000,30.000000,1,1,1,0,1,
251200,0.000000,0.500000,30.000000,1,1,1,0,1,
251300,0.000000,0.500000,30.000000,1,1,1,0,1,
251400,0.000000,0.500000,30.000000,1,1,1,0,1,
251500,0.000000,0.500000,30.000000,1,1,1,0,1,
251600,0.000000,0.500000,30.000000,1,1,1,0,1,
251700,0.000000,0.500000,30.000000,1,1,1,0,1,
251800,0.000000,0.500000,30.000000,1,1,1,0,1,
251900,0.000000,0.500000,30.000000,1,1,1,0,1,
252000,0.000000,0.500000,30.000000,1,1,1,0,1,
252100,0.000000,0.500000,30.000000,1,1,1,0,1,
252200,0.000000,0.500000,30.000000,1,1,1,0,1,
252300,0.000000,0.500000,30.000000,1,1,1,0,1,
252400,0.000000,0.500000,30.000000,1,1,1,0,1,
252500,0.000000,0.500000,30.000000,1,1,1,0,1,
252600,0.000000,0.500000,30.000000,1,1,1,0,1,
252700,0.000000,0.500000,30.000000,1,1,1,0,1,
252800,0.000000,0.500000,30.000000,1,1,1,0,1,
252900,0.000000,0.500000,30.000000,1,1,1,0,1,
253000,0.000000,0.500000,30.000000,1,1,1,0,1,
253100,0.000000,0.500000,30.000000,1,1,1,0,1,
253200,0.000000,0.500000,30.000000,1,1,1,0,1,
253300,0.000000,0.500000,30.000000,1,1,1,0,1,
253400,0.000000,0.500000,30.000000,1,1,1,0,1,
253500,0.000000,0.500000,30.000000,1,1,1,0,1,
253600,0.000000,0.500000,30.000000,1,1,1,0,1,
253700,0.000000,0.500000,30.000000,1,1,1,0,1,
253800,0.000000,0.500000,30.000000,1,1,1,0,1,
253900,0.000000,0.500000,30.000000,1,1,1,0,1,
254000,0.000000,0.500000,30.000000,1,1,1,0,1,
254100,0.000000,0.500000,30.000000,1,1,1,0,1,
254200,0.000000,0.500000,30.000000,1,1,1,0,1,
254300,0.000000,0.500000,30.000000,1,1,1,0,1,
254400,0.000000,0.500000,30.000000,1,1,1,0,1,
254500,0.000000,0.500000,30.000000,1,1,1,0,1,
254600,0.000000,0.500000,30.000000,1,1,1,0,1,
254700,0.000000,0.500000,30.000000,1,1,1,0,1,
254800,0.000000,0.500000,30.000000,1,1,1,0,1,
254900,0.000000,0.500000,30.000000,1,1,1,0,1,
255000,0.000000,0.500000,30.000000,1,1,1,0,1,
255100,0.000000,0.500000,30.000000,1,1,1,0,1,
255200,0.000000,0.500000,30.000000,1,1,1,0,1,
255300,0.000000,0.500000,30.000000,1,1,1,0,1,
255400,0.000000,0.500000,30.000000,1,1,1,0,1,
255500,0.000000,0.500000,30.000000,1,1,1,0,1,
255600,0.000000,0.500000,30.000000,1,1,1,0,1,
255700,0.000000,0.500000,30.000000,1,1,1,0,1,
255800,0.000000,0.500000,30.000000,1,1,1,0,1,
255900,0.000000,0.500000,30.000000,1,1,1,0,1,
256000,0.000000,0.500000,30.000000,1,1,1,0,1,
256100,0.000000,0.500000,30.000000,1,1,1,0,1,
256200,0.000000,0.500000,30.000000,1,1,1,0,1,
256300,0.000000,0.500000,30.000000,1,1,1,0,1,
256400,0.000000,0.500000,30.000000,1,1,1,0,1,
256500,0.000000,0.500000,30.000000,1,1,1,0,1,
256600,0.000000,0.500000,30.000000,1,1,1,0,1,
256700,0.000000,0.500000,30.000000,1,1,1,0,1,
256800,0.000000,0.500000,30.000000,1,1,1,0,1,
256900,0.000000,0.500000,30.000000,1,1,1,0,1,
257000,0.000000,0.500000,30.000000,1,1,1,0,1,
257100,0.000000,0.500000,30.000000,1,1,1,0,1,
257200,0.000000,0.500000,30.000000,1,1,1,0,1,
257300,0.000000,0.500000,30.000000,1,1,1,0,1,
257400,0.000000,0.500000,30.000000,1,1,1,0,1,
257500,0.000000,0.500000,30.000000,1,1,1,0,1,
257600,0.000000,0.500000,30.000000,1,1,1,0,1,
257700,0.000000,0.500000,30.000000,1,1,1,0,1,
257800,0.000000,0.500000,30.000000,1,1,1,0,1,
257900,0.000000,0.500000,30.000000,1,1,1,0,1,
258000,0.000000,0.500000,30.000000,1,1,1,0,1,
258100,0.000000,0.500000,30.000000,1,1,1,0,1,
258200,0.000000,0.500000,30.000000,1,1,1,0,1,
258300,0.000000,0.500000,30.000000,1,1,1,0,1,
258400,0.000000,0.500000,30.000000,1,1,1,0,1,
258500,0.000000,0.500000,30.000000,1,1,1,0,1,
258600,0.000000,0.500000,30.000000,1,1,1,0,1,
258700,0.000000,0.500000,30.000000,1,1,1,0,1,
258800,0.000000,0.500000,30.000000,1,1,1,0,1,
258900,0.000000,0.500000,30.000000,1,1,1,0,1,
259000,0.000000,0.500000,30.000000,1,1,1,0,1,
259100,0.000000,0.500000,30.000000,1,1,1,0,1,
259200,0.000000,0.500000,30.000000,1,1,1,0,1,
259300,0.000000,0.500000,30.000000,1,1,1,0,1,
259400,0.000000,0.500000,30.000000,1,1,1,0,1,
259500,0.000000,0.500000,30.000000,1,1,1,0,1,
259600,0.000000,0.500000,30.000000,1,1,1,0,1,
259700,0.000000,0.500000,30.000000,1,1,1,0,1,
259800,0.000000,0.500000,30.000000,1,1,1,0,1,
259900,0.000000,0.500000,30.000000,1,1,1,0,1,
260000,0.000000,0.500000,30.000000,1,1,1,0,1,
260100,0.000000,0.500000,30.000000,1,1,1,0,1,
260200,0.000000,0.500000,30.000000,1,1,1,0,1,
260300,0.000000,0.500000,30.000000,1,1,1,0,1,
260400,0.000000,0.500000,30.000000,1,1,1,0,1,
260500,0.000000,0.500000,30.000000,1,1,1,0,1,
260600,0.000000,0.500000,30.000000,1,1,1,0,1,
260700,0.000000,0.500000,30.000000,1,1,1,0,1,
260800,0.000000,0.500000,30.000000,1,1,1,0,1,
260900,0.000000,0.500000,30.000000,1,1,1,0,1,
261000,0.000000,0.500000,30.000000,1,1,1,0,1,
261100,0.000000,0.500000,30.000000,1,1,1,0,1,
261200,0.000000,0.500000,30.000000,1,1,1,0,1,
261300,0.000000,0.500000,30.000000,1,1,1,0,1,
261400,0.000000,0.500000,30.000000,1,1,1,0,1,
261500,0.000000,0.500000,30.000000,1,1,1,0,1,
261600,0.000000,0.500000,30.000000,1,1,1,0,1,
261700,0.000000,0.500000,30.000000,1,1,1,0,1,
261800,0.000000,0.500000,30.000000,1,1,1,0,1,
261900,0.000000,0.500000,30.000000,1,1,1,0,1,
262000,0.000000,0.500000,30.000000,1,1,1,0,1,
262100,0.000000,0.500000,30.000000,1,1,1,0,1,
262200,0.000000,0.500000,30.000000,1,1,1,0,1,
262300,0.000000,0.500000,30.000000,1,1,1,0,1,
262400,0.000000,0.500000,30.000000,1,1,1,0,1,
262500,0.000000,0.500000,30.000000,1,1,1,0,1,
262600,0.000000,0.500000,30.000000,1,1,1,0,1,
262700,0.000000,0.500000,30.000000,1,1,1,0,1,
262800,0.000000,0.500000,30.000000,1,1,1,0,1,
262900,0.000000,0.500000,30.000000,1,1,1,0,1,
263000,0.000000,0.500000,30.000000,1,1,1,0,1,
263100,0.000000,0.500000,30.000000,1,1,1,0,1,
263200,0.000000,0.500000,30.000000,1,1,1,0,1,
263300,0.000000,0.500000,30.000000,1,1,1,0,1,
263400,0.000000,0.500000,30.000000,1,1,1,0,1,
263500,0.000000,0.500000,30.000000,1,1,1,0,1,
263600,0.000000,0.500000,30.000000,1,1,1,0,1,
263700,0.000000,0.500000,30.000000,1,1,1,0,1,
263800,0.000000,0.500000,30.000000,1,1,1,0,1,
263900,0.000000,0.500000,30.000000,1,1,1,0,1,
264000,0.000000,0.500000,30.000000,1,1,1,0,1,
264100,0.000000,0.500000,30.000000,1,1,1,0,1,
264200,0.000000,0.500000,30.000000,1,1,1,0,1,
264300,0.000000,0.500000,30.000000,1,1,1,0,1,
264400,0.000000,0.500000,30.000000,1,1,1,0,1,
264500,0.000000,0.500000,30.000000,1,1,1,0,1,
264600,0.000000,0.500000,30.000000,1,1,1,0,1,
264700,0.000000,0.500000,30.000000,1,1,1,0,1,
264800,0.000000,0.500000,30.000000,1,1,1,0,1,
264900,0.000000,0.500000,30.000000,1,1,1,0,1,
265000,0.000000,0.500000,30.000000,1,1,1,0,1,
265100,0.000000,0.500000,30.000000,1,1,1,0,1,
265200,0.000000,0.500000,30.000000,1,1,1,0,1,
265300,0.000000,0.500000,30.000000,1,1,1,0,1,
265400,0.000000,0.500000,30.000000,1,1,1,0,1,
265500,0.000000,0.500000,30.000000,1,1,1,0,1,
265600,0.000000,0.500000,30.000000,1,1,1,0,1,
265700,0.000000,0.500000,30.000000,1,1,1,0,1,
265800,0.000000,0.500000,30.000000,1,1,1,0,1,
265900,0.000000,0.500000,30.000000,1,1,1,0,1,
266000,0.000000,0.500000,30.000000,1,1,1,0,1,
266100,0.000000,0.500000,30.000000,1,1,1,0,1,
266200,0.000000,0.500000,30.000000,1,1,1,0,1,
266300,0.000000,0.500000,30.000000,1,1,1,0,1,
266400,0.000000,0.500000,30.000000,1,1,1,0,1,
266500,0.000000,0.500000,30.000000,1,1,1,0,1,
266600,0.000000,0.500000,30.000000,1,1,1,0,1,
266700,0.000000,0.500000,30.000000,1,1,1,0,1,
266800,0.000000,0.500000,30.000000,1,1,1,0,1,
266900,0.000000,0.500000,30.000000,1,1,1,0,1,
267000,0.000000,0.500000,30.000000,1,1,1,0,1,
267100,0.000000,0.500000,30.000000,1,1,1,0,1,
267200,0.000000,0.500000,30.000000,1,1,1,0,1,
267300,0.000000,0.500000,30.000000,1,1,1,0,1,
267400,0.000000,0.500000,30.000000,1,1,1,0,1,
267500,0.000000,0.500000,30.000000,1,1,1,0,1,
267600,0.000000,0.500000,30.000000,1,1,1,0,1,
267700,0.000000,0.500000,30.000000,1,1,1,0,1,
267800,0.000000,0.500000,30.000000,1,1,1,0,1,
267900,0.000000,0.500000,30.000000,1,1,1,0,1,
268000,0.000000,0.500000,30.000000,1,1,1,0,1,
268100,0.000000,0.500000,30.000000,1,1,1,0,1,
268200,0.000000,0.500000,30.000000,1,1,1,0,1,
268300,0.000000,0.500000,30.000000,1,1,1,0,1,
268400,0.000000,0.500000,30.000000,1,1,1,0,1,
268500,0.000000,0.500000,30.000000,1,1,1,0,1,
268600,0.000000,0.500000,30.000000,1,1,1,0,1,
268700,0.000000,0.500000,30.000000,1,1,1,0,1,
268800,0.000000,0.500000,30.000000,1,1,1,0,1,
268900,0.000000,0.500000,30.000000,1,1,1,0,1,
269000,0.000000,0.500000,30.000000,1,1,1,0,1,
269100,0.000000,0.500000,30.000000,1,1,1,0,1,
269200,0.000000,0.500000,30.000000,1,1,1,0,1,
269300,0.000000,0.500000,30.000000,1,1,1,0,1,
269400,0.000000,0.500000,30.000000,1,1,1,0,1,
269500,0.000000,0.500000,30.000000,1,1,1,0,1,
269600,0.000000,0.500000,30.000000,1,1,1,0,1,
269700,0.000000,0.500000,30.000000,1,1,1,0,1,
269800,0.000000,0.500000,30.000000,1,1,1,0,1,
269900,0.000000,0.500000,30.000000,1,1,1,0,1,
270000,0.000000,0.500000,30.000000,1,1,1,0,1,
270100,0.000000,0.500000,30.000000,1,1,1,0,1,
270200,0.000000,0.500000,30.000000,1,1,1,0,1,
270300,0.000000,0.500000,30.000000,1,1,1,0,1,
270400,0.000000,0.500000,30.000000,1,1,1,0,1,
270500,0.000000,0.500000,30.000000,1,1,1,0,1,
270600,0.000000,0.500000,30.000000,1,1,1,0,1,
270700,0.000000,0.500000,30.000000,1,1,1,0,1,
270800,0.000000,0.500000,30.000000,1,1,1,0,1,
270900,0.000000,0.500000,30.000000,1,1,1,0,1,
271000,0.000000,0.500000,30.000000,1,1,1,0,1,
271100,0.000000,0.500000,30.000000,1,1,1,0,1,
271200,0.000000,0.500000,30.000000,1,1,1,0,1,
271300,0.000000,0.500000,30.000000,1,1,1,0,1,
271400,0.000000,0.500000,30.000000,1,1,1,0,1,
271500,0.000000,0.500000,30.000000,1,1,1,0,1,
271600,0.000000,0.500000,30.000000,1,1,1,0,1,
271700,0.000000,0.500000,30.000000,1,1,1,0,1,
271800,0.000000,0.500000,30.000000,1,1,1,0,1,
271900,0.000000,0.500000,30.000000,1,1,1,0,1,
272000,0.000000,0.500000,30.000000,1,1,1,0,1,
272100,0.000000,0.500000,30.000000,1,1,1,0,1,
272200,0.000000,0.500000,30.000000,1,1,1,0,1,
272300,0.000000,0.500000,30.000000,1,1,1,0,1,
272400,0.000000,0.500000,30.000000,1,1,1,0,1,
272500,0.000000,0.500000,30.000000,1,1,1,0,1,
272600,0.000000,0.500000,30.000000,1,1,1,0,1,
272700,0.000000,0.500000,30.000000,1,1,1,0,1,
272800,0.000000,0.500000,30.000000,1,1,1,0,1,
272900,0.000000,0.500000,30.000000,1,1,1,0,1,
273000,0.000000,0.500000,30.000000,1,1,1,0,1,
273100,0.000000,0.500000,30.000000,1,1,1,0,1,
273200,0.000000,0.500000,30.000000,1,1,1,0,1,
273300,0.000000,0.500000,30.000000,1,1,1,0,1,
273400,0.000000,0.500000,30.000000,1,1,1,0,1,
273500,0.000000,0.500000,30.000000,1,1,1,0,1,
273600,0.000000,0.500000,30.000000,1,1,1,0,1,
273700,0.000000,0.500000,30.000000,1,1,1,0,1,
273800,0.000000,0.500000,30.000000,1,1,1,0,1,
273900,0.000000,0.500000,30.000000,1,1,1,0,1,
274000,0.000000,0.500000,30.000000,1,1,1,0,1,
274100,0.000000,0.500000,30.000000,1,1,1,0,1,
274200,0.000000,0.500000,30.000000,1,1,1,0,1,
274300,0.000000,0.500000,30.000000,1,1,1,0,1,
274400,0.000000,0.500000,30.000000,1,1,1,0,1,
274500,0.000000,0.500000,30.000000,1,1,1,0,1,
274600,0.000000,0.500000,30.000000,1,1,1,0,1,
274700,0.000000,0.500000,30.000000,1,1,1,0,1,
274800,0.000000,0.500000,30.000000,1,1,1,0,1,
274900,0.000000,0.500000,30.000000,1,1,1,0,1,
275000,0.000000,0.500000,30.000000,1,1,1,0,1,
275100,0.000000,0.500000,30.000000,1,1,1,0,1,
275200,0.000000,0.500000,30.000000,1,1,1,0,1,
275300,0.000000,0.500000,30.000000,1,1,1,0,1,
275400,0.000000,0.500000,30.000000,1,1,1,0,1,
275500,0.000000,0.500000,30.000000,1,1,1,0,1,
275600,0.000000,0.500000,30.000000,1,1,1,0,1,
275700,0.000000,0.500000,30.000000,1,1,1,0,1,
275800,0.000000,0.500000,30.000000,1,1,1,0,1,
275900,0.000000,0.500000,30.000000,1,1,1,0,1,
276000,0.000000,0.500000,30.000000,1,1,1,0,1,
276100,0.000000,0.500000,30.000000,1,1,1,0,1,
276200,0.000000,0.500000,30.000000,1,1,1,0,1,
276300,0.000000,0.500000,30.000000,1,1,1,0,1,
276400,0.000000,0.500000,30.000000,1,1,1,0,1,
276500,0.000000,0.500000,30.000000,1,1,1,0,1,
276600,0.000000,0.500000,30.000000,1,1,1,0,1,
276700,0.000000,0.500000,30.000000,1,1,1,0,1,
276800,0.000000,0.500000,30.000000,1,1,1,0,1,
276900,0.000000,0.500000,30.000000,1,1,1,0,1,
277000,0.000000,0.500000,30.000000,1,1,1,0,1,
277100,0.000000,0.500000,30.000000,1,1,1,0,1,
277200,0.000000,0.500000,30.000000,1,1,1,0,1,
277300,0.000000,0.500000,30.000000,1,1,1,0,1,
277400,0.000000,0.500000,30.000000,1,1,1,0,1,
277500,0.000000,0.500000,30.000000,1,1,1,0,1,
277600,0.000000,0.500000,30.000000,1,1,1,0,1,
277700,0.000000,0.500000,30.000000,1,1,1,0,1,
277800,0.000000,0.500000,30.000000,1,1,1,0,1,
277900,0.000000,0.500000,30.000000,1,1,1,0,1,
278000,0.000000,0.500000,30.000000,1,1,1,0,1,
278100,0.000000,0.500000,30.000000,1,1,1,0,1,
278200,0.000000,0.500000,30.000000,1,1,1,0,1,
278300,0.000000,0.500000,30.000000,1,1,1,0,1,
278400,0.000000,0.500000,30.000000,1,1,1,0,1,
278500,0.000000,0.500000,30.000000,1,1,1,0,1,
278600,0.000000,0.500000,30.000000,1,1,1,0,1,
278700,0.000000,0.500000,30.000000,1,1,1,0,1,
278800,0.000000,0.500000,30.000000,1,1,1,0,1,
278900,0.000000,0.500000,30.000000,1,1,1,0,1,
279000,0.000000,0.500000,30.000000,1,1,1,0,1,
279100,0.000000,0.500000,30.000000,1,1,1,0,1,
279200,0.000000,0.500000,30.000000,1,1,1,0,1,
279300,0.000000,0.500000,30.000000,1,1,1,0,1,
279400,0.000000,0.500000,30.000000,1,1,1,0,1,
279500,0.000000,0.500000,30.000000,1,1,1,0,1,
279600,0.000000,0.500000,30.000000,1,1,1,0,1,
279700,0.000000,0.500000,30.000000,1,1,1,0,1,
279800,0.000000,0.500000,30.000000,1,1,1,0,1,
279900,0.000000,0.500000,30.000000,1,1,1,0,1,
280000,0.000000,0.500000,30.000000,1,1,1,0,1,
280100,0.000000,0.500000,30.000000,1,1,1,0,1,
280200,0.000000,0.500000,30.000000,1,1,1,0,1,
280300,0.000000,0.500000,30.000000,1,1,1,0,1,
280400,0.000000,0.500000,30.000000,1,1,1,0,1,
280500,0.000000,0.500000,30.000000,1,1,1,0,1,
280600,0.000000,0.500000,30.000000,1,1,1,0,1,
280700,0.000000,0.500000,30.000000,1,1,1,0,1,
280800,0.000000,0.500000,30.000000,1,1,1,0,1,
280900,0.000000,0.500000,30.000000,1,1,1,0,1,
281000,0.000000,0.500000,30.000000,1,1,1,0,1,
281100,0.000000,0.500000,30.000000,1,1,1,0,1,
281200,0.000000,0.500000,30.000000,1,1,1,0,1,
281300,0.000000,0.500000,30.000000,1,1,1,0,1,
281400,0.000000,0.500000,30.000000,1,1,1,0,1,
281500,0.000000,0.500000,30.000000,1,1,1,0,1,
281600,0.000000,0.500000,30.000000,1,1,1,0,1,
281700,0.000000,0.500000,30.000000,1,1,1,0,1,
281800,0.000000,0.500000,30.000000,1,1,1,0,1,
281900,0.000000,0.500000,30.000000,1,1,1,0,1,
282000,0.000000,0.500000,30.000000,1,1,1,0,1,
282100,0.000000,0.500000,30.000000,1,1,1,0,1,
282200,0.000000,0.500000,30.000000,1,1,1,0,1,
282300,0.000000,0.500000,30.000000,1,1,1,0,1,
282400,0.000000,0.500000,30.000000,1,1,1,0,1,
282500,0.000000,0.500000,30.000000,1,1,1,0,1,
282600,0.000000,0.500000,30.000000,1,1,1,0,1,
282700,0.000000,0.500000,30.000000,1,1,1,0,1,
282800,0.000000,0.500000,30.000000,1,1,1,0,1,
282900,0.000000,0.500000,30.000000,1,1,1,0,1,
283000,0.000000,0.500000,30.000000,1,1,1,0,1,
283100,0.000000,0.500000,30.000000,1,1,1,0,1,
283200,0.000000,0.500000,30.000000,1,1,1,0,1,
283300,0.000000,0.500000,30.000000,1,1,1,0,1,
283400,0.000000,0.500000,30.000000,1,1,1,0,1,
283500,0.000000,0.500000,30.000000,1,1,1,0,1,
283600,0.000000,0.500000,30.000000,1,1,1,0,1,
283700,0.000000,0.500000,30.000000,1,1,1,0,1,
283800,0.000000,0.500000,30.000000,1,1,1,0,1,
283900,0.000000,0.500000,30.000000,1,1,1,0,1,
284000,0.000000,0.500000,30.000000,1,1,1,0,1,
284100,0.000000,0.500000,30.000000,1,1,1,0,1,
284200,0.000000,0.500000,30.000000,1,1,1,0,1,
284300,0.000000,0.500000,30.000000,1,1,1,0,1,
284400,0.000000,0.500000,30.000000,1,1,1,0,1,
284500,0.000000,0.500000,30.000000,1,1,1,0,1,
284600,0.000000,0.500000,30.000000,1,1,1,0,1,
284700,0.000000,0.500000,30.000000,1,1,1,0,1,
284800,0.000000,0.500000,30.000000,1,1,1,0,1,
284900,0.000000,0.500000,30.000000,1,1,1,0,1,
285000,0.000000,0.500000,30.000000,1,1,1,0,1,
285100,0.000000,0.500000,30.000000,1,1,1,0,1,
285200,0.000000,0.500000,30.000000,1,1,1,0,1,
285300,0.000000,0.500000,30.000000,1,1,1,0,1,
285400,0.000000,0.500000,30.000000,1,1,1,0,1,
285500,0.000000,0.500000,30.000000,1,1,1,0,1,
285600,0.000000,0.500000,30.000000,1,1,1,0,1,
285700,0.000000,0.500000,30.000000,1,1,1,0,1,
285800,0.000000,0.500000,30.000000,1,1,1,0,1,
285900,0.000000,0.500000,30.000000,1,1,1,0,1,
286000,0.000000,0.500000,30.000000,1,1,1,0,1,
286100,0.000000,0.500000,30.000000,1,1,1,0,1,
286200,0.000000,0.500000,30.000000,1,1,1,0,1,
286300,0.000000,0.500000,30.000000,1,1,1,0,1,
286400,0.000000,0.500000,30.000000,1,1,1,0,1,
286500,0.000000,0.500000,30.000000,1,1,1,0,1,
286600,0.000000,0.500000,30.000000,1,1,1,0,1,
286700,0.000000,0.500000,30.000000,1,1,1,0,1,
286800,0.000000,0.500000,30.000000,1,1,1,0,1,
286900,0.000000,0.500000,30.000000,1,1,1,0,1,
287000,0.000000,0.500000,30.000000,1,1,1,0,1,
287100,0.000000,0.500000,30.000000,1,1,1,0,1,
287200,0.000000,0.500000,30.000000,1,1,1,0,1,
287300,0.000000,0.500000,30.000000,1,1,1,0,1,
287400,0.000000,0.500000,30.000000,1,1,1,0,1,
287500,0.000000,0.500000,30.000000,1,1,1,0,1,
287600,0.000000,0.500000,30.000000,1,1,1,0,1,
287700,0.000000,0.500000,30.000000,1,1,1,0,1,
287800,0.000000,0.500000,30.000000,1,1,1,0,1,
287900,0.000000,0.500000,30.000000,1,1,1,0,1,
288000,0.000000,0.500000,30.000000,1,1,1,0,1,
288100,0.000000,0.500000,30.000000,1,1,1,0,1,
288200,0.000000,0.500000,30.000000,1,1,1,0,1,
288300,0.000000,0.500000,30.000000,1,1,1,0,1,
288400,0.000000,0.500000,30.000000,1,1,1,0,1,
288500,0.000000,0.500000,30.000000,1,1,1,0,1,
288600,0.000000,0.500000,30.000000,1,1,1,0,1,
288700,0.000000,0.500000,30.000000,1,1,1,0,1,
288800,0.000000,0.500000,30.000000,1,1,1,0,1,
288900,0.000000,0.500000,30.000000,1,1,1,0,1,
289000,0.000000,0.500000,30.000000,1,1,1,0,1,
289100,0.000000,0.500000,30.000000,1,1,1,0,1,
289200,0.000000,0.500000,30.000000,1,1,1,0,1,
289300,0.000000,0.500000,30.000000,1,1,1,0,1,
289400,0.000000,0.500000,30.000000,1,1,1,0,1,
289500,0.000000,0.500000,30.000000,1,1,1,0,1,
289600,0.000000,0.500000,30.000000,1,1,1,0,1,
289700,0.000000,0.500000,30.000000,1,1,1,0,1,
289800,0.000000,0.500000,30.000000,1,1,1,0,1,
289900,0.000000,0.500000,30.000000,1,1,1,0,1,
290000,0.000000,0.500000,30.000000,1,1,1,0,1,
290100,0.000000,0.500000,30.000000,1,1,1,0,1,
290200,0.000000,0.500000,30.000000,1,1,1,0,1,
290300,0.000000,0.500000,30.000000,1,1,1,0,1,
290400,0.000000,0.500000,30.000000,1,1,1,0,1,
290500,0.000000,0.500000,30.000000,1,1,1,0,1,
290600,0.000000,0.500000,30.000000,1,1,1,0,1,
290700,0.000000,0.500000,30.000000,1,1,1,0,1,
290800,0.000000,0.500000,30.000000,1,1,1,0,1,
290900,0.000000,0.500000,30.000000,1,1,1,0,1,
291000,0.000000,0.500000,30.000000,1,1,1,0,1,
291100,0.000000,0.500000,30.000000,1,1,1,0,1,
291200,0.000000,0.500000,30.000000,1,1,1,0,1,
291300,0.000000,0.500000,30.000000,1,1,1,0,1,
291400,0.000000,0.500000,30.000000,1,1,1,0,1,
291500,0.000000,0.500000,30.000000,1,1,1,0,1,
291600,0.000000,0.500000,30.000000,1,1,1,0,1,
291700,0.000000,0.500000,30.000000,1,1,1,0,1,
291800,0.000000,0.500000,30.000000,1,1,1,0,1,
291900,0.000000,0.500000,30.000000,1,1,1,0,1,
292000,0.000000,0.500000,30.000000,1,1,1,0,1,
292100,0.000000,0.500000,30.000000,1,1,1,0,1,
292200,0.000000,0.500000,30.000000,1,1,1,0,1,
292300,0.000000,0.500000,30.000000,1,1,1,0,1,
292400,0.000000,0.500000,30.000000,1,1,1,0,1,
292500,0.000000,0.500000,30.000000,1,1,1,0,1,
292600,0.000000,0.500000,30.000000,1,1,1,0,1,
292700,0.000000,0.500000,30.000000,1,1,1,0,1,
292800,0.000000,0.500000,30.000000,1,1,1,0,1,
292900,0.000000,0.500000,30.000000,1,1,1,0,1,
293000,0.000000,0.500000,30.000000,1,1,1,0,1,
293100,0.000000,0.500000,30.000000,1,1,1,0,1,
293200,0.000000,0.500000,30.000000,1,1,1,0,1,
293300,0.000000,0.500000,30.000000,1,1,1,0,1,
293400,0.000000,0.500000,30.000000,1,1,1,0,1,
293500,0.000000,0.500000,30.000000,1,1,1,0,1,
293600,0.000000,0.500000,30.000000,1,1,1,0,1,
293700,0.000000,0.500000,30.000000,1,1,1,0,1,
293800,0.000000,0.500000,30.000000,1,1,1,0,1,
293900,0.000000,0.500000,30.000000,1,1,1,0,1,
294000,0.000000,0.500000,30.000000,1,1,1,0,1,
294100,0.000000,0.500000,30.000000,1,1,1,0,1,
294200,0.000000,0.500000,30.000000,1,1,1,0,1,
294300,0.000000,0.500000,30.000000,1,1,1,0,1,
294400,0.000000,0.500000,30.000000,1,1,1,0,1,
294500,0.000000,0.500000,30.000000,1,1,1,0,1,
294600,0.000000,0.500000,30.000000,1,1,1,0,1,
294700,0.000000,0.500000,30.000000,1,1,1,0,1,
294800,0.000000,0.500000,30.000000,1,1,1,0,1,
294900,0.000000,0.500000,30.000000,1,1,1,0,1,
295000,0.000000,0.500000,30.000000,1,1,1,0,1,
295100,0.000000,0.500000,30.000000,1,1,1,0,1,
295200,0.000000,0.500000,30.000000,1,1,1,0,1,
295300,0.000000,0.500000,30.000000,1,1,1,0,1,
295400,0.000000,0.500000,30.000000,1,1,1,0,1,
295500,0.000000,0.500000,30.000000,1,1,1,0,1,
295600,0.000000,0.500000,30.000000,1,1,1,0,1,
295700,0.000000,0.500000,30.000000,1,1,1,0,1,
295800,0.000000,0.500000,30.000000,1,1,1,0,1,
295900,0.000000,0.500000,30.000000,1,1,1,0,1,
296000,0.000000,0.500000,30.000000,1,1,1,0,1,
296100,0.000000,0.500000,30.000000,1,1,1,0,1,
296200,0.000000,0.500000,30.000000,1,1,1,0,1,
296300,0.000000,0.500000,30.000000,1,1,1,0,1,
296400,0.000000,0.500000,30.000000,1,1,1,0,1,
296500,0.000000,0.500000,30.000000,1,1,1,0,1,
296600,0.000000,0.500000,30.000000,1,1,1,0,1,
296700,0.000000,0.500000,30.000000,1,1,1,0,1,
296800,0.000000,0.500000,30.000000,1,1,1,0,1,
296900,0.000000,0.500000,30.000000,1,1,1,0,1,
297000,0.000000,0.500000,30.000000,1,1,1,0,1,
297100,0.000000,0.500000,30.000000,1,1,1,0,1,
297200,0.000000,0.500000,30.000000,1,1,1,0,1,
297300,0.000000,0.500000,30.000000,1,1,1,0,1,
297400,0.000000,0.500000,30.000000,1,1,1,0,1,
297500,0.000000,0.500000,30.000000,1,1,1,0,1,
297600,0.000000,0.500000,30.000000,1,1,1,0,1,
297700,0.000000,0.500000,30.000000,1,1,1,0,1,
297800,0.000000,0.500000,30.000000,1,1,1,0,1,
297900,0.000000,0.500000,30.000000,1,1,1,0,1,
298000,0.000000,0.500000,30.000000,1,1,1,0,1,
298100,0.000000,0.500000,30.000000,1,1,1,0,1,
298200,0.000000,0.500000,30.000000,1,1,1,0,1,
298300,0.000000,0.500000,30.000000,1,1,1,0,1,
298400,0.000000,0.500000,30.000000,1,1,1,0,1,
298500,0.000000,0.500000,30.000000,1,1,1,0,1,
298600,0.000000,0.500000,30.000000,1,1,1,0,1,
298700,0.000000,0.500000,30.000000,1,1,1,0,1,
298800,0.000000,0.500000,30.000000,1,1,1,0,1,
298900,0.000000,0.500000,30.000000,1,1,1,0,1,
299000,0.000000,0.500000,30.000000,1,1,1,0,1,
299100,0.000000,0.500000,30.000000,1,1,1,0,1,
299200,0.000000,0.500000,30.000000,1,1,1,0,1,
299300,0.000000,0.500000,30.000000,1,1,1,0,1,
299400,0.000000,0.500000,30.000000,1,1,1,0,1,
299500,0.000000,0.500000,30.000000,1,1,1,0,1,
299600,0.000000,0.500000,30.000000,1,1,1,0,1,
299700,0.000000,0.500000,30.000000,1,1,1,0,1,
299800,0.000000,0.500000,30.000000,1,1,1,0,1,
299900,0.000000,0.500000,30.000000,1,1,1,0,1,
300000,0.000000,0.500000,30.000000,1,1,1,0,1,
300100,0.000000,0.500000,30.000000,1,1,1,0,1,
300200,0.000000,0.500000,30.000000,1,1,1,0,1,
300300,0.000000,0.500000,30.000000,1,1,1,0,1,
300400,0.000000,0.500000,30.000000,1,1,1,0,1,
300500,0.000000,0.500000,30.000000,1,1,1,0,1,
300600,0.000000,0.500000,30.000000,1,1,1,0,1,
300700,0.000000,0.500000,30.000000,1,1,1,0,1,
300800,0.000000,0.500000,30.000000,1,1,1,0,1,
300900,0.000000,0.500000,30.000000,1,1,1,0,1,
301000,0.000000,0.500000,30.000000,1,1,1,0,1,
301100,0.000000,0.500000,30.000000,1,1,1,0,1,
301200,0.000000,0.500000,30.000000,1,1,1,0,1,
301300,0.000000,0.500000,30.000000,1,1,1,0,1,
301400,0.000000,0.500000,30.000000,1,1,1,0,1,
301500,0.000000,0.500000,30.000000,1,1,1,0,1,
301600,0.000000,0.500000,30.000000,1,1,1,0,1,
301700,0.000000,0.500000,30.000000,1,1,1,0,1,
301800,0.000000,0.500000,30.000000,1,1,1,0,1,
301900,0.000000,0.500000,30.000000,1,1,1,0,1,
302000,0.000000,0.500000,30.000000,1,1,1,0,1,
302100,0.000000,0.500000,30.000000,1,1,1,0,1,
302200,0.000000,0.500000,30.000000,1,1,1,0,1,
302300,0.000000,0.500000,30.000000,1,1,1,0,1,
302400,0.000000,0.500000,30.000000,1,1,1,0,1,
302500,0.000000,0.500000,30.000000,1,1,1,0,1,
302600,0.000000,0.500000,30.000000,1,1,1,0,1,
302700,0.000000,0.500000,30.000000,1,1,1,0,1,
302800,0.000000,0.500000,30.000000,1,1,1,0,1,
302900,0.000000,0.500000,30.000000,1,1,1,0,1,
303000,0.000000,0.500000,30.000000,1,1,1,0,1,
303100,0.000000,0.500000,30.000000,1,1,1,0,1,
303200,0.000000,0.500000,30.000000,1,1,1,0,1,
303300,0.000000,0.500000,30.000000,1,1,1,0,1,
303400,0.000000,0.500000,30.000000,1,1,1,0,1,
303500,0.000000,0.500000,30.000000,1,1,1,0,1,
303600,0.000000,0.500000,30.000000,1,1,1,0,1,
303700,0.000000,0.500000,30.000000,1,1,1,0,1,
303800,0.000000,0.500000,30.000000,1,1,1,0,1,
303900,0.000000,0.500000,30.000000,1,1,1,0,1,
304000,0.000000,0.500000,30.000000,1,1,1,0,1,
304100,0.000000,0.500000,30.000000,1,1,1,0,1,
304200,0.000000,0.500000,30.000000,1,1,1,0,1,
304300,0.000000,0.500000,30.000000,1,1,1,0,1,
304400,0.000000,0.500000,30.000000,1,1,1,0,1,
304500,0.000000,0.500000,30.000000,1,1,1,0,1,
304600,0.000000,0.500000,30.000000,1,1,1,0,1,
304700,0.000000,0.500000,30.000000,1,1,1,0,1,
304800,0.000000,0.500000,30.000000,1,1,1,0,1,
304900,0.000000,0.500000,30.000000,1,1,1,0,1,
305000,100.000000,0.500000,30.000000,1,1,1,0,1,
305100,100.000000,0.500000,30.000000,1,1,1,0,1,
305200,100.000000,0.500000,30.000000,1,1,1,0,1,
305300,100.000000,0.500000,30.000000,1,1,1,0,1,
305400,100.000000,0.500000,30.000000,1,1,1,0,1,
305500,100.000000,0.500000,30.000000,1,1,1,0,1,
305600,100.000000,0.500000,30.000000,1,1,1,0,1,
305700,100.000000,0.500000,30.000000,1,1,1,0,1,
305800,100.000000,0.500000,30.000000,1,1,1,0,1,
305900,100.000000,0.500000,30.000000,1,1,1,0,1,
306000,100.000000,0.500000,30.000000,1,1,1,0,1,
306100,100.000000,0.500000,30.000000,1,1,1,0,1,
306200,100.000000,0.500000,30.000000,1,1,1,0,1,
306300,100.000000,0.500000,30.000000,1,1,1,0,1,
306400,100.000000,0.500000,30.000000,1,1,1,0,1,
306500,-25.000000,0.500000,30.000000,1,1,1,0,1,
306600,-25.000000,0.500000,30.000000,1,1,1,0,1,
306700,-25.000000,0.500000,30.000000,1,1,1,0,1,
306800,-25.000000,0.500000,30.000000,1,1,1,0,1,
306900,-25.000000,0.500000,30.000000,1,1,1,0,1,
307000,20.000000,0.500000,30.000000,1,1,1,0,1,
307100,20.000000,0.500000,30.000000,1,1,1,0,1,
307200,20.000000,0.500000,30.000000,1,1,1,0,1,
307300,20.000000,0.500000,30.000000,1,1,1,0,1,
307400,20.000000,0.500000,30.000000,1,1,1,0,1,
307500,20.000000,0.500000,30.000000,1,1,1,0,1,
307600,20.000000,0.500000,30.000000,1,1,1,0,1,
307700,20.000000,0.500000,30.000000,1,1,1,0,1,
307800,20.000000,0.500000,30.000000,1,1,1,0,1,
307900,20.000000,0.500000,30.000000,1,1,1,0,1,
308000,20.000000,0.500000,30.000000,1,1,1,0,1,
308100,20.000000,0.500000,30.000000,1,1,1,0,1,
308200,20.000000,0.500000,30.000000,1,1,1,0,1,
308300,20.000000,0.500000,30.000000,1,1,1,0,1,
308400,20.000000,0.500000,30.000000,1,1,1,0,1,
308500,20.000000,0.500000,30.000000,1,1,1,0,1,
308600,20.000000,0.500000,30.000000,1,1,1,0,1,
308700,20.000000,0.500000,30.000000,1,1,1,0,1,
308800,20.000000,0.500000,30.000000,1,1,1,0,1,
308900,20.000000,0.500000,30.000000,1,1,1,0,1,
309000,20.000000,0.500000,30.000000,1,1,1,0,1,
309100,20.000000,0.500000,30.000000,1,1,1,0,1,
309200,20.000000,0.500000,30.000000,1,1,1,0,1,
309300,20.000000,0.500000,30.000000,1,1,1,0,1,
309400,20.000000,0.500000,30.000000,1,1,1,0,1,
309500,20.000000,0.500000,30.000000,1,1,1,0,1,
309600,20.000000,0.500000,30.000000,1,1,1,0,1,
309700,20.000000,0.500000,30.000000,1,1,1,0,1,
309800,20.000000,0.500000,30.000000,1,1,1,0,1,
309900,20.000000,0.500000,30.000000,1,1,1,0,1,
310000,100.000000,0.500000,30.000000,1,1,1,0,1,
310100,100.000000,0.500000,30.000000,1,1,1,0,1,
310200,100.000000,0.500000,30.000000,1,1,1,0,1,
310300,100.000000,0.500000,30.000000,1,1,1,0,1,
310400,100.000000,0.500000,30.000000,1,1,1,0,1,
310500,100.000000,0.500000,30.000000,1,1,1,0,1,
310600,100.000000,0.500000,30.000000,1,1,1,0,1,
310700,100.000000,0.500000,30.000000,1,1,1,0,1,
310800,100.000000,0.500000,30.000000,1,1,1,0,1,
310900,100.000000,0.500000,30.000000,1,1,1,0,1,
311000,100.000000,0.500000,30.000000,1,1,1,0,1,
311100,100.000000,0.500000,30.000000,1,1,1,0,1,
311200,100.000000,0.500000,30.000000,1,1,1,0,1,
311300,100.000000,0.500000,30.000000,1,1,1,0,1,
311400,100.000000,0.500000,30.000000,1,1,1,0,1,
311500,-25.000000,0.500000,30.000000,1,1,1,0,1,
311600,-25.000000,0.500000,30.000000,1,1,1,0,1,
311700,-25.000000,0.500000,30.000000,1,1,1,0,1,
311800,-25.000000,0.500000,30.000000,1,1,1,0,1,
311900,-25.000000,0.500000,30.000000,1,1,1,0,1,
312000,20.000000,0.500000,30.000000,1,1,1,0,1,
312100,20.000000,0.500000,30.000000,1,1,1,0,1,
312200,20.000000,0.500000,30.000000,1,1,1,0,1,
312300,20.000000,0.500000,30.000000,1,1,1,0,1,
312400,20.000000,0.500000,30.000000,1,1,1,0,1,
312500,20.000000,0.500000,30.000000,1,1,1,0,1,
312600,20.000000,0.500000,30.000000,1,1,1,0,1,
312700,20.000000,0.500000,30.000000,1,1,1,0,1,
312800,20.000000,0.500000,30.000000,1,1,1,0,1,
312900,20.000000,0.500000,30.000000,1,1,1,0,1,
313000,20.000000,0.500000,30.000000,1,1,1,0,1,
313100,20.000000,0.500000,30.000000,1,1,1,0,1,
313200,20.000000,0.500000,30.000000,1,1,1,0,1,
313300,20.000000,0.500000,30.000000,1,1,1,0,1,
313400,20.000000,0.500000,30.000000,1,1,1,0,1,
313500,20.000000,0.500000,30.000000,1,1,1,0,1,
313600,20.000000,0.500000,30.000000,1,1,1,0,1,
313700,20.000000,0.500000,30.000000,1,1,1,0,1,
313800,20.000000,0.500000,30.000000,1,1,1,0,1,
313900,20.000000,0.500000,30.000000,1,1,1,0,1,
314000,20.000000,0.500000,30.000000,1,1,1,0,1,
314100,20.000000,0.500000,30.000000,1,1,1,0,1,
314200,20.000000,0.500000,30.000000,1,1,1,0,1,
314300,20.000000,0.500000,30.000000,1,1,1,0,1,
314400,20.000000,0.500000,30.000000,1,1,1,0,1,
314500,20.000000,0.500000,30.000000,1,1,1,0,1,
314600,20.000000,0.500000,30.000000,1,1,1,0,1,
314700,20.000000,0.500000,30.000000,1,1,1,0,1,
314800,20.000000,0.500000,30.000000,1,1,1,0,1,
314900,20.000000,0.500000,30.000000,1,1,1,0,1,
315000,100.000000,0.500000,30.000000,1,1,1,0,1,
315100,100.000000,0.500000,30.000000,1,1,1,0,1,
315200,100.000000,0.500000,30.000000,1,1,1,0,1,
315300,100.000000,0.500000,30.000000,1,1,1,0,1,
315400,100.000000,0.500000,30.000000,1,1,1,0,1,
315500,100.000000,0.500000,30.000000,1,1,1,0,1,
315600,100.000000,0.500000,30.000000,1,1,1,0,1,
315700,100.000000,0.500000,30.000000,1,1,1,0,1,
315800,100.000000,0.500000,30.000000,1,1,1,0,1,
315900,100.000000,0.500000,30.000000,1,1,1,0,1,
316000,100.000000,0.500000,30.000000,1,1,1,0,1,
316100,100.000000,0.500000,30.000000,1,1,1,0,1,
316200,100.000000,0.500000,30.000000,1,1,1,0,1,
316300,100.000000,0.500000,30.000000,1,1,1,0,1,
316400,100.000000,0.500000,30.000000,1,1,1,0,1,
316500,-25.000000,0.500000,30.000000,1,1,1,0,1,
316600,-25.000000,0.500000,30.000000,1,1,1,0,1,
316700,-25.000000,0.500000,30.000000,1,1,1,0,1,
316800,-25.000000,0.500000,30.000000,1,1,1,0,1,
316900,-25.000000,0.500000,30.000000,1,1,1,0,1,
317000,20.000000,0.500000,30.000000,1,1,1,0,1,
317100,20.000000,0.500000,30.000000,1,1,1,0,1,
317200,20.000000,0.500000,30.000000,1,1,1,0,1,
317300,20.000000,0.500000,30.000000,1,1,1,0,1,
317400,20.000000,0.500000,30.000000,1,1,1,0,1,
317500,20.000000,0.500000,30.000000,1,1,1,0,1,
317600,20.000000,0.500000,30.000000,1,1,1,0,1,
317700,20.000000,0.500000,30.000000,1,1,1,0,1,
317800,20.000000,0.500000,30.000000,1,1,1,0,1,
317900,20.000000,0.500000,30.000000,1,1,1,0,1,
318000,20.000000,0.500000,30.000000,1,1,1,0,1,
318100,20.000000,0.500000,30.000000,1,1,1,0,1,
318200,20.000000,0.500000,30.000000,1,1,1,0,1,
318300,20.000000,0.500000,30.000000,1,1,1,0,1,
318400,20.000000,0.500000,30.000000,1,1,1,0,1,
318500,20.000000,0.500000,30.000000,1,1,1,0,1,
318600,20.000000,0.500000,30.000000,1,1,1,0,1,
318700,20.000000,0.500000,30.000000,1,1,1,0,1,
318800,20.000000,0.500000,30.000000,1,1,1,0,1,
318900,20.000000,0.500000,30.000000,1,1,1,0,1,
319000,20.000000,0.500000,30.000000,1,1,1,0,1,
319100,20.000000,0.500000,30.000000,1,1,1,0,1,
319200,20.000000,0.500000,30.000000,1,1,1,0,1,
319300,20.000000,0.500000,30.000000,1,1,1,0,1,
319400,20.000000,0.500000,30.000000,1,1,1,0,1,
319500,20.000000,0.500000,30.000000,1,1,1,0,1,
319600,20.000000,0.500000,30.000000,1,1,1,0,1,
319700,20.000000,0.500000,30.000000,1,1,1,0,1,
319800,20.000000,0.500000,30.000000,1,1,1,0,1,
319900,20.000000,0.500000,30.000000,1,1,1,0,1,
320000,100.000000,0.500000,30.000000,1,1,1,0,1,
320100,100.000000,0.500000,30.000000,1,1,1,0,1,
320200,100.000000,0.500000,30.000000,1,1,1,0,1,
320300,100.000000,0.500000,30.000000,1,1,1,0,1,
320400,100.000000,0.500000,30.000000,1,1,1,0,1,
320500,100.000000,0.500000,30.000000,1,1,1,0,1,
320600,100.000000,0.500000,30.000000,1,1,1,0,1,
320700,100.000000,0.500000,30.000000,1,1,1,0,1,
320800,100.000000,0.500000,30.000000,1,1,1,0,1,
320900,100.000000,0.500000,30.000000,1,1,1,0,1,
321000,100.000000,0.500000,30.000000,1,1,1,0,1,
321100,100.000000,0.500000,30.000000,1,1,1,0,1,
321200,100.000000,0.500000,30.000000,1,1,1,0,1,
321300,100.000000,0.500000,30.000000,1,1,1,0,1,
321400,100.000000,0.500000,30.000000,1,1,1,0,1,
321500,-25.000000,0.500000,30.000000,1,1,1,0,1,
321600,-25.000000,0.500000,30.000000,1,1,1,0,1,
321700,-25.000000,0.500000,30.000000,1,1,1,0,1,
321800,-25.000000,0.500000,30.000000,1,1,1,0,1,
321900,-25.000000,0.500000,30.000000,1,1,1,0,1,
322000,20.000000,0.500000,30.000000,1,1,1,0,1,
322100,20.000000,0.500000,30.000000,1,1,1,0,1,
322200,20.000000,0.500000,30.000000,1,1,1,0,1,
322300,20.000000,0.500000,30.000000,1,1,1,0,1,
322400,20.000000,0.500000,30.000000,1,1,1,0,1,
322500,20.000000,0.500000,30.000000,1,1,1,0,1,
322600,20.000000,0.500000,30.000000,1,1,1,0,1,
322700,20.000000,0.500000,30.000000,1,1,1,0,1,
322800,20.000000,0.500000,30.000000,1,1,1,0,1,
322900,20.000000,0.500000,30.000000,1,1,1,0,1,
323000,20.000000,0.500000,30.000000,1,1,1,0,1,
323100,20.000000,0.500000,30.000000,1,1,1,0,1,
323200,20.000000,0.500000,30.000000,1,1,1,0,1,
323300,20.000000,0.500000,30.000000,1,1,1,0,1,
323400,20.000000,0.500000,30.000000,1,1,1,0,1,
323500,20.000000,0.500000,30.000000,1,1,1,0,1,
323600,20.000000,0.500000,30.000000,1,1,1,0,1,
323700,20.000000,0.500000,30.000000,1,1,1,0,1,
323800,20.000000,0.500000,30.000000,1,1,1,0,1,
323900,20.000000,0.500000,30.000000,1,1,1,0,1,
324000,20.000000,0.500000,30.000000,1,1,1,0,1,
324100,20.000000,0.500000,30.000000,1,1,1,0,1,
324200,20.000000,0.500000,30.000000,1,1,1,0,1,
324300,20.000000,0.500000,30.000000,1,1,1,0,1,
324400,20.000000,0.500000,30.000000,1,1,1,0,1,
324500,20.000000,0.500000,30.000000,1,1,1,0,1,
324600,20.000000,0.500000,30.000000,1,1,1,0,1,
324700,20.000000,0.500000,30.000000,1,1,1,0,1,
324800,20.000000,0.500000,30.000000,1,1,1,0,1,
324900,20.000000,0.500000,30.000000,1,1,1,0,1,
325000,100.000000,0.500000,30.000000,1,1,1,0,1,
325100,100.000000,0.500000,30.000000,1,1,1,0,1,
325200,100.000000,0.500000,30.000000,1,1,1,0,1,
325300,100.000000,0.500000,30.000000,1,1,1,0,1,
325400,100.000000,0.500000,30.000000,1,1,1,0,1,
325500,100.000000,0.500000,30.000000,1,1,1,0,1,
325600,100.000000,0.500000,30.000000,1,1,1,0,1,
325700,100.000000,0.500000,30.000000,1,1,1,0,1,
325800,100.000000,0.500000,30.000000,1,1,1,0,1,
325900,100.000000,0.500000,30.000000,1,1,1,0,1,
326000,100.000000,0.500000,30.000000,1,1,1,0,1,
326100,100.000000,0.500000,30.000000,1,1,1,0,1,
326200,100.000000,0.500000,30.000000,1,1,1,0,1,
326300,100.000000,0.500000,30.000000,1,1,1,0,1,
326400,100.000000,0.500000,30.000000,1,1,1,0,1,
326500,-25.000000,0.500000,30.000000,1,1,1,0,1,
326600,-25.000000,0.500000,30.000000,1,1,1,0,1,
326700,-25.000000,0.500000,30.000000,1,1,1,0,1,
326800,-25.000000,0.500000,30.000000,1,1,1,0,1,
326900,-25.000000,0.500000,30.000000,1,1,1,0,1,
327000,20.000000,0.500000,30.000000,1,1,1,0,1,
327100,20.000000,0.500000,30.000000,1,1,1,0,1,
327200,20.000000,0.500000,30.000000,1,1,1,0,1,
327300,20.000000,0.500000,30.000000,1,1,1,0,1,
327400,20.000000,0.500000,30.000000,1,1,1,0,1,
327500,20.000000,0.500000,30.000000,1,1,1,0,1,
327600,20.000000,0.500000,30.000000,1,1,1,0,1,
327700,20.000000,0.500000,30.000000,1,1,1,0,1,
327800,20.000000,0.500000,30.000000,1,1,1,0,1,
327900,20.000000,0.500000,30.000000,1,1,1,0,1,
328000,20.000000,0.500000,30.000000,1,1,1,0,1,
328100,20.000000,0.500000,30.000000,1,1,1,0,1,
328200,20.000000,0.500000,30.000000,1,1,1,0,1,
328300,20.000000,0.500000,30.000000,1,1,1,0,1,
328400,20.000000,0.500000,30.000000,1,1,1,0,1,
328500,20.000000,0.500000,30.000000,1,1,1,0,1,
328600,20.000000,0.500000,30.000000,1,1,1,0,1,
328700,20.000000,0.500000,30.000000,1,1,1,0,1,
328800,20.000000,0.500000,30.000000,1,1,1,0,1,
328900,20.000000,0.500000,30.000000,1,1,1,0,1,
329000,20.000000,0.500000,30.000000,1,1,1,0,1,
329100,20.000000,0.500000,30.000000,1,1,1,0,1,
329200,20.000000,0.500000,30.000000,1,1,1,0,1,
329300,20.000000,0.500000,30.000000,1,1,1,0,1,
329400,20.000000,0.500000,30.000000,1,1,1,0,1,
329500,20.000000,0.500000,30.000000,1,1,1,0,1,
329600,20.000000,0.500000,30.000000,1,1,1,0,1,
329700,20.000000,0.500000,30.000000,1,1,1,0,1,
329800,20.000000,0.500000,30.000000,1,1,1,0,1,
329900,20.000000,0.500000,30.000000,1,1,1,0,1,
330000,100.000000,0.500000,30.000000,1,1,1,0,1,
330100,100.000000,0.500000,30.000000,1,1,1,0,1,
330200,100.000000,0.500000,30.000000,1,1,1,0,1,
330300,100.000000,0.500000,30.000000,1,1,1,0,1,
330400,100.000000,0.500000,30.000000,1,1,1,0,1,
330500,100.000000,0.500000,30.000000,1,1,1,0,1,
330600,100.000000,0.500000,30.000000,1,1,1,0,1,
330700,100.000000,0.500000,30.000000,1,1,1,0,1,
330800,100.000000,0.500000,30.000000,1,1,1,0,1,
330900,100.000000,0.500000,30.000000,1,1,1,0,1,
331000,100.000000,0.500000,30.000000,1,1,1,0,1,
331100,100.000000,0.500000,30.000000,1,1,1,0,1,
331200,100.000000,0.500000,30.000000,1,1,1,0,1,
331300,100.000000,0.500000,30.000000,1,1,1,0,1,
331400,100.000000,0.500000,30.000000,1,1,1,0,1,
331500,-25.000000,0.500000,30.000000,1,1,1,0,1,
331600,-25.000000,0.500000,30.000000,1,1,1,0,1,
331700,-25.000000,0.500000,30.000000,1,1,1,0,1,
331800,-25.000000,0.500000,30.000000,1,1,1,0,1,
331900,-25.000000,0.500000,30.000000,1,1,1,0,1,
332000,20.000000,0.500000,30.000000,1,1,1,0,1,
332100,20.000000,0.500000,30.000000,1,1,1,0,1,
332200,20.000000,0.500000,30.000000,1,1,1,0,1,
332300,20.000000,0.500000,30.000000,1,1,1,0,1,
332400,20.000000,0.500000,30.000000,1,1,1,0,1,
332500,20.000000,0.500000,30.000000,1,1,1,0,1,
332600,20.000000,0.500000,30.000000,1,1,1,0,1,
332700,20.000000,0.500000,30.000000,1,1,1,0,1,
332800,20.000000,0.500000,30.000000,1,1,1,0,1,
332900,20.000000,0.500000,30.000000,1,1,1,0,1,
333000,20.000000,0.500000,30.000000,1,1,1,0,1,
333100,20.000000,0.500000,30.000000,1,1,1,0,1,
333200,20.000000,0.500000,30.000000,1,1,1,0,1,
333300,20.000000,0.500000,30.000000,1,1,1,0,1,
333400,20.000000,0.500000,30.000000,1,1,1,0,1,
333500,20.000000,0.500000,30.000000,1,1,1,0,1,
333600,20.000000,0.500000,30.000000,1,1,1,0,1,
333700,20.000000,0.500000,30.000000,1,1,1,0,1,
333800,20.000000,0.500000,30.000000,1,1,1,0,1,
333900,20.000000,0.500000,30.000000,1,1,1,0,1,
334000,20.000000,0.500000,30.000000,1,1,1,0,1,
334100,20.000000,0.500000,30.000000,1,1,1,0,1,
334200,20.000000,0.500000,30.000000,1,1,1,0,1,
334300,20.000000,0.500000,30.000000,1,1,1,0,1,
334400,20.000000,0.500000,30.000000,1,1,1,0,1,
334500,20.000000,0.500000,30.000000,1,1,1,0,1,
334600,20.000000,0.500000,30.000000,1,1,1,0,1,
334700,20.000000,0.500000,30.000000,1,1,1,0,1,
334800,20.000000,0.500000,30.000000,1,1,1,0,1,
334900,20.000000,0.500000,30.000000,1,1,1,0,1,
335000,100.000000,0.500000,30.000000,1,1,1,0,1,
335100,100.000000,0.500000,30.000000,1,1,1,0,1,
335200,100.000000,0.500000,30.000000,1,1,1,0,1,
335300,100.000000,0.500000,30.000000,1,1,1,0,1,
335400,100.000000,0.500000,30.000000,1,1,1,0,1,
335500,100.000000,0.500000,30.000000,1,1,1,0,1,
335600,100.000000,0.500000,30.000000,1,1,1,0,1,
335700,100.000000,0.500000,30.000000,1,1,1,0,1,
335800,100.000000,0.500000,30.000000,1,1,1,0,1,
335900,100.000000,0.500000,30.000000,1,1,1,0,1,
336000,100.000000,0.500000,30.000000,1,1,1,0,1,
336100,100.000000,0.500000,30.000000,1,1,1,0,1,
336200,100.000000,0.500000,30.000000,1,1,1,0,1,
336300,100.000000,0.500000,30.000000,1,1,1,0,1,
336400,100.000000,0.500000,30.000000,1,1,1,0,1,
336500,-25.000000,0.500000,30.000000,1,1,1,0,1,
336600,-25.000000,0.500000,30.000000,1,1,1,0,1,
336700,-25.000000,0.500000,30.000000,1,1,1,0,1,
336800,-25.000000,0.500000,30.000000,1,1,1,0,1,
336900,-25.000000,0.500000,30.000000,1,1,1,0,1,
337000,20.000000,0.500000,30.000000,1,1,1,0,1,
337100,20.000000,0.500000,30.000000,1,1,1,0,1,
337200,20.000000,0.500000,30.000000,1,1,1,0,1,
337300,20.000000,0.500000,30.000000,1,1,1,0,1,
337400,20.000000,0.500000,30.000000,1,1,1,0,1,
337500,20.000000,0.500000,30.000000,1,1,1,0,1,
337600,20.000000,0.500000,30.000000,1,1,1,0,1,
337700,20.000000,0.500000,30.000000,1,1,1,0,1,
337800,20.000000,0.500000,30.000000,1,1,1,0,1,
337900,20.000000,0.500000,30.000000,1,1,1,0,1,
338000,20.000000,0.500000,30.000000,1,1,1,0,1,
338100,20.000000,0.500000,30.000000,1,1,1,0,1,
338200,20.000000,0.500000,30.000000,1,1,1,0,1,
338300,20.000000,0.500000,30.000000,1,1,1,0,1,
338400,20.000000,0.500000,30.000000,1,1,1,0,1,
338500,20.000000,0.500000,30.000000,1,1,1,0,1,
338600,20.000000,0.500000,30.000000,1,1,1,0,1,
338700,20.000000,0.500000,30.000000,1,1,1,0,1,
338800,20.000000,0.500000,30.000000,1,1,1,0,1,
338900,20.000000,0.500000,30.000000,1,1,1,0,1,
339000,20.000000,0.500000,30.000000,1,1,1,0,1,
339100,20.000000,0.500000,30.000000,1,1,1,0,1,
339200,20.000000,0.500000,30.000000,1,1,1,0,1,
339300,20.000000,0.500000,30.000000,1,1,1,0,1,
339400,20.000000,0.500000,30.000000,1,1,1,0,1,
339500,20.000000,0.500000,30.000000,1,1,1,0,1,
339600,20.000000,0.500000,30.000000,1,1,1,0,1,
339700,20.000000,0.500000,30.000000,1,1,1,0,1,
339800,20.000000,0.500000,30.000000,1,1,1,0,1,
339900,20.000000,0.500000,30.000000,1,1,1,0,1,
340000,100.000000,0.500000,30.000000,1,1,1,0,1,
340100,100.000000,0.500000,30.000000,1,1,1,0,1,
340200,100.000000,0.500000,30.000000,1,1,1,0,1,
340300,100.000000,0.500000,30.000000,1,1,1,0,1,
340400,100.000000,0.500000,30.000000,1,1,1,0,1,
340500,100.000000,0.500000,30.000000,1,1,1,0,1,
340600,100.000000,0.500000,30.000000,1,1,1,0,1,
340700,100.000000,0.500000,30.000000,1,1,1,0,1,
340800,100.000000,0.500000,30.000000,1,1,1,0,1,
340900,100.000000,0.500000,30.000000,1,1,1,0,1,
341000,100.000000,0.500000,30.000000,1,1,1,0,1,
341100,100.000000,0.500000,30.000000,1,1,1,0,1,
341200,100.000000,0.500000,30.000000,1,1,1,0,1,
341300,100.000000,0.500000,30.000000,1,1,1,0,1,
341400,100.000000,0.500000,30.000000,1,1,1,0,1,
341500,-25.000000,0.500000,30.000000,1,1,1,0,1,
341600,-25.000000,0.500000,30.000000,1,1,1,0,1,
341700,-25.000000,0.500000,30.000000,1,1,1,0,1,
341800,-25.000000,0.500000,30.000000,1,1,1,0,1,
341900,-25.000000,0.500000,30.000000,1,1,1,0,1,
342000,20.000000,0.500000,30.000000,1,1,1,0,1,
342100,20.000000,0.500000,30.000000,1,1,1,0,1,
342200,20.000000,0.500000,30.000000,1,1,1,0,1,
342300,20.000000,0.500000,30.000000,1,1,1,0,1,
342400,20.000000,0.500000,30.000000,1,1,1,0,1,
342500,20.000000,0.500000,30.000000,1,1,1,0,1,
342600,20.000000,0.500000,30.000000,1,1,1,0,1,
342700,20.000000,0.500000,30.000000,1,1,1,0,1,
342800,20.000000,0.500000,30.000000,1,1,1,0,1,
342900,20.000000,0.500000,30.000000,1,1,1,0,1,
343000,20.000000,0.500000,30.000000,1,1,1,0,1,
343100,20.000000,0.500000,30.000000,1,1,1,0,1,
343200,20.000000,0.500000,30.000000,1,1,1,0,1,
343300,20.000000,0.500000,30.000000,1,1,1,0,1,
343400,20.000000,0.500000,30.000000,1,1,1,0,1,
343500,20.000000,0.500000,30.000000,1,1,1,0,1,
343600,20.000000,0.500000,30.000000,1,1,1,0,1,
343700,20.000000,0.500000,30.000000,1,1,1,0,1,
343800,20.000000,0.500000,30.000000,1,1,1,0,1,
343900,20.000000,0.500000,30.000000,1,1,1,0,1,
344000,20.000000,0.500000,30.000000,1,1,1,0,1,
344100,20.000000,0.500000,30.000000,1,1,1,0,1,
344200,20.000000,0.500000,30.000000,1,1,1,0,1,
344300,20.000000,0.500000,30.000000,1,1,1,0,1,
344400,20.000000,0.500000,30.000000,1,1,1,0,1,
344500,20.000000,0.500000,30.000000,1,1,1,0,1,
344600,20.000000,0.500000,30.000000,1,1,1,0,1,
344700,20.000000,0.500000,30.000000,1,1,1,0,1,
344800,20.000000,0.500000,30.000000,1,1,1,0,1,
344900,20.000000,0.500000,30.000000,1,1,1,0,1,
345000,100.000000,0.500000,30.000000,1,1,1,0,1,
345100,100.000000,0.500000,30.000000,1,1,1,0,1,
345200,100.000000,0.500000,30.000000,1,1,1,0,1,
345300,100.000000,0.500000,30.000000,1,1,1,0,1,
345400,100.000000,0.500000,30.000000,1,1,1,0,1,
345500,100.000000,0.500000,30.000000,1,1,1,0,1,
345600,100.000000,0.500000,30.000000,1,1,1,0,1,
345700,100.000000,0.500000,30.000000,1,1,1,0,1,
345800,100.000000,0.500000,30.000000,1,1,1,0,1,
345900,100.000000,0.500000,30.000000,1,1,1,0,1,
346000,100.000000,0.500000,30.000000,1,1,1,0,1,
346100,100.000000,0.500000,30.000000,1,1,1,0,1,
346200,100.000000,0.500000,30.000000,1,1,1,0,1,
346300,100.000000,0.500000,30.000000,1,1,1,0,1,
346400,100.000000,0.500000,30.000000,1,1,1,0,1,
346500,-25.000000,0.500000,30.000000,1,1,1,0,1,
346600,-25.000000,0.500000,30.000000,1,1,1,0,1,
346700,-25.000000,0.500000,30.000000,1,1,1,0,1,
346800,-25.000000,0.500000,30.000000,1,1,1,0,1,
346900,-25.000000,0.500000,30.000000,1,1,1,0,1,
347000,20.000000,0.500000,30.000000,1,1,1,0,1,
347100,20.000000,0.500000,30.000000,1,1,1,0,1,
347200,20.000000,0.500000,30.000000,1,1,1,0,1,
347300,20.000000,0.500000,30.000000,1,1,1,0,1,
347400,20.000000,0.500000,30.000000,1,1,1,0,1,
347500,20.000000,0.500000,30.000000,1,1,1,0,1,
347600,20.000000,0.500000,30.000000,1,1,1,0,1,
347700,20.000000,0.500000,30.000000,1,1,1,0,1,
347800,20.000000,0.500000,30.000000,1,1,1,0,1,
347900,20.000000,0.500000,30.000000,1,1,1,0,1,
348000,20.000000,0.500000,30.000000,1,1,1,0,1,
348100,20.000000,0.500000,30.000000,1,1,1,0,1,
348200,20.000000,0.500000,30.000000,1,1,1,0,1,
348300,20.000000,0.500000,30.000000,1,1,1,0,1,
348400,20.000000,0.500000,30.000000,1,1,1,0,1,
348500,20.000000,0.500000,30.000000,1,1,1,0,1,
348600,20.000000,0.500000,30.000000,1,1,1,0,1,
348700,20.000000,0.500000,30.000000,1,1,1,0,1,
348800,20.000000,0.500000,30.000000,1,1,1,0,1,
348900,20.000000,0.500000,30.000000,1,1,1,0,1,
349000,20.000000,0.500000,30.000000,1,1,1,0,1,
349100,20.000000,0.500000,30.000000,1,1,1,0,1,
349200,20.000000,0.500000,30.000000,1,1,1,0,1,
349300,20.000000,0.500000,30.000000,1,1,1,0,1,
349400,20.000000,0.500000,30.000000,1,1,1,0,1,
349500,20.000000,0.500000,30.000000,1,1,1,0,1,
349600,20.000000,0.500000,30.000000,1,1,1,0,1,
349700,20.000000,0.500000,30.000000,1,1,1,0,1,
349800,20.000000,0.500000,30.000000,1,1,1,0,1,
349900,20.000000,0.500000,30.000000,1,1,1,0,1,
350000,100.000000,0.500000,30.000000,1,1,1,0,1,
350100,100.000000,0.500000,30.000000,1,1,1,0,1,
350200,100.000000,0.500000,30.000000,1,1,1,0,1,
350300,100.000000,0.500000,30.000000,1,1,1,0,1,
350400,100.000000,0.500000,30.000000,1,1,1,0,1,
350500,100.000000,0.500000,30.000000,1,1,1,0,1,
350600,100.000000,0.500000,30.000000,1,1,1,0,1,
350700,100.000000,0.500000,30.000000,1,1,1,0,1,
350800,100.000000,0.500000,30.000000,1,1,1,0,1,
350900,100.000000,0.500000,30.000000,1,1,1,0,1,
351000,100.000000,0.500000,30.000000,1,1,1,0,1,
351100,100.000000,0.500000,30.000000,1,1,1,0,1,
351200,100.000000,0.500000,30.000000,1,1,1,0,1,
351300,100.000000,0.500000,30.000000,1,1,1,0,1,
351400,100.000000,0.500000,30.000000,1,1,1,0,1,
351500,-25.000000,0.500000,30.000000,1,1,1,0,1,
351600,-25.000000,0.500000,30.000000,1,1,1,0,1,
351700,-25.000000,0.500000,30.000000,1,1,1,0,1,
351800,-25.000000,0.500000,30.000000,1,1,1,0,1,
351900,-25.000000,0.500000,30.000000,1,1,1,0,1,
352000,20.000000,0.500000,30.000000,1,1,1,0,1,
352100,20.000000,0.500000,30.000000,1,1,1,0,1,
352200,20.000000,0.500000,30.000000,1,1,1,0,1,
352300,20.000000,0.500000,30.000000,1,1,1,0,1,
352400,20.000000,0.500000,30.000000,1,1,1,0,1,
352500,20.000000,0.500000,30.000000,1,1,1,0,1,
352600,20.000000,0.500000,30.000000,1,1,1,0,1,
352700,20.000000,0.500000,30.000000,1,1,1,0,1,
352800,20.000000,0.500000,30.000000,1,1,1,0,1,
352900,20.000000,0.500000,30.000000,1,1,1,0,1,
353000,20.000000,0.500000,30.000000,1,1,1,0,1,
353100,20.000000,0.500000,30.000000,1,1,1,0,1,
353200,20.000000,0.500000,30.000000,1,1,1,0,1,
353300,20.000000,0.500000,30.000000,1,1,1,0,1,
353400,20.000000,0.500000,30.000000,1,1,1,0,1,
353500,20.000000,0.500000,30.000000,1,1,1,0,1,
353600,20.000000,0.500000,30.000000,1,1,1,0,1,
353700,20.000000,0.500000,30.000000,1,1,1,0,1,
353800,20.000000,0.500000,30.000000,1,1,1,0,1,
353900,20.000000,0.500000,30.000000,1,1,1,0,1,
354000,20.000000,0.500000,30.000000,1,1,1,0,1,
354100,20.000000,0.500000,30.000000,1,1,1,0,1,
354200,20.000000,0.500000,30.000000,1,1,1,0,1,
354300,20.000000,0.500000,30.000000,1,1,1,0,1,
354400,20.000000,0.500000,30.000000,1,1,1,0,1,
354500,20.000000,0.500000,30.000000,1,1,1,0,1,
354600,20.000000,0.500000,30.000000,1,1,1,0,1,
354700,20.000000,0.500000,30.000000,1,1,1,0,1,
354800,20.000000,0.500000,30.000000,1,1,1,0,1,
354900,20.000000,0.500000,30.000000,1,1,1,0,1,
355000,100.000000,0.500000,30.000000,1,1,1,0,1,
355100,100.000000,0.500000,30.000000,1,1,1,0,1,
355200,100.000000,0.500000,30.000000,1,1,1,0,1,
355300,100.000000,0.500000,30.000000,1,1,1,0,1,
355400,100.000000,0.500000,30.000000,1,1,1,0,1,
355500,100.000000,0.500000,30.000000,1,1,1,0,1,
355600,100.000000,0.500000,30.000000,1,1,1,0,1,
355700,100.000000,0.500000,30.000000,1,1,1,0,1,
355800,100.000000,0.500000,30.000000,1,1,1,0,1,
355900,100.000000,0.500000,30.000000,1,1,1,0,1,
356000,100.000000,0.500000,30.000000,1,1,1,0,1,
356100,100.000000,0.500000,30.000000,1,1,1,0,1,
356200,100.000000,0.500000,30.000000,1,1,1,0,1,
356300,100.000000,0.500000,30.000000,1,1,1,0,1,
356400,100.000000,0.500000,30.000000,1,1,1,0,1,
356500,-25.000000,0.500000,30.000000,1,1,1,0,1,
356600,-25.000000,0.500000,30.000000,1,1,1,0,1,
356700,-25.000000,0.500000,30.000000,1,1,1,0,1,
356800,-25.000000,0.500000,30.000000,1,1,1,0,1,
356900,-25.000000,0.500000,30.000000,1,1,1,0,1,
357000,20.000000,0.500000,30.000000,1,1,1,0,1,
357100,20.000000,0.500000,30.000000,1,1,1,0,1,
357200,20.000000,0.500000,30.000000,1,1,1,0,1,
357300,20.000000,0.500000,30.000000,1,1,1,0,1,
357400,20.000000,0.500000,30.000000,1,1,1,0,1,
357500,20.000000,0.500000,30.000000,1,1,1,0,1,
357600,20.000000,0.500000,30.000000,1,1,1,0,1,
357700,20.000000,0.500000,30.000000,1,1,1,0,1,
357800,20.000000,0.500000,30.000000,1,1,1,0,1,
357900,20.000000,0.500000,30.000000,1,1,1,0,1,
358000,20.000000,0.500000,30.000000,1,1,1,0,1,
358100,20.000000,0.500000,30.000000,1,1,1,0,1,
358200,20.000000,0.500000,30.000000,1,1,1,0,1,
358300,20.000000,0.500000,30.000000,1,1,1,0,1,
358400,20.000000,0.500000,30.000000,1,1,1,0,1,
358500,20.000000,0.500000,30.000000,1,1,1,0,1,
358600,20.000000,0.500000,30.000000,1,1,1,0,1,
358700,20.000000,0.500000,30.000000,1,1,1,0,1,
358800,20.000000,0.500000,30.000000,1,1,1,0,1,
358900,20.000000,0.500000,30.000000,1,1,1,0,1,
359000,20.000000,0.500000,30.000000,1,1,1,0,1,
359100,20.000000,0.500000,30.000000,1,1,1,0,1,
359200,20.000000,0.500000,30.000000,1,1,1,0,1,
359300,20.000000,0.500000,30.000000,1,1,1,0,1,
359400,20.000000,0.500000,30.000000,1,1,1,0,1,
359500,20.000000,0.500000,30.000000,1,1,1,0,1,
359600,20.000000,0.500000,30.000000,1,1,1,0,1,
359700,20.000000,0.500000,30.000000,1,1,1,0,1,
359800,20.000000,0.500000,30.000000,1,1,1,0,1,
359900,20.000000,0.500000,30.000000,1,1,1,0,1,
360000,100.000000,0.500000,30.000000,1,1,1,0,1,
360100,100.000000,0.500000,30.000000,1,1,1,0,1,
360200,100.000000,0.500000,30.000000,1,1,1,0,1,
360300,100.000000,0.500000,30.000000,1,1,1,0,1,
360400,100.000000,0.500000,30.000000,1,1,1,0,1,
360500,100.000000,0.500000,30.000000,1,1,1,0,1,
360600,100.000000,0.500000,30.000000,1,1,1,0,1,
360700,100.000000,0.500000,30.000000,1,1,1,0,1,
360800,100.000000,0.500000,30.000000,1,1,1,0,1,
360900,100.000000,0.500000,30.000000,1,1,1,0,1,
361000,100.000000,0.500000,30.000000,1,1,1,0,1,
361100,100.000000,0.500000,30.000000,1,1,1,0,1,
361200,100.000000,0.500000,30.000000,1,1,1,0,1,
361300,100.000000,0.500000,30.000000,1,1,1,0,1,
361400,100.000000,0.500000,30.000000,1,1,1,0,1,
361500,-25.000000,0.500000,30.000000,1,1,1,0,1,
361600,-25.000000,0.500000,30.000000,1,1,1,0,1,
361700,-25.000000,0.500000,30.000000,1,1,1,0,1,
361800,-25.000000,0.500000,30.000000,1,1,1,0,1,
361900,-25.000000,0.500000,30.000000,1,1,1,0,1,
362000,20.000000,0.500000,30.000000,1,1,1,0,1,
362100,20.000000,0.500000,30.000000,1,1,1,0,1,
362200,20.000000,0.500000,30.000000,1,1,1,0,1,
362300,20.000000,0.500000,30.000000,1,1,1,0,1,
362400,20.000000,0.500000,30.000000,1,1,1,0,1,
362500,20.000000,0.500000,30.000000,1,1,1,0,1,
362600,20.000000,0.500000,30.000000,1,1,1,0,1,
362700,20.000000,0.500000,30.000000,1,1,1,0,1,
362800,20.000000,0.500000,30.000000,1,1,1,0,1,
362900,20.000000,0.500000,30.000000,1,1,1,0,1,
363000,20.000000,0.500000,30.000000,1,1,1,0,1,
363100,20.000000,0.500000,30.000000,1,1,1,0,1,
363200,20.000000,0.500000,30.000000,1,1,1,0,1,
363300,20.000000,0.500000,30.000000,1,1,1,0,1,
363400,20.000000,0.500000,30.000000,1,1,1,0,1,
363500,20.000000,0.500000,30.000000,1,1,1,0,1,
363600,20.000000,0.500000,30.000000,1,1,1,0,1,
363700,20.000000,0.500000,30.000000,1,1,1,0,1,
363800,20.000000,0.500000,30.000000,1,1,1,0,1,
363900,20.000000,0.500000,30.000000,1,1,1,0,1,
364000,20.000000,0.500000,30.000000,1,1,1,0,1,
364100,20.000000,0.500000,30.000000,1,1,1,0,1,
364200,20.000000,0.500000,30.000000,1,1,1,0,1,
364300,20.000000,0.500000,30.000000,1,1,1,0,1,
364400,20.000000,0.500000,30.000000,1,1,1,0,1,
364500,20.000000,0.500000,30.000000,1,1,1,0,1,
364600,20.000000,0.500000,30.000000,1,1,1,0,1,
364700,20.000000,0.500000,30.000000,1,1,1,0,1,
364800,20.000000,0.500000,30.000000,1,1,1,0,1,
364900,20.000000,0.500000,30.000000,1,1,1,0,1,
365000,100.000000,0.500000,30.000000,1,1,1,0,1,
365100,100.000000,0.500000,30.000000,1,1,1,0,1,
365200,100.000000,0.500000,30.000000,1,1,1,0,1,
365300,100.000000,0.500000,30.000000,1,1,1,0,1,
365400,100.000000,0.500000,30.000000,1,1,1,0,1,
365500,100.000000,0.500000,30.000000,1,1,1,0,1,
365600,100.000000,0.500000,30.000000,1,1,1,0,1,
365700,100.000000,0.500000,30.000000,1,1,1,0,1,
365800,100.000000,0.500000,30.000000,1,1,1,0,1,
365900,100.000000,0.500000,30.000000,1,1,1,0,1,
366000,100.000000,0.500000,30.000000,1,1,1,0,1,
366100,100.000000,0.500000,30.000000,1,1,1,0,1,
366200,100.000000,0.500000,30.000000,1,1,1,0,1,
366300,100.000000,0.500000,30.000000,1,1,1,0,1,
366400,100.000000,0.500000,30.000000,1,1,1,0,1,
366500,-25.000000,0.500000,30.000000,1,1,1,0,1,
366600,-25.000000,0.500000,30.000000,1,1,1,0,1,
366700,-25.000000,0.500000,30.000000,1,1,1,0,1,
366800,-25.000000,0.500000,30.000000,1,1,1,0,1,
366900,-25.000000,0.500000,30.000000,1,1,1,0,1,
367000,20.000000,0.500000,30.000000,1,1,1,0,1,
367100,20.000000,0.500000,30.000000,1,1,1,0,1,
367200,20.000000,0.500000,30.000000,1,1,1,0,1,
367300,20.000000,0.500000,30.000000,1,1,1,0,1,
367400,20.000000,0.500000,30.000000,1,1,1,0,1,
367500,20.000000,0.500000,30.000000,1,1,1,0,1,
367600,20.000000,0.500000,30.000000,1,1,1,0,1,
367700,20.000000,0.500000,30.000000,1,1,1,0,1,
367800,20.000000,0.500000,30.000000,1,1,1,0,1,
367900,20.000000,0.500000,30.000000,1,1,1,0,1,
368000,20.000000,0.500000,30.000000,1,1,1,0,1,
368100,20.000000,0.500000,30.000000,1,1,1,0,1,
368200,20.000000,0.500000,30.000000,1,1,1,0,1,
368300,20.000000,0.500000,30.000000,1,1,1,0,1,
368400,20.000000,0.500000,30.000000,1,1,1,0,1,
368500,20.000000,0.500000,30.000000,1,1,1,0,1,
368600,20.000000,0.500000,30.000000,1,1,1,0,1,
368700,20.000000,0.500000,30.000000,1,1,1,0,1,
368800,20.000000,0.500000,30.000000,1,1,1,0,1,
368900,20.000000,0.500000,30.000000,1,1,1,0,1,
369000,20.000000,0.500000,30.000000,1,1,1,0,1,
369100,20.000000,0.500000,30.000000,1,1,1,0,1,
369200,20.000000,0.500000,30.000000,1,1,1,0,1,
369300,20.000000,0.500000,30.000000,1,1,1,0,1,
369400,20.000000,0.500000,30.000000,1,1,1,0,1,
369500,20.000000,0.500000,30.000000,1,1,1,0,1,
369600,20.000000,0.500000,30.000000,1,1,1,0,1,
369700,20.000000,0.500000,30.000000,1,1,1,0,1,
369800,20.000000,0.500000,30.000000,1,1,1,0,1,
369900,20.000000,0.500000,30.000000,1,1,1,0,1,
370000,100.000000,0.500000,30.000000,1,1,1,0,1,
370100,100.000000,0.500000,30.000000,1,1,1,0,1,
370200,100.000000,0.500000,30.000000,1,1,1,0,1,
370300,100.000000,0.500000,30.000000,1,1,1,0,1,
370400,100.000000,0.500000,30.000000,1,1,1,0,1,
370500,100.000000,0.500000,30.000000,1,1,1,0,1,
370600,100.000000,0.500000,30.000000,1,1,1,0,1,
370700,100.000000,0.500000,30.000000,1,1,1,0,1,
370800,100.000000,0.500000,30.000000,1,1,1,0,1,
370900,100.000000,0.500000,30.000000,1,1,1,0,1,
371000,100.000000,0.500000,30.000000,1,1,1,0,1,
371100,100.000000,0.500000,30.000000,1,1,1,0,1,
371200,100.000000,0.500000,30.000000,1,1,1,0,1,
371300,100.000000,0.500000,30.000000,1,1,1,0,1,
371400,100.000000,0.500000,30.000000,1,1,1,0,1,
371500,-25.000000,0.500000,30.000000,1,1,1,0,1,
371600,-25.000000,0.500000,30.000000,1,1,1,0,1,
371700,-25.000000,0.500000,30.000000,1,1,1,0,1,
371800,-25.000000,0.500000,30.000000,1,1,1,0,1,
371900,-25.000000,0.500000,30.000000,1,1,1,0,1,
372000,20.000000,0.500000,30.000000,1,1,1,0,1,
372100,20.000000,0.500000,30.000000,1,1,1,0,1,
372200,20.000000,0.500000,30.000000,1,1,1,0,1,
372300,20.000000,0.500000,30.000000,1,1,1,0,1,
372400,20.000000,0.500000,30.000000,1,1,1,0,1,
372500,20.000000,0.500000,30.000000,1,1,1,0,1,
372600,20.000000,0.500000,30.000000,1,1,1,0,1,
372700,20.000000,0.500000,30.000000,1,1,1,0,1,
372800,20.000000,0.500000,30.000000,1,1,1,0,1,
372900,20.000000,0.500000,30.000000,1,1,1,0,1,
373000,20.000000,0.500000,30.000000,1,1,1,0,1,
373100,20.000000,0.500000,30.000000,1,1,1,0,1,
373200,20.000000,0.500000,30.000000,1,1,1,0,1,
373300,20.000000,0.500000,30.000000,1,1,1,0,1,
373400,20.000000,0.500000,30.000000,1,1,1,0,1,
373500,20.000000,0.500000,30.000000,1,1,1,0,1,
373600,20.000000,0.500000,30.000000,1,1,1,0,1,
373700,20.000000,0.500000,30.000000,1,1,1,0,1,
373800,20.000000,0.500000,30.000000,1,1,1,0,1,
373900,20.000000,0.500000,30.000000,1,1,1,0,1,
374000,20.000000,0.500000,30.000000,1,1,1,0,1,
374100,20.000000,0.500000,30.000000,1,1,1,0,1,
374200,20.000000,0.500000,30.000000,1,1,1,0,1,
374300,20.000000,0.500000,30.000000,1,1,1,0,1,
374400,20.000000,0.500000,30.000000,1,1,1,0,1,
374500,20.000000,0.500000,30.000000,1,1,1,0,1,
374600,20.000000,0.500000,30.000000,1,1,1,0,1,
374700,20.000000,0.500000,30.000000,1,1,1,0,1,
374800,20.000000,0.500000,30.000000,1,1,1,0,1,
374900,20.000000,0.500000,30.000000,1,1,1,0,1,
375000,100.000000,0.500000,30.000000,1,1,1,0,1,
375100,100.000000,0.500000,30.000000,1,1,1,0,1,
375200,100.000000,0.500000,30.000000,1,1,1,0,1,
375300,100.000000,0.500000,30.000000,1,1,1,0,1,
375400,100.000000,0.500000,30.000000,1,1,1,0,1,
375500,100.000000,0.500000,30.000000,1,1,1,0,1,
375600,100.000000,0.500000,30.000000,1,1,1,0,1,
375700,100.000000,0.500000,30.000000,1,1,1,0,1,
375800,100.000000,0.500000,30.000000,1,1,1,0,1,
375900,100.000000,0.500000,30.000000,1,1,1,0,1,
376000,100.000000,0.500000,30.000000,1,1,1,0,1,
376100,100.000000,0.500000,30.000000,1,1,1,0,1,
376200,100.000000,0.500000,30.000000,1,1,1,0,1,
376300,100.000000,0.500000,30.000000,1,1,1,0,1,
376400,100.000000,0.500000,30.000000,1,1,1,0,1,
376500,-25.000000,0.500000,30.000000,1,1,1,0,1,
376600,-25.000000,0.500000,30.000000,1,1,1,0,1,
376700,-25.000000,0.500000,30.000000,1,1,1,0,1,
376800,-25.000000,0.500000,30.000000,1,1,1,0,1,
376900,-25.000000,0.500000,30.000000,1,1,1,0,1,
377000,20.000000,0.500000,30.000000,1,1,1,0,1,
377100,20.000000,0.500000,30.000000,1,1,1,0,1,
377200,20.000000,0.500000,30.000000,1,1,1,0,1,
377300,20.000000,0.500000,30.000000,1,1,1,0,1,
377400,20.000000,0.500000,30.000000,1,1,1,0,1,
377500,20.000000,0.500000,30.000000,1,1,1,0,1,
377600,20.000000,0.500000,30.000000,1,1,1,0,1,
377700,20.000000,0.500000,30.000000,1,1,1,0,1,
377800,20.000000,0.500000,30.000000,1,1,1,0,1,
377900,20.000000,0.500000,30.000000,1,1,1,0,1,
378000,20.000000,0.500000,30.000000,1,1,1,0,1,
378100,20.000000,0.500000,30.000000,1,1,1,0,1,
378200,20.000000,0.500000,30.000000,1,1,1,0,1,
378300,20.000000,0.500000,30.000000,1,1,1,0,1,
378400,20.000000,0.500000,30.000000,1,1,1,0,1,
378500,20.000000,0.500000,30.000000,1,1,1,0,1,
378600,20.000000,0.500000,30.000000,1,1,1,0,1,
378700,20.000000,0.500000,30.000000,1,1,1,0,1,
378800,20.000000,0.500000,30.000000,1,1,1,0,1,
378900,20.000000,0.500000,30.000000,1,1,1,0,1,
379000,20.000000,0.500000,30.000000,1,1,1,0,1,
379100,20.000000,0.500000,30.000000,1,1,1,0,1,
379200,20.000000,0.500000,30.000000,1,1,1,0,1,
379300,20.000000,0.500000,30.000000,1,1,1,0,1,
379400,20.000000,0.500000,30.000000,1,1,1,0,1,
379500,20.000000,0.500000,30.000000,1,1,1,0,1,
379600,20.000000,0.500000,30.000000,1,1,1,0,1,
379700,20.000000,0.500000,30.000000,1,1,1,0,1,
379800,20.000000,0.500000,30.000000,1,1,1,0,1,
379900,20.000000,0.500000,30.000000,1,1,1,0,1,
380000,100.000000,0.500000,30.000000,1,1,1,0,1,
380100,100.000000,0.500000,30.000000,1,1,1,0,1,
380200,100.000000,0.500000,30.000000,1,1,1,0,1,
380300,100.000000,0.500000,30.000000,1,1,1,0,1,
380400,100.000000,0.500000,30.000000,1,1,1,0,1,
380500,100.000000,0.500000,30.000000,1,1,1,0,1,
380600,100.000000,0.500000,30.000000,1,1,1,0,1,
380700,100.000000,0.500000,30.000000,1,1,1,0,1,
380800,100.000000,0.500000,30.000000,1,1,1,0,1,
380900,100.000000,0.500000,30.000000,1,1,1,0,1,
381000,100.000000,0.500000,30.000000,1,1,1,0,1,
381100,100.000000,0.500000,30.000000,1,1,1,0,1,
381200,100.000000,0.500000,30.000000,1,1,1,0,1,
381300,100.000000,0.500000,30.000000,1,1,1,0,1,
381400,100.000000,0.500000,30.000000,1,1,1,0,1,
381500,-25.000000,0.500000,30.000000,1,1,1,0,1,
381600,-25.000000,0.500000,30.000000,1,1,1,0,1,
381700,-25.000000,0.500000,30.000000,1,1,1,0,1,
381800,-25.000000,0.500000,30.000000,1,1,1,0,1,
381900,-25.000000,0.500000,30.000000,1,1,1,0,1,
382000,20.000000,0.500000,30.000000,1,1,1,0,1,
382100,20.000000,0.500000,30.000000,1,1,1,0,1,
382200,20.000000,0.500000,30.000000,1,1,1,0,1,
382300,20.000000,0.500000,30.000000,1,1,1,0,1,
382400,20.000000,0.500000,30.000000,1,1,1,0,1,
382500,20.000000,0.500000,30.000000,1,1,1,0,1,
382600,20.000000,0.500000,30.000000,1,1,1,0,1,
382700,20.000000,0.500000,30.000000,1,1,1,0,1,
382800,20.000000,0.500000,30.000000,1,1,1,0,1,
382900,20.000000,0.500000,30.000000,1,1,1,0,1,
383000,20.000000,0.500000,30.000000,1,1,1,0,1,
383100,20.000000,0.500000,30.000000,1,1,1,0,1,
383200,20.000000,0.500000,30.000000,1,1,1,0,1,
383300,20.000000,0.500000,30.000000,1,1,1,0,1,
383400,20.000000,0.500000,30.000000,1,1,1,0,1,
383500,20.000000,0.500000,30.000000,1,1,1,0,1,
383600,20.000000,0.500000,30.000000,1,1,1,0,1,
383700,20.000000,0.500000,30.000000,1,1,1,0,1,
383800,20.000000,0.500000,30.000000,1,1,1,0,1,
383900,20.000000,0.500000,30.000000,1,1,1,0,1,
384000,20.000000,0.500000,30.000000,1,1,1,0,1,
384100,20.000000,0.500000,30.000000,1,1,1,0,1,
384200,20.000000,0.500000,30.000000,1,1,1,0,1,
384300,20.000000,0.500000,30.000000,1,1,1,0,1,
384400,20.000000,0.500000,30.000000,1,1,1,0,1,
384500,20.000000,0.500000,30.000000,1,1,1,0,1,
384600,20.000000,0.500000,30.000000,1,1,1,0,1,
384700,20.000000,0.500000,30.000000,1,1,1,0,1,
384800,20.000000,0.500000,30.000000,1,1,1,0,1,
384900,20.000000,0.500000,30.000000,1,1,1,0,1,
385000,100.000000,0.500000,30.000000,1,1,1,0,1,
385100,100.000000,0.500000,30.000000,1,1,1,0,1,
385200,100.000000,0.500000,30.000000,1,1,1,0,1,
385300,100.000000,0.500000,30.000000,1,1,1,0,1,
385400,100.000000,0.500000,30.000000,1,1,1,0,1,
385500,100.000000,0.500000,30.000000,1,1,1,0,1,
385600,100.000000,0.500000,30.000000,1,1,1,0,1,
385700,100.000000,0.500000,30.000000,1,1,1,0,1,
385800,100.000000,0.500000,30.000000,1,1,1,0,1,
385900,100.000000,0.500000,30.000000,1,1,1,0,1,
386000,100.000000,0.500000,30.000000,1,1,1,0,1,
386100,100.000000,0.500000,30.000000,1,1,1,0,1,
386200,100.000000,0.500000,30.000000,1,1,1,0,1,
386300,100.000000,0.500000,30.000000,1,1,1,0,1,
386400,100.000000,0.500000,30.000000,1,1,1,0,1,
386500,-25.000000,0.500000,30.000000,1,1,1,0,1,
386600,-25.000000,0.500000,30.000000,1,1,1,0,1,
386700,-25.000000,0.500000,30.000000,1,1,1,0,1,
386800,-25.000000,0.500000,30.000000,1,1,1,0,1,
386900,-25.000000,0.500000,30.000000,1,1,1,0,1,
387000,20.000000,0.500000,30.000000,1,1,1,0,1,
387100,20.000000,0.500000,30.000000,1,1,1,0,1,
387200,20.000000,0.500000,30.000000,1,1,1,0,1,
387300,20.000000,0.500000,30.000000,1,1,1,0,1,
387400,20.000000,0.500000,30.000000,1,1,1,0,1,
387500,20.000000,0.500000,30.000000,1,1,1,0,1,
387600,20.000000,0.500000,30.000000,1,1,1,0,1,
387700,20.000000,0.500000,30.000000,1,1,1,0,1,
387800,20.000000,0.500000,30.000000,1,1,1,0,1,
387900,20.000000,0.500000,30.000000,1,1,1,0,1,
388000,20.000000,0.500000,30.000000,1,1,1,0,1,
388100,20.000000,0.500000,30.000000,1,1,1,0,1,
388200,20.000000,0.500000,30.000000,1,1,1,0,1,
388300,20.000000,0.500000,30.000000,1,1,1,0,1,
388400,20.000000,0.500000,30.000000,1,1,1,0,1,
388500,20.000000,0.500000,30.000000,1,1,1,0,1,
388600,20.000000,0.500000,30.000000,1,1,1,0,1,
388700,20.000000,0.500000,30.000000,1,1,1,0,1,
388800,20.000000,0.500000,30.000000,1,1,1,0,1,
388900,20.000000,0.500000,30.000000,1,1,1,0,1,
389000,20.000000,0.500000,30.000000,1,1,1,0,1,
389100,20.000000,0.500000,30.000000,1,1,1,0,1,
389200,20.000000,0.500000,30.000000,1,1,1,0,1,
389300,20.000000,0.500000,30.000000,1,1,1,0,1,
389400,20.000000,0.500000,30.000000,1,1,1,0,1,
389500,20.000000,0.500000,30.000000,1,1,1,0,1,
389600,20.000000,0.500000,30.000000,1,1,1,0,1,
389700,20.000000,0.500000,30.000000,1,1,1,0,1,
389800,20.000000,0.500000,30.000000,1,1,1,0,1,
389900,20.000000,0.500000,30.000000,1,1,1,0,1,
390000,100.000000,0.500000,30.000000,1,1,1,0,1,
390100,100.000000,0.500000,30.000000,1,1,1,0,1,
390200,100.000000,0.500000,30.000000,1,1,1,0,1,
390300,100.000000,0.500000,30.000000,1,1,1,0,1,
390400,100.000000,0.500000,30.000000,1,1,1,0,1,
390500,100.000000,0.500000,30.000000,1,1,1,0,1,
390600,100.000000,0.500000,30.000000,1,1,1,0,1,
390700,100.000000,0.500000,30.000000,1,1,1,0,1,
390800,100.000000,0.500000,30.000000,1,1,1,0,1,
390900,100.000000,0.500000,30.000000,1,1,1,0,1,
391000,100.000000,0.500000,30.000000,1,1,1,0,1,
391100,100.000000,0.500000,30.000000,1,1,1,0,1,
391200,100.000000,0.500000,30.000000,1,1,1,0,1,
391300,100.000000,0.500000,30.000000,1,1,1,0,1,
391400,100.000000,0.500000,30.000000,1,1,1,0,1,
391500,-25.000000,0.500000,30.000000,1,1,1,0,1,
391600,-25.000000,0.500000,30.000000,1,1,1,0,1,
391700,-25.000000,0.500000,30.000000,1,1,1,0,1,
391800,-25.000000,0.500000,30.000000,1,1,1,0,1,
391900,-25.000000,0.500000,30.000000,1,1,1,0,1,
392000,20.000000,0.500000,30.000000,1,1,1,0,1,
392100,20.000000,0.500000,30.000000,1,1,1,0,1,
392200,20.000000,0.500000,30.000000,1,1,1,0,1,
392300,20.000000,0.500000,30.000000,1,1,1,0,1,
392400,20.000000,0.500000,30.000000,1,1,1,0,1,
392500,20.000000,0.500000,30.000000,1,1,1,0,1,
392600,20.000000,0.500000,30.000000,1,1,1,0,1,
392700,20.000000,0.500000,30.000000,1,1,1,0,1,
392800,20.000000,0.500000,30.000000,1,1,1,0,1,
392900,20.000000,0.500000,30.000000,1,1,1,0,1,
393000,20.000000,0.500000,30.000000,1,1,1,0,1,
393100,20.000000,0.500000,30.000000,1,1,1,0,1,
393200,20.000000,0.500000,30.000000,1,1,1,0,1,
393300,20.000000,0.500000,30.000000,1,1,1,0,1,
393400,20.000000,0.500000,30.000000,1,1,1,0,1,
393500,20.000000,0.500000,30.000000,1,1,1,0,1,
393600,20.000000,0.500000,30.000000,1,1,1,0,1,
393700,20.000000,0.500000,30.000000,1,1,1,0,1,
393800,20.000000,0.500000,30.000000,1,1,1,0,1,
393900,20.000000,0.500000,30.000000,1,1,1,0,1,
394000,20.000000,0.500000,30.000000,1,1,1,0,1,
394100,20.000000,0.500000,30.000000,1,1,1,0,1,
394200,20.000000,0.500000,30.000000,1,1,1,0,1,
394300,20.000000,0.500000,30.000000,1,1,1,0,1,
394400,20.000000,0.500000,30.000000,1,1,1,0,1,
394500,20.000000,0.500000,30.000000,1,1,1,0,1,
394600,20.000000,0.500000,30.000000,1,1,1,0,1,
394700,20.000000,0.500000,30.000000,1,1,1,0,1,
394800,20.000000,0.500000,30.000000,1,1,1,0,1,
394900,20.000000,0.500000,30.000000,1,1,1,0,1,
395000,100.000000,0.500000,30.000000,1,1,1,0,1,
395100,100.000000,0.500000,30.000000,1,1,1,0,1,
395200,100.000000,0.500000,30.000000,1,1,1,0,1,
395300,100.000000,0.500000,30.000000,1,1,1,0,1,
395400,100.000000,0.500000,30.000000,1,1,1,0,1,
395500,100.000000,0.500000,30.000000,1,1,1,0,1,
395600,100.000000,0.500000,30.000000,1,1,1,0,1,
395700,100.000000,0.500000,30.000000,1,1,1,0,1,
395800,100.000000,0.500000,30.000000,1,1,1,0,1,
395900,100.000000,0.500000,30.000000,1,1,1,0,1,
396000,100.000000,0.500000,30.000000,1,1,1,0,1,
396100,100.000000,0.500000,30.000000,1,1,1,0,1,
396200,100.000000,0.500000,30.000000,1,1,1,0,1,
396300,100.000000,0.500000,30.000000,1,1,1,0,1,
396400,100.000000,0.500000,30.000000,1,1,1,0,1,
396500,-25.000000,0.500000,30.000000,1,1,1,0,1,
396600,-25.000000,0.500000,30.000000,1,1,1,0,1,
396700,-25.000000,0.500000,30.000000,1,1,1,0,1,
396800,-25.000000,0.500000,30.000000,1,1,1,0,1,
396900,-25.000000,0.500000,30.000000,1,1,1,0,1,
397000,20.000000,0.500000,30.000000,1,1,1,0,1,
397100,20.000000,0.500000,30.000000,1,1,1,0,1,
397200,20.000000,0.500000,30.000000,1,1,1,0,1,
397300,20.000000,0.500000,30.000000,1,1,1,0,1,
397400,20.000000,0.500000,30.000000,1,1,1,0,1,
397500,20.000000,0.500000,30.000000,1,1,1,0,1,
397600,20.000000,0.500000,30.000000,1,1,1,0,1,
397700,20.000000,0.500000,30.000000,1,1,1,0,1,
397800,20.000000,0.500000,30.000000,1,1,1,0,1,
397900,20.000000,0.500000,30.000000,1,1,1,0,1,
398000,20.000000,0.500000,30.000000,1,1,1,0,1,
398100,20.000000,0.500000,30.000000,1,1,1,0,1,
398200,20.000000,0.500000,30.000000,1,1,1,0,1,
398300,20.000000,0.500000,30.000000,1,1,1,0,1,
398400,20.000000,0.500000,30.000000,1,1,1,0,1,
398500,20.000000,0.500000,30.000000,1,1,1,0,1,
398600,20.000000,0.500000,30.000000,1,1,1,0,1,
398700,20.000000,0.500000,30.000000,1,1,1,0,1,
398800,20.000000,0.500000,30.000000,1,1,1,0,1,
398900,20.000000,0.500000,30.000000,1,1,1,0,1,
399000,20.000000,0.500000,30.000000,1,1,1,0,1,
399100,20.000000,0.500000,30.000000,1,1,1,0,1,
399200,20.000000,0.500000,30.000000,1,1,1,0,1,
399300,20.000000,0.500000,30.000000,1,1,1,0,1,
399400,20.000000,0.500000,30.000000,1,1,1,0,1,
399500,20.000000,0.500000,30.000000,1,1,1,0,1,
399600,20.000000,0.500000,30.000000,1,1,1,0,1,
399700,20.000000,0.500000,30.000000,1,1,1,0,1,
399800,20.000000,0.500000,30.000000,1,1,1,0,1,
399900,20.000000,0.500000,30.000000,1,1,1,0,1,
400000,100.000000,0.500000,30.000000,1,1,1,0,1,
400100,100.000000,0.500000,30.000000,1,1,1,0,1,
400200,100.000000,0.500000,30.000000,1,1,1,0,1,
400300,100.000000,0.500000,30.000000,1,1,1,0,1,
400400,100.000000,0.500000,30.000000,1,1,1,0,1,
400500,100.000000,0.500000,30.000000,1,1,1,0,1,
400600,100.000000,0.500000,30.000000,1,1,1,0,1,
400700,100.000000,0.500000,30.000000,1,1,1,0,1,
400800,100.000000,0.500000,30.000000,1,1,1,0,1,
400900,100.000000,0.500000,30.000000,1,1,1,0,1,
401000,100.000000,0.500000,30.000000,1,1,1,0,1,
401100,100.000000,0.500000,30.000000,1,1,1,0,1,
401200,100.000000,0.500000,30.000000,1,1,1,0,1,
401300,100.000000,0.500000,30.000000,1,1,1,0,1,
401400,100.000000,0.500000,30.000000,1,1,1,0,1,
401500,-25.000000,0.500000,30.000000,1,1,1,0,1,
401600,-25.000000,0.500000,30.000000,1,1,1,0,1,
401700,-25.000000,0.500000,30.000000,1,1,1,0,1,
401800,-25.000000,0.500000,30.000000,1,1,1,0,1,
401900,-25.000000,0.500000,30.000000,1,1,1,0,1,
402000,20.000000,0.500000,30.000000,1,1,1,0,1,
402100,20.000000,0.500000,30.000000,1,1,1,0,1,
402200,20.000000,0.500000,30.000000,1,1,1,0,1,
402300,20.000000,0.500000,30.000000,1,1,1,0,1,
402400,20.000000,0.500000,30.000000,1,1,1,0,1,
402500,20.000000,0.500000,30.000000,1,1,1,0,1,
402600,20.000000,0.500000,30.000000,1,1,1,0,1,
402700,20.000000,0.500000,30.000000,1,1,1,0,1,
402800,20.000000,0.500000,30.000000,1,1,1,0,1,
402900,20.000000,0.500000,30.000000,1,1,1,0,1,
403000,20.000000,0.500000,30.000000,1,1,1,0,1,
403100,20.000000,0.500000,30.000000,1,1,1,0,1,
403200,20.000000,0.500000,30.000000,1,1,1,0,1,
403300,20.000000,0.500000,30.000000,1,1,1,0,1,
403400,20.000000,0.500000,30.000000,1,1,1,0,1,
403500,20.000000,0.500000,30.000000,1,1,1,0,1,
403600,20.000000,0.500000,30.000000,1,1,1,0,1,
403700,20.000000,0.500000,30.000000,1,1,1,0,1,
403800,20.000000,0.500000,30.000000,1,1,1,0,1,
403900,20.000000,0.500000,30.000000,1,1,1,0,1,
404000,20.000000,0.500000,30.000000,1,1,1,0,1,
404100,20.000000,0.500000,30.000000,1,1,1,0,1,
404200,20.000000,0.500000,30.000000,1,1,1,0,1,
404300,20.000000,0.500000,30.000000,1,1,1,0,1,
404400,20.000000,0.500000,30.000000,1,1,1,0,1,
404500,20.000000,0.500000,30.000000,1,1,1,0,1,
404600,20.000000,0.500000,30.000000,1,1,1,0,1,
404700,20.000000,0.500000,30.000000,1,1,1,0,1,
404800,20.000000,0.500000,30.000000,1,1,1,0,1,
404900,20.000000,0.500000,30.000000,1,1,1,0,1,
405000,100.000000,0.500000,30.000000,1,1,1,0,1,
405100,100.000000,0.500000,30.000000,1,1,1,0,1,
405200,100.000000,0.500000,30.000000,1,1,1,0,1,
405300,100.000000,0.500000,30.000000,1,1,1,0,1,
405400,100.000000,0.500000,30.000000,1,1,1,0,1,
405500,100.000000,0.500000,30.000000,1,1,1,0,1,
405600,100.000000,0.500000,30.000000,1,1,1,0,1,
405700,100.000000,0.500000,30.000000,1,1,1,0,1,
405800,100.000000,0.500000,30.000000,1,1,1,0,1,
405900,100.000000,0.500000,30.000000,1,1,1,0,1,
406000,100.000000,0.500000,30.000000,1,1,1,0,1,
406100,100.000000,0.500000,30.000000,1,1,1,0,1,
406200,100.000000,0.500000,30.000000,1,1,1,0,1,
406300,100.000000,0.500000,30.000000,1,1,1,0,1,
406400,100.000000,0.500000,30.000000,1,1,1,0,1,
406500,-25.000000,0.500000,30.000000,1,1,1,0,1,
406600,-25.000000,0.500000,30.000000,1,1,1,0,1,
406700,-25.000000,0.500000,30.000000,1,1,1,0,1,
406800,-25.000000,0.500000,30.000000,1,1,1,0,1,
406900,-25.000000,0.500000,30.000000,1,1,1,0,1,
407000,20.000000,0.500000,30.000000,1,1,1,0,1,
407100,20.000000,0.500000,30.000000,1,1,1,0,1,
407200,20.000000,0.500000,30.000000,1,1,1,0,1,
407300,20.000000,0.500000,30.000000,1,1,1,0,1,
407400,20.000000,0.500000,30.000000,1,1,1,0,1,
407500,20.000000,0.500000,30.000000,1,1,1,0,1,
407600,20.000000,0.500000,30.000000,1,1,1,0,1,
407700,20.000000,0.500000,30.000000,1,1,1,0,1,
407800,20.000000,0.500000,30.000000,1,1,1,0,1,
407900,20.000000,0.500000,30.000000,1,1,1,0,1,
408000,20.000000,0.500000,30.000000,1,1,1,0,1,
408100,20.000000,0.500000,30.000000,1,1,1,0,1,
408200,20.000000,0.500000,30.000000,1,1,1,0,1,
408300,20.000000,0.500000,30.000000,1,1,1,0,1,
408400,20.000000,0.500000,30.000000,1,1,1,0,1,
408500,20.000000,0.500000,30.000000,1,1,1,0,1,
408600,20.000000,0.500000,30.000000,1,1,1,0,1,
408700,20.000000,0.500000,30.000000,1,1,1,0,1,
408800,20.000000,0.500000,30.000000,1,1,1,0,1,
408900,20.000000,0.500000,30.000000,1,1,1,0,1,
409000,20.000000,0.500000,30.000000,1,1,1,0,1,
409100,20.000000,0.500000,30.000000,1,1,1,0,1,
409200,20.000000,0.500000,30.000000,1,1,1,0,1,
409300,20.000000,0.500000,30.000000,1,1,1,0,1,
409400,20.000000,0.500000,30.000000,1,1,1,0,1,
409500,20.000000,0.500000,30.000000,1,1,1,0,1,
409600,20.000000,0.500000,30.000000,1,1,1,0,1,
409700,20.000000,0.500000,30.000000,1,1,1,0,1,
409800,20.000000,0.500000,30.000000,1,1,1,0,1,
409900,20.000000,0.500000,30.000000,1,1,1,0,1,
410000,100.000000,0.500000,30.000000,1,1,1,0,1,
410100,100.000000,0.500000,30.000000,1,1,1,0,1,
410200,100.000000,0.500000,30.000000,1,1,1,0,1,
410300,100.000000,0.500000,30.000000,1,1,1,0,1,
410400,100.000000,0.500000,30.000000,1,1,1,0,1,
410500,100.000000,0.500000,30.000000,1,1,1,0,1,
410600,100.000000,0.500000,30.000000,1,1,1,0,1,
410700,100.000000,0.500000,30.000000,1,1,1,0,1,
410800,100.000000,0.500000,30.000000,1,1,1,0,1,
410900,100.000000,0.500000,30.000000,1,1,1,0,1,
411000,100.000000,0.500000,30.000000,1,1,1,0,1,
411100,100.000000,0.500000,30.000000,1,1,1,0,1,
411200,100.000000,0.500000,30.000000,1,1,1,0,1,
411300,100.000000,0.500000,30.000000,1,1,1,0,1,
411400,100.000000,0.500000,30.000000,1,1,1,0,1,
411500,-25.000000,0.500000,30.000000,1,1,1,0,1,
411600,-25.000000,0.500000,30.000000,1,1,1,0,1,
411700,-25.000000,0.500000,30.000000,1,1,1,0,1,
411800,-25.000000,0.500000,30.000000,1,1,1,0,1,
411900,-25.000000,0.500000,30.000000,1,1,1,0,1,
412000,20.000000,0.500000,30.000000,1,1,1,0,1,
412100,20.000000,0.500000,30.000000,1,1,1,0,1,
412200,20.000000,0.500000,30.000000,1,1,1,0,1,
412300,20.000000,0.500000,30.000000,1,1,1,0,1,
412400,20.000000,0.500000,30.000000,1,1,1,0,1,
412500,20.000000,0.500000,30.000000,1,1,1,0,1,
412600,20.000000,0.500000,30.000000,1,1,1,0,1,
412700,20.000000,0.500000,30.000000,1,1,1,0,1,
412800,20.000000,0.500000,30.000000,1,1,1,0,1,
412900,20.000000,0.500000,30.000000,1,1,1,0,1,
413000,20.000000,0.500000,30.000000,1,1,1,0,1,
413100,20.000000,0.500000,30.000000,1,1,1,0,1,
413200,20.000000,0.500000,30.000000,1,1,1,0,1,
413300,20.000000,0.500000,30.000000,1,1,1,0,1,
413400,20.000000,0.500000,30.000000,1,1,1,0,1,
413500,20.000000,0.500000,30.000000,1,1,1,0,1,
413600,20.000000,0.500000,30.000000,1,1,1,0,1,
413700,20.000000,0.500000,30.000000,1,1,1,0,1,
413800,20.000000,0.500000,30.000000,1,1,1,0,1,
413900,20.000000,0.500000,30.000000,1,1,1,0,1,
414000,20.000000,0.500000,30.000000,1,1,1,0,1,
414100,20.000000,0.500000,30.000000,1,1,1,0,1,
414200,20.000000,0.500000,30.000000,1,1,1,0,1,
414300,20.000000,0.500000,30.000000,1,1,1,0,1,
414400,20.000000,0.500000,30.000000,1,1,1,0,1,
414500,20.000000,0.500000,30.000000,1,1,1,0,1,
414600,20.000000,0.500000,30.000000,1,1,1,0,1,
414700,20.000000,0.500000,30.000000,1,1,1,0,1,
414800,20.000000,0.500000,30.000000,1,1,1,0,1,
414900,20.000000,0.500000,30.000000,1,1,1,0,1,
415000,100.000000,0.500000,30.000000,1,1,1,0,1,
415100,100.000000,0.500000,30.000000,1,1,1,0,1,
415200,100.000000,0.500000,30.000000,1,1,1,0,1,
415300,100.000000,0.500000,30.000000,1,1,1,0,1,
415400,100.000000,0.500000,30.000000,1,1,1,0,1,
415500,100.000000,0.500000,30.000000,1,1,1,0,1,
415600,100.000000,0.500000,30.000000,1,1,1,0,1,
415700,100.000000,0.500000,30.000000,1,1,1,0,1,
415800,100.000000,0.500000,30.000000,1,1,1,0,1,
415900,100.000000,0.500000,30.000000,1,1,1,0,1,
416000,100.000000,0.500000,30.000000,1,1,1,0,1,
416100,100.000000,0.500000,30.000000,1,1,1,0,1,
416200,100.000000,0.500000,30.000000,1,1,1,0,1,
416300,100.000000,0.500000,30.000000,1,1,1,0,1,
416400,100.000000,0.500000,30.000000,1,1,1,0,1,
416500,-25.000000,0.500000,30.000000,1,1,1,0,1,
416600,-25.000000,0.500000,30.000000,1,1,1,0,1,
416700,-25.000000,0.500000,30.000000,1,1,1,0,1,
416800,-25.000000,0.500000,30.000000,1,1,1,0,1,
416900,-25.000000,0.500000,30.000000,1,1,1,0,1,
417000,20.000000,0.500000,30.000000,1,1,1,0,1,
417100,20.000000,0.500000,30.000000,1,1,1,0,1,
417200,20.000000,0.500000,30.000000,1,1,1,0,1,
417300,20.000000,0.500000,30.000000,1,1,1,0,1,
417400,20.000000,0.500000,30.000000,1,1,1,0,1,
417500,20.000000,0.500000,30.000000,1,1,1,0,1,
417600,20.000000,0.500000,30.000000,1,1,1,0,1,
417700,20.000000,0.500000,30.000000,1,1,1,0,1,
417800,20.000000,0.500000,30.000000,1,1,1,0,1,
417900,20.000000,0.500000,30.000000,1,1,1,0,1,
418000,20.000000,0.500000,30.000000,1,1,1,0,1,
418100,20.000000,0.500000,30.000000,1,1,1,0,1,
418200,20.000000,0.500000,30.000000,1,1,1,0,1,
418300,20.000000,0.500000,30.000000,1,1,1,0,1,
418400,20.000000,0.500000,30.000000,1,1,1,0,1,
418500,20.000000,0.500000,30.000000,1,1,1,0,1,
418600,20.000000,0.500000,30.000000,1,1,1,0,1,
418700,20.000000,0.500000,30.000000,1,1,1,0,1,
418800,20.000000,0.500000,30.000000,1,1,1,0,1,
418900,20.000000,0.500000,30.000000,1,1,1,0,1,
419000,20.000000,0.500000,30.000000,1,1,1,0,1,
419100,20.000000,0.500000,30.000000,1,1,1,0,1,
419200,20.000000,0.500000,30.000000,1,1,1,0,1,
419300,20.000000,0.500000,30.000000,1,1,1,0,1,
419400,20.000000,0.500000,30.000000,1,1,1,0,1,
419500,20.000000,0.500000,30.000000,1,1,1,0,1,
419600,20.000000,0.500000,30.000000,1,1,1,0,1,
419700,20.000000,0.500000,30.000000,1,1,1,0,1,
419800,20.000000,0.500000,30.000000,1,1,1,0,1,
419900,20.000000,0.500000,30.000000,1,1,1,0,1,
420000,100.000000,0.500000,30.000000,1,1,1,0,1,
420100,100.000000,0.500000,30.000000,1,1,1,0,1,
420200,100.000000,0.500000,30.000000,1,1,1,0,1,
420300,100.000000,0.500000,30.000000,1,1,1,0,1,
420400,100.000000,0.500000,30.000000,1,1,1,0,1,
420500,100.000000,0.500000,30.000000,1,1,1,0,1,
420600,100.000000,0.500000,30.000000,1,1,1,0,1,
420700,100.000000,0.500000,30.000000,1,1,1,0,1,
420800,100.000000,0.500000,30.000000,1,1,1,0,1,
420900,100.000000,0.500000,30.000000,1,1,1,0,1,
421000,100.000000,0.500000,30.000000,1,1,1,0,1,
421100,100.000000,0.500000,30.000000,1,1,1,0,1,
421200,100.000000,0.500000,30.000000,1,1,1,0,1,
421300,100.000000,0.500000,30.000000,1,1,1,0,1,
421400,100.000000,0.500000,30.000000,1,1,1,0,1,
421500,-25.000000,0.500000,30.000000,1,1,1,0,1,
421600,-25.000000,0.500000,30.000000,1,1,1,0,1,
421700,-25.000000,0.500000,30.000000,1,1,1,0,1,
421800,-25.000000,0.500000,30.000000,1,1,1,0,1,
421900,-25.000000,0.500000,30.000000,1,1,1,0,1,
422000,20.000000,0.500000,30.000000,1,1,1,0,1,
422100,20.000000,0.500000,30.000000,1,1,1,0,1,
422200,20.000000,0.500000,30.000000,1,1,1,0,1,
422300,20.000000,0.500000,30.000000,1,1,1,0,1,
422400,20.000000,0.500000,30.000000,1,1,1,0,1,
422500,20.000000,0.500000,30.000000,1,1,1,0,1,
422600,20.000000,0.500000,30.000000,1,1,1,0,1,
422700,20.000000,0.500000,30.000000,1,1,1,0,1,
422800,20.000000,0.500000,30.000000,1,1,1,0,1,
422900,20.000000,0.500000,30.000000,1,1,1,0,1,
423000,20.000000,0.500000,30.000000,1,1,1,0,1,
423100,20.000000,0.500000,30.000000,1,1,1,0,1,
423200,20.000000,0.500000,30.000000,1,1,1,0,1,
423300,20.000000,0.500000,30.000000,1,1,1,0,1,
423400,20.000000,0.500000,30.000000,1,1,1,0,1,
423500,20.000000,0.500000,30.000000,1,1,1,0,1,
423600,20.000000,0.500000,30.000000,1,1,1,0,1,
423700,20.000000,0.500000,30.000000,1,1,1,0,1,
423800,20.000000,0.500000,30.000000,1,1,1,0,1,
423900,20.000000,0.500000,30.000000,1,1,1,0,1,
424000,20.000000,0.500000,30.000000,1,1,1,0,1,
424100,20.000000,0.500000,30.000000,1,1,1,0,1,
424200,20.000000,0.500000,30.000000,1,1,1,0,1,
424300,20.000000,0.500000,30.000000,1,1,1,0,1,
424400,20.000000,0.500000,30.000000,1,1,1,0,1,
424500,20.000000,0.500000,30.000000,1,1,1,0,1,
424600,20.000000,0.500000,30.000000,1,1,1,0,1,
424700,20.000000,0.500000,30.000000,1,1,1,0,1,
424800,20.000000,0.500000,30.000000,1,1,1,0,1,
424900,20.000000,0.500000,30.000000,1,1,1,0,1,
425000,100.000000,0.500000,30.000000,1,1,1,0,1,
425100,100.000000,0.500000,30.000000,1,1,1,0,1,
425200,100.000000,0.500000,30.000000,1,1,1,0,1,
425300,100.000000,0.500000,30.000000,1,1,1,0,1,
425400,100.000000,0.500000,30.000000,1,1,1,0,1,
425500,100.000000,0.500000,30.000000,1,1,1,0,1,
425600,100.000000,0.500000,30.000000,1,1,1,0,1,
425700,100.000000,0.500000,30.000000,1,1,1,0,1,
425800,100.000000,0.500000,30.000000,1,1,1,0,1,
425900,100.000000,0.500000,30.000000,1,1,1,0,1,
426000,100.000000,0.500000,30.000000,1,1,1,0,1,
426100,100.000000,0.500000,30.000000,1,1,1,0,1,
426200,100.000000,0.500000,30.000000,1,1,1,0,1,
426300,100.000000,0.500000,30.000000,1,1,1,0,1,
426400,100.000000,0.500000,30.000000,1,1,1,0,1,
426500,-25.000000,0.500000,30.000000,1,1,1,0,1,
426600,-25.000000,0.500000,30.000000,1,1,1,0,1,
426700,-25.000000,0.500000,30.000000,1,1,1,0,1,
426800,-25.000000,0.500000,30.000000,1,1,1,0,1,
426900,-25.000000,0.500000,30.000000,1,1,1,0,1,
427000,20.000000,0.500000,30.000000,1,1,1,0,1,
427100,20.000000,0.500000,30.000000,1,1,1,0,1,
427200,20.000000,0.500000,30.000000,1,1,1,0,1,
427300,20.000000,0.500000,30.000000,1,1,1,0,1,
427400,20.000000,0.500000,30.000000,1,1,1,0,1,
427500,20.000000,0.500000,30.000000,1,1,1,0,1,
427600,20.000000,0.500000,30.000000,1,1,1,0,1,
427700,20.000000,0.500000,30.000000,1,1,1,0,1,
427800,20.000000,0.500000,30.000000,1,1,1,0,1,
427900,20.000000,0.500000,30.000000,1,1,1,0,1,
428000,20.000000,0.500000,30.000000,1,1,1,0,1,
428100,20.000000,0.500000,30.000000,1,1,1,0,1,
428200,20.000000,0.500000,30.000000,1,1,1,0,1,
428300,20.000000,0.500000,30.000000,1,1,1,0,1,
428400,20.000000,0.500000,30.000000,1,1,1,0,1,
428500,20.000000,0.500000,30.000000,1,1,1,0,1,
428600,20.000000,0.500000,30.000000,1,1,1,0,1,
428700,20.000000,0.500000,30.000000,1,1,1,0,1,
428800,20.000000,0.500000,30.000000,1,1,1,0,1,
428900,20.000000,0.500000,30.000000,1,1,1,0,1,
429000,20.000000,0.500000,30.000000,1,1,1,0,1,
429100,20.000000,0.500000,30.000000,1,1,1,0,1,
429200,20.000000,0.500000,30.000000,1,1,1,0,1,
429300,20.000000,0.500000,30.000000,1,1,1,0,1,
429400,20.000000,0.500000,30.000000,1,1,1,0,1,
429500,20.000000,0.500000,30.000000,1,1,1,0,1,
429600,20.000000,0.500000,30.000000,1,1,1,0,1,
429700,20.000000,0.500000,30.000000,1,1,1,0,1,
429800,20.000000,0.500000,30.000000,1,1,1,0,1,
429900,20.000000,0.500000,30.000000,1,1,1,0,1,
430000,100.000000,0.500000,30.000000,1,1,1,0,1,
430100,100.000000,0.500000,30.000000,1,1,1,0,1,
430200,100.000000,0.500000,30.000000,1,1,1,0,1,
430300,100.000000,0.500000,30.000000,1,1,1,0,1,
430400,100.000000,0.500000,30.000000,1,1,1,0,1,
430500,100.000000,0.500000,30.000000,1,1,1,0,1,
430600,100.000000,0.500000,30.000000,1,1,1,0,1,
430700,100.000000,0.500000,30.000000,1,1,1,0,1,
430800,100.000000,0.500000,30.000000,1,1,1,0,1,
430900,100.000000,0.500000,30.000000,1,1,1,0,1,
431000,100.000000,0.500000,30.000000,1,1,1,0,1,
431100,100.000000,0.500000,30.000000,1,1,1,0,1,
431200,100.000000,0.500000,30.000000,1,1,1,0,1,
431300,100.000000,0.500000,30.000000,1,1,1,0,1,
431400,100.000000,0.500000,30.000000,1,1,1,0,1,
431500,-25.000000,0.500000,30.000000,1,1,1,0,1,
431600,-25.000000,0.500000,30.000000,1,1,1,0,1,
431700,-25.000000,0.500000,30.000000,1,1,1,0,1,
431800,-25.000000,0.500000,30.000000,1,1,1,0,1,
431900,-25.000000,0.500000,30.000000,1,1,1,0,1,
432000,20.000000,0.500000,30.000000,1,1,1,0,1,
432100,20.000000,0.500000,30.000000,1,1,1,0,1,
432200,20.000000,0.500000,30.000000,1,1,1,0,1,
432300,20.000000,0.500000,30.000000,1,1,1,0,1,
432400,20.000000,0.500000,30.000000,1,1,1,0,1,
432500,20.000000,0.500000,30.000000,1,1,1,0,1,
432600,20.000000,0.500000,30.000000,1,1,1,0,1,
432700,20.000000,0.500000,30.000000,1,1,1,0,1,
432800,20.000000,0.500000,30.000000,1,1,1,0,1,
432900,20.000000,0.500000,30.000000,1,1,1,0,1,
433000,20.000000,0.500000,30.000000,1,1,1,0,1,
433100,20.000000,0.500000,30.000000,1,1,1,0,1,
433200,20.000000,0.500000,30.000000,1,1,1,0,1,
433300,20.000000,0.500000,30.000000,1,1,1,0,1,
433400,20.000000,0.500000,30.000000,1,1,1,0,1,
433500,20.000000,0.500000,30.000000,1,1,1,0,1,
433600,20.000000,0.500000,30.000000,1,1,1,0,1,
433700,20.000000,0.500000,30.000000,1,1,1,0,1,
433800,20.000000,0.500000,30.000000,1,1,1,0,1,
433900,20.000000,0.500000,30.000000,1,1,1,0,1,
434000,20.000000,0.500000,30.000000,1,1,1,0,1,
434100,20.000000,0.500000,30.000000,1,1,1,0,1,
434200,20.000000,0.500000,30.000000,1,1,1,0,1,
434300,20.000000,0.500000,30.000000,1,1,1,0,1,
434400,20.000000,0.500000,30.000000,1,1,1,0,1,
434500,20.000000,0.500000,30.000000,1,1,1,0,1,
434600,20.000000,0.500000,30.000000,1,1,1,0,1,
434700,20.000000,0.500000,30.000000,1,1,1,0,1,
434800,20.000000,0.500000,30.000000,1,1,1,0,1,
434900,20.000000,0.500000,30.000000,1,1,1,0,1,
435000,100.000000,0.500000,30.000000,1,1,1,0,1,
435100,100.000000,0.500000,30.000000,1,1,1,0,1,
435200,100.000000,0.500000,30.000000,1,1,1,0,1,
435300,100.000000,0.500000,30.000000,1,1,1,0,1,
435400,100.000000,0.500000,30.000000,1,1,1,0,1,
435500,100.000000,0.500000,30.000000,1,1,1,0,1,
435600,100.000000,0.500000,30.000000,1,1,1,0,1,
435700,100.000000,0.500000,30.000000,1,1,1,0,1,
435800,100.000000,0.500000,30.000000,1,1,1,0,1,
435900,100.000000,0.500000,30.000000,1,1,1,0,1,
436000,100.000000,0.500000,30.000000,1,1,1,0,1,
436100,100.000000,0.500000,30.000000,1,1,1,0,1,
436200,100.000000,0.500000,30.000000,1,1,1,0,1,
436300,100.000000,0.500000,30.000000,1,1,1,0,1,
436400,100.000000,0.500000,30.000000,1,1,1,0,1,
436500,-25.000000,0.500000,30.000000,1,1,1,0,1,
436600,-25.000000,0.500000,30.000000,1,1,1,0,1,
436700,-25.000000,0.500000,30.000000,1,1,1,0,1,
436800,-25.000000,0.500000,30.000000,1,1,1,0,1,
436900,-25.000000,0.500000,30.000000,1,1,1,0,1,
437000,20.000000,0.500000,30.000000,1,1,1,0,1,
437100,20.000000,0.500000,30.000000,1,1,1,0,1,
437200,20.000000,0.500000,30.000000,1,1,1,0,1,
437300,20.000000,0.500000,30.000000,1,1,1,0,1,
437400,20.000000,0.500000,30.000000,1,1,1,0,1,
437500,20.000000,0.500000,30.000000,1,1,1,0,1,
437600,20.000000,0.500000,30.000000,1,1,1,0,1,
437700,20.000000,0.500000,30.000000,1,1,1,0,1,
437800,20.000000,0.500000,30.000000,1,1,1,0,1,
437900,20.000000,0.500000,30.000000,1,1,1,0,1,
438000,20.000000,0.500000,30.000000,1,1,1,0,1,
438100,20.000000,0.500000,30.000000,1,1,1,0,1,
438200,20.000000,0.500000,30.000000,1,1,1,0,1,
438300,20.000000,0.500000,30.000000,1,1,1,0,1,
438400,20.000000,0.500000,30.000000,1,1,1,0,1,
438500,20.000000,0.500000,30.000000,1,1,1,0,1,
438600,20.000000,0.500000,30.000000,1,1,1,0,1,
438700,20.000000,0.500000,30.000000,1,1,1,0,1,
438800,20.000000,0.500000,30.000000,1,1,1,0,1,
438900,20.000000,0.500000,30.000000,1,1,1,0,1,
439000,20.000000,0.500000,30.000000,1,1,1,0,1,
439100,20.000000,0.500000,30.000000,1,1,1,0,1,
439200,20.000000,0.500000,30.000000,1,1,1,0,1,
439300,20.000000,0.500000,30.000000,1,1,1,0,1,
439400,20.000000,0.500000,30.000000,1,1,1,0,1,
439500,20.000000,0.500000,30.000000,1,1,1,0,1,
439600,20.000000,0.500000,30.000000,1,1,1,0,1,
439700,20.000000,0.500000,30.000000,1,1,1,0,1,
439800,20.000000,0.500000,30.000000,1,1,1,0,1,
439900,20.000000,0.500000,30.000000,1,1,1,0,1,
440000,100.000000,0.500000,30.000000,1,1,1,0,1,
440100,100.000000,0.500000,30.000000,1,1,1,0,1,
440200,100.000000,0.500000,30.000000,1,1,1,0,1,
440300,100.000000,0.500000,30.000000,1,1,1,0,1,
440400,100.000000,0.500000,30.000000,1,1,1,0,1,
440500,100.000000,0.500000,30.000000,1,1,1,0,1,
440600,100.000000,0.500000,30.000000,1,1,1,0,1,
440700,100.000000,0.500000,30.000000,1,1,1,0,1,
440800,100.000000,0.500000,30.000000,1,1,1,0,1,
440900,100.000000,0.500000,30.000000,1,1,1,0,1,
441000,100.000000,0.500000,30.000000,1,1,1,0,1,
441100,100.000000,0.500000,30.000000,1,1,1,0,1,
441200,100.000000,0.500000,30.000000,1,1,1,0,1,
441300,100.000000,0.500000,30.000000,1,1,1,0,1,
441400,100.000000,0.500000,30.000000,1,1,1,0,1,
441500,-25.000000,0.500000,30.000000,1,1,1,0,1,
441600,-25.000000,0.500000,30.000000,1,1,1,0,1,
441700,-25.000000,0.500000,30.000000,1,1,1,0,1,
441800,-25.000000,0.500000,30.000000,1,1,1,0,1,
441900,-25.000000,0.500000,30.000000,1,1,1,0,1,
442000,20.000000,0.500000,30.000000,1,1,1,0,1,
442100,20.000000,0.500000,30.000000,1,1,1,0,1,
442200,20.000000,0.500000,30.000000,1,1,1,0,1,
442300,20.000000,0.500000,30.000000,1,1,1,0,1,
442400,20.000000,0.500000,30.000000,1,1,1,0,1,
442500,20.000000,0.500000,30.000000,1,1,1,0,1,
442600,20.000000,0.500000,30.000000,1,1,1,0,1,
442700,20.000000,0.500000,30.000000,1,1,1,0,1,
442800,20.000000,0.500000,30.000000,1,1,1,0,1,
442900,20.000000,0.500000,30.000000,1,1,1,0,1,
443000,20.000000,0.500000,30.000000,1,1,1,0,1,
443100,20.000000,0.500000,30.000000,1,1,1,0,1,
443200,20.000000,0.500000,30.000000,1,1,1,0,1,
443300,20.000000,0.500000,30.000000,1,1,1,0,1,
443400,20.000000,0.500000,30.000000,1,1,1,0,1,
443500,20.000000,0.500000,30.000000,1,1,1,0,1,
443600,20.000000,0.500000,30.000000,1,1,1,0,1,
443700,20.000000,0.500000,30.000000,1,1,1,0,1,
443800,20.000000,0.500000,30.000000,1,1,1,0,1,
443900,20.000000,0.500000,30.000000,1,1,1,0,1,
444000,20.000000,0.500000,30.000000,1,1,1,0,1,
444100,20.000000,0.500000,30.000000,1,1,1,0,1,
444200,20.000000,0.500000,30.000000,1,1,1,0,1,
444300,20.000000,0.500000,30.000000,1,1,1,0,1,
444400,20.000000,0.500000,30.000000,1,1,1,0,1,
444500,20.000000,0.500000,30.000000,1,1,1,0,1,
444600,20.000000,0.500000,30.000000,1,1,1,0,1,
444700,20.000000,0.500000,30.000000,1,1,1,0,1,
444800,20.000000,0.500000,30.000000,1,1,1,0,1,
444900,20.000000,0.500000,30.000000,1,1,1,0,1,
445000,100.000000,0.500000,30.000000,1,1,1,0,1,
445100,100.000000,0.500000,30.000000,1,1,1,0,1,
445200,100.000000,0.500000,30.000000,1,1,1,0,1,
445300,100.000000,0.500000,30.000000,1,1,1,0,1,
445400,100.000000,0.500000,30.000000,1,1,1,0,1,
445500,100.000000,0.500000,30.000000,1,1,1,0,1,
445600,100.000000,0.500000,30.000000,1,1,1,0,1,
445700,100.000000,0.500000,30.000000,1,1,1,0,1,
445800,100.000000,0.500000,30.000000,1,1,1,0,1,
445900,100.000000,0.500000,30.000000,1,1,1,0,1,
446000,100.000000,0.500000,30.000000,1,1,1,0,1,
446100,100.000000,0.500000,30.000000,1,1,1,0,1,
446200,100.000000,0.500000,30.000000,1,1,1,0,1,
446300,100.000000,0.500000,30.000000,1,1,1,0,1,
446400,100.000000,0.500000,30.000000,1,1,1,0,1,
446500,-25.000000,0.500000,30.000000,1,1,1,0,1,
446600,-25.000000,0.500000,30.000000,1,1,1,0,1,
446700,-25.000000,0.500000,30.000000,1,1,1,0,1,
446800,-25.000000,0.500000,30.000000,1,1,1,0,1,
446900,-25.000000,0.500000,30.000000,1,1,1,0,1,
447000,20.000000,0.500000,30.000000,1,1,1,0,1,
447100,20.000000,0.500000,30.000000,1,1,1,0,1,
447200,20.000000,0.500000,30.000000,1,1,1,0,1,
447300,20.000000,0.500000,30.000000,1,1,1,0,1,
447400,20.000000,0.500000,30.000000,1,1,1,0,1,
447500,20.000000,0.500000,30.000000,1,1,1,0,1,
447600,20.000000,0.500000,30.000000,1,1,1,0,1,
447700,20.000000,0.500000,30.000000,1,1,1,0,1,
447800,20.000000,0.500000,30.000000,1,1,1,0,1,
447900,20.000000,0.500000,30.000000,1,1,1,0,1,
448000,20.000000,0.500000,30.000000,1,1,1,0,1,
448100,20.000000,0.500000,30.000000,1,1,1,0,1,
448200,20.000000,0.500000,30.000000,1,1,1,0,1,
448300,20.000000,0.500000,30.000000,1,1,1,0,1,
448400,20.000000,0.500000,30.000000,1,1,1,0,1,
448500,20.000000,0.500000,30.000000,1,1,1,0,1,
448600,20.000000,0.500000,30.000000,1,1,1,0,1,
448700,20.000000,0.500000,30.000000,1,1,1,0,1,
448800,20.000000,0.500000,30.000000,1,1,1,0,1,
448900,20.000000,0.500000,30.000000,1,1,1,0,1,
449000,20.000000,0.500000,30.000000,1,1,1,0,1,
449100,20.000000,0.500000,30.000000,1,1,1,0,1,
449200,20.000000,0.500000,30.000000,1,1,1,0,1,
449300,20.000000,0.500000,30.000000,1,1,1,0,1,
449400,20.000000,0.500000,30.000000,1,1,1,0,1,
449500,20.000000,0.500000,30.000000,1,1,1,0,1,
449600,20.000000,0.500000,30.000000,1,1,1,0,1,
449700,20.000000,0.500000,30.000000,1,1,1,0,1,
449800,20.000000,0.500000,30.000000,1,1,1,0,1,
449900,20.000000,0.500000,30.000000,1,1,1,0,1,
450000,100.000000,0.500000,30.000000,1,1,1,0,1,
450100,100.000000,0.500000,30.000000,1,1,1,0,1,
450200,100.000000,0.500000,30.000000,1,1,1,0,1,
450300,100.000000,0.500000,30.000000,1,1,1,0,1,
450400,100.000000,0.500000,30.000000,1,1,1,0,1,
450500,100.000000,0.500000,30.000000,1,1,1,0,1,
450600,100.000000,0.500000,30.000000,1,1,1,0,1,
450700,100.000000,0.500000,30.000000,1,1,1,0,1,
450800,100.000000,0.500000,30.000000,1,1,1,0,1,
450900,100.000000,0.500000,30.000000,1,1,1,0,1,
451000,100.000000,0.500000,30.000000,1,1,1,0,1,
451100,100.000000,0.500000,30.000000,1,1,1,0,1,
451200,100.000000,0.500000,30.000000,1,1,1,0,1,
451300,100.000000,0.500000,30.000000,1,1,1,0,1,
451400,100.000000,0.500000,30.000000,1,1,1,0,1,
451500,-25.000000,0.500000,30.000000,1,1,1,0,1,
451600,-25.000000,0.500000,30.000000,1,1,1,0,1,
451700,-25.000000,0.500000,30.000000,1,1,1,0,1,
451800,-25.000000,0.500000,30.000000,1,1,1,0,1,
451900,-25.000000,0.500000,30.000000,1,1,1,0,1,
452000,20.000000,0.500000,30.000000,1,1,1,0,1,
452100,20.000000,0.500000,30.000000,1,1,1,0,1,
452200,20.000000,0.500000,30.000000,1,1,1,0,1,
452300,20.000000,0.500000,30.000000,1,1,1,0,1,
452400,20.000000,0.500000,30.000000,1,1,1,0,1,
452500,20.000000,0.500000,30.000000,1,1,1,0,1,
452600,20.000000,0.500000,30.000000,1,1,1,0,1,
452700,20.000000,0.500000,30.000000,1,1,1,0,1,
452800,20.000000,0.500000,30.000000,1,1,1,0,1,
452900,20.000000,0.500000,30.000000,1,1,1,0,1,
453000,20.000000,0.500000,30.000000,1,1,1,0,1,
453100,20.000000,0.500000,30.000000,1,1,1,0,1,
453200,20.000000,0.500000,30.000000,1,1,1,0,1,
453300,20.000000,0.500000,30.000000,1,1,1,0,1,
453400,20.000000,0.500000,30.000000,1,1,1,0,1,
453500,20.000000,0.500000,30.000000,1,1,1,0,1,
453600,20.000000,0.500000,30.000000,1,1,1,0,1,
453700,20.000000,0.500000,30.000000,1,1,1,0,1,
453800,20.000000,0.500000,30.000000,1,1,1,0,1,
453900,20.000000,0.500000,30.000000,1,1,1,0,1,
454000,20.000000,0.500000,30.000000,1,1,1,0,1,
454100,20.000000,0.500000,30.000000,1,1,1,0,1,
454200,20.000000,0.500000,30.000000,1,1,1,0,1,
454300,20.000000,0.500000,30.000000,1,1,1,0,1,
454400,20.000000,0.500000,30.000000,1,1,1,0,1,
454500,20.000000,0.500000,30.000000,1,1,1,0,1,
454600,20.000000,0.500000,30.000000,1,1,1,0,1,
454700,20.000000,0.500000,30.000000,1,1,1,0,1,
454800,20.000000,0.500000,30.000000,1,1,1,0,1,
454900,20.000000,0.500000,30.000000,1,1,1,0,1,
455000,100.000000,0.500000,30.000000,1,1,1,0,1,
455100,100.000000,0.500000,30.000000,1,1,1,0,1,
455200,100.000000,0.500000,30.000000,1,1,1,0,1,
455300,100.000000,0.500000,30.000000,1,1,1,0,1,
455400,100.000000,0.500000,30.000000,1,1,1,0,1,
455500,100.000000,0.500000,30.000000,1,1,1,0,1,
455600,100.000000,0.500000,30.000000,1,1,1,0,1,
455700,100.000000,0.500000,30.000000,1,1,1,0,1,
455800,100.000000,0.500000,30.000000,1,1,1,0,1,
455900,100.000000,0.500000,30.000000,1,1,1,0,1,
456000,100.000000,0.500000,30.000000,1,1,1,0,1,
456100,100.000000,0.500000,30.000000,1,1,1,0,1,
456200,100.000000,0.500000,30.000000,1,1,1,0,1,
456300,100.000000,0.500000,30.000000,1,1,1,0,1,
456400,100.000000,0.500000,30.000000,1,1,1,0,1,
456500,-25.000000,0.500000,30.000000,1,1,1,0,1,
456600,-25.000000,0.500000,30.000000,1,1,1,0,1,
456700,-25.000000,0.500000,30.000000,1,1,1,0,1,
456800,-25.000000,0.500000,30.000000,1,1,1,0,1,
456900,-25.000000,0.500000,30.000000,1,1,1,0,1,
457000,20.000000,0.500000,30.000000,1,1,1,0,1,
457100,20.000000,0.500000,30.000000,1,1,1,0,1,
457200,20.000000,0.500000,30.000000,1,1,1,0,1,
457300,20.000000,0.500000,30.000000,1,1,1,0,1,
457400,20.000000,0.500000,30.000000,1,1,1,0,1,
457500,20.000000,0.500000,30.000000,1,1,1,0,1,
457600,20.000000,0.500000,30.000000,1,1,1,0,1,
457700,20.000000,0.500000,30.000000,1,1,1,0,1,
457800,20.000000,0.500000,30.000000,1,1,1,0,1,
457900,20.000000,0.500000,30.000000,1,1,1,0,1,
458000,20.000000,0.500000,30.000000,1,1,1,0,1,
458100,20.000000,0.500000,30.000000,1,1,1,0,1,
458200,20.000000,0.500000,30.000000,1,1,1,0,1,
458300,20.000000,0.500000,30.000000,1,1,1,0,1,
458400,20.000000,0.500000,30.000000,1,1,1,0,1,
458500,20.000000,0.500000,30.000000,1,1,1,0,1,
458600,20.000000,0.500000,30.000000,1,1,1,0,1,
458700,20.000000,0.500000,30.000000,1,1,1,0,1,
458800,20.000000,0.500000,30.000000,1,1,1,0,1,
458900,20.000000,0.500000,30.000000,1,1,1,0,1,
459000,20.000000,0.500000,30.000000,1,1,1,0,1,
459100,20.000000,0.500000,30.000000,1,1,1,0,1,
459200,20.000000,0.500000,30.000000,1,1,1,0,1,
459300,20.000000,0.500000,30.000000,1,1,1,0,1,
459400,20.000000,0.500000,30.000000,1,1,1,0,1,
459500,20.000000,0.500000,30.000000,1,1,1,0,1,
459600,20.000000,0.500000,30.000000,1,1,1,0,1,
459700,20.000000,0.500000,30.000000,1,1,1,0,1,
459800,20.000000,0.500000,30.000000,1,1,1,0,1,
459900,20.000000,0.500000,30.000000,1,1,1,0,1,
460000,100.000000,0.500000,30.000000,1,1,1,0,1,
460100,100.000000,0.500000,30.000000,1,1,1,0,1,
460200,100.000000,0.500000,30.000000,1,1,1,0,1,
460300,100.000000,0.500000,30.000000,1,1,1,0,1,
460400,100.000000,0.500000,30.000000,1,1,1,0,1,
460500,100.000000,0.500000,30.000000,1,1,1,0,1,
460600,100.000000,0.500000,30.000000,1,1,1,0,1,
460700,100.000000,0.500000,30.000000,1,1,1,0,1,
460800,100.000000,0.500000,30.000000,1,1,1,0,1,
460900,100.000000,0.500000,30.000000,1,1,1,0,1,
461000,100.000000,0.500000,30.000000,1,1,1,0,1,
461100,100.000000,0.500000,30.000000,1,1,1,0,1,
461200,100.000000,0.500000,30.000000,1,1,1,0,1,
461300,100.000000,0.500000,30.000000,1,1,1,0,1,
461400,100.000000,0.500000,30.000000,1,1,1,0,1,
461500,-25.000000,0.500000,30.000000,1,1,1,0,1,
461600,-25.000000,0.500000,30.000000,1,1,1,0,1,
461700,-25.000000,0.500000,30.000000,1,1,1,0,1,
461800,-25.000000,0.500000,30.000000,1,1,1,0,1,
461900,-25.000000,0.500000,30.000000,1,1,1,0,1,
462000,20.000000,0.500000,30.000000,1,1,1,0,1,
462100,20.000000,0.500000,30.000000,1,1,1,0,1,
462200,20.000000,0.500000,30.000000,1,1,1,0,1,
462300,20.000000,0.500000,30.000000,1,1,1,0,1,
462400,20.000000,0.500000,30.000000,1,1,1,0,1,
462500,20.000000,0.500000,30.000000,1,1,1,0,1,
462600,20.000000,0.500000,30.000000,1,1,1,0,1,
462700,20.000000,0.500000,30.000000,1,1,1,0,1,
462800,20.000000,0.500000,30.000000,1,1,1,0,1,
462900,20.000000,0.500000,30.000000,1,1,1,0,1,
463000,20.000000,0.500000,30.000000,1,1,1,0,1,
463100,20.000000,0.500000,30.000000,1,1,1,0,1,
463200,20.000000,0.500000,30.000000,1,1,1,0,1,
463300,20.000000,0.500000,30.000000,1,1,1,0,1,
463400,20.000000,0.500000,30.000000,1,1,1,0,1,
463500,20.000000,0.500000,30.000000,1,1,1,0,1,
463600,20.000000,0.500000,30.000000,1,1,1,0,1,
463700,20.000000,0.500000,30.000000,1,1,1,0,1,
463800,20.000000,0.500000,30.000000,1,1,1,0,1,
463900,20.000000,0.500000,30.000000,1,1,1,0,1,
464000,20.000000,0.500000,30.000000,1,1,1,0,1,
464100,20.000000,0.500000,30.000000,1,1,1,0,1,
464200,20.000000,0.500000,30.000000,1,1,1,0,1,
464300,20.000000,0.500000,30.000000,1,1,1,0,1,
464400,20.000000,0.500000,30.000000,1,1,1,0,1,
464500,20.000000,0.500000,30.000000,1,1,1,0,1,
464600,20.000000,0.500000,30.000000,1,1,1,0,1,
464700,20.000000,0.500000,30.000000,1,1,1,0,1,
464800,20.000000,0.500000,30.000000,1,1,1,0,1,
464900,20.000000,0.500000,30.000000,1,1,1,0,1,
465000,100.000000,0.500000,30.000000,1,1,1,0,1,
465100,100.000000,0.500000,30.000000,1,1,1,0,1,
465200,100.000000,0.500000,30.000000,1,1,1,0,1,
465300,100.000000,0.500000,30.000000,1,1,1,0,1,
465400,100.000000,0.500000,30.000000,1,1,1,0,1,
465500,100.000000,0.500000,30.000000,1,1,1,0,1,
465600,100.000000,0.500000,30.000000,1,1,1,0,1,
465700,100.000000,0.500000,30.000000,1,1,1,0,1,
465800,100.000000,0.500000,30.000000,1,1,1,0,1,
465900,100.000000,0.500000,30.000000,1,1,1,0,1,
466000,100.000000,0.500000,30.000000,1,1,1,0,1,
466100,100.000000,0.500000,30.000000,1,1,1,0,1,
466200,100.000000,0.500000,30.000000,1,1,1,0,1,
466300,100.000000,0.500000,30.000000,1,1,1,0,1,
466400,100.000000,0.500000,30.000000,1,1,1,0,1,
466500,-25.000000,0.500000,30.000000,1,1,1,0,1,
466600,-25.000000,0.500000,30.000000,1,1,1,0,1,
466700,-25.000000,0.500000,30.000000,1,1,1,0,1,
466800,-25.000000,0.500000,30.000000,1,1,1,0,1,
466900,-25.000000,0.500000,30.000000,1,1,1,0,1,
467000,20.000000,0.500000,30.000000,1,1,1,0,1,
467100,20.000000,0.500000,30.000000,1,1,1,0,1,
467200,20.000000,0.500000,30.000000,1,1,1,0,1,
467300,20.000000,0.500000,30.000000,1,1,1,0,1,
467400,20.000000,0.500000,30.000000,1,1,1,0,1,
467500,20.000000,0.500000,30.000000,1,1,1,0,1,
467600,20.000000,0.500000,30.000000,1,1,1,0,1,
467700,20.000000,0.500000,30.000000,1,1,1,0,1,
467800,20.000000,0.500000,30.000000,1,1,1,0,1,
467900,20.000000,0.500000,30.000000,1,1,1,0,1,
468000,20.000000,0.500000,30.000000,1,1,1,0,1,
468100,20.000000,0.500000,30.000000,1,1,1,0,1,
468200,20.000000,0.500000,30.000000,1,1,1,0,1,
468300,20.000000,0.500000,30.000000,1,1,1,0,1,
468400,20.000000,0.500000,30.000000,1,1,1,0,1,
468500,20.000000,0.500000,30.000000,1,1,1,0,1,
468600,20.000000,0.500000,30.000000,1,1,1,0,1,
468700,20.000000,0.500000,30.000000,1,1,1,0,1,
468800,20.000000,0.500000,30.000000,1,1,1,0,1,
468900,20.000000,0.500000,30.000000,1,1,1,0,1,
469000,20.000000,0.500000,30.000000,1,1,1,0,1,
469100,20.000000,0.500000,30.000000,1,1,1,0,1,
469200,20.000000,0.500000,30.000000,1,1,1,0,1,
469300,20.000000,0.500000,30.000000,1,1,1,0,1,
469400,20.000000,0.500000,30.000000,1,1,1,0,1,
469500,20.000000,0.500000,30.000000,1,1,1,0,1,
469600,20.000000,0.500000,30.000000,1,1,1,0,1,
469700,20.000000,0.500000,30.000000,1,1,1,0,1,
469800,20.000000,0.500000,30.000000,1,1,1,0,1,
469900,20.000000,0.500000,30.000000,1,1,1,0,1,
470000,100.000000,0.500000,30.000000,1,1,1,0,1,
470100,100.000000,0.500000,30.000000,1,1,1,0,1,
470200,100.000000,0.500000,30.000000,1,1,1,0,1,
470300,100.000000,0.500000,30.000000,1,1,1,0,1,
470400,100.000000,0.500000,30.000000,1,1,1,0,1,
470500,100.000000,0.500000,30.000000,1,1,1,0,1,
470600,100.000000,0.500000,30.000000,1,1,1,0,1,
470700,100.000000,0.500000,30.000000,1,1,1,0,1,
470800,100.000000,0.500000,30.000000,1,1,1,0,1,
470900,100.000000,0.500000,30.000000,1,1,1,0,1,
471000,100.000000,0.500000,30.000000,1,1,1,0,1,
471100,100.000000,0.500000,30.000000,1,1,1,0,1,
471200,100.000000,0.500000,30.000000,1,1,1,0,1,
471300,100.000000,0.500000,30.000000,1,1,1,0,1,
471400,100.000000,0.500000,30.000000,1,1,1,0,1,
471500,-25.000000,0.500000,30.000000,1,1,1,0,1,
471600,-25.000000,0.500000,30.000000,1,1,1,0,1,
471700,-25.000000,0.500000,30.000000,1,1,1,0,1,
471800,-25.000000,0.500000,30.000000,1,1,1,0,1,
471900,-25.000000,0.500000,30.000000,1,1,1,0,1,
472000,20.000000,0.500000,30.000000,1,1,1,0,1,
472100,20.000000,0.500000,30.000000,1,1,1,0,1,
472200,20.000000,0.500000,30.000000,1,1,1,0,1,
472300,20.000000,0.500000,30.000000,1,1,1,0,1,
472400,20.000000,0.500000,30.000000,1,1,1,0,1,
472500,20.000000,0.500000,30.000000,1,1,1,0,1,
472600,20.000000,0.500000,30.000000,1,1,1,0,1,
472700,20.000000,0.500000,30.000000,1,1,1,0,1,
472800,20.000000,0.500000,30.000000,1,1,1,0,1,
472900,20.000000,0.500000,30.000000,1,1,1,0,1,
473000,20.000000,0.500000,30.000000,1,1,1,0,1,
473100,20.000000,0.500000,30.000000,1,1,1,0,1,
473200,20.000000,0.500000,30.000000,1,1,1,0,1,
473300,20.000000,0.500000,30.000000,1,1,1,0,1,
473400,20.000000,0.500000,30.000000,1,1,1,0,1,
473500,20.000000,0.500000,30.000000,1,1,1,0,1,
473600,20.000000,0.500000,30.000000,1,1,1,0,1,
473700,20.000000,0.500000,30.000000,1,1,1,0,1,
473800,20.000000,0.500000,30.000000,1,1,1,0,1,
473900,20.000000,0.500000,30.000000,1,1,1,0,1,
474000,20.000000,0.500000,30.000000,1,1,1,0,1,
474100,20.000000,0.500000,30.000000,1,1,1,0,1,
474200,20.000000,0.500000,30.000000,1,1,1,0,1,
474300,20.000000,0.500000,30.000000,1,1,1,0,1,
474400,20.000000,0.500000,30.000000,1,1,1,0,1,
474500,20.000000,0.500000,30.000000,1,1,1,0,1,
474600,20.000000,0.500000,30.000000,1,1,1,0,1,
474700,20.000000,0.500000,30.000000,1,1,1,0,1,
474800,20.000000,0.500000,30.000000,1,1,1,0,1,
474900,20.000000,0.500000,30.000000,1,1,1,0,1,
475000,100.000000,0.500000,30.000000,1,1,1,0,1,
475100,100.000000,0.500000,30.000000,1,1,1,0,1,
475200,100.000000,0.500000,30.000000,1,1,1,0,1,
475300,100.000000,0.500000,30.000000,1,1,1,0,1,
475400,100.000000,0.500000,30.000000,1,1,1,0,1,
475500,100.000000,0.500000,30.000000,1,1,1,0,1,
475600,100.000000,0.500000,30.000000,1,1,1,0,1,
475700,100.000000,0.500000,30.000000,1,1,1,0,1,
475800,100.000000,0.500000,30.000000,1,1,1,0,1,
475900,100.000000,0.500000,30.000000,1,1,1,0,1,
476000,100.000000,0.500000,30.000000,1,1,1,0,1,
476100,100.000000,0.500000,30.000000,1,1,1,0,1,
476200,100.000000,0.500000,30.000000,1,1,1,0,1,
476300,100.000000,0.500000,30.000000,1,1,1,0,1,
476400,100.000000,0.500000,30.000000,1,1,1,0,1,
476500,-25.000000,0.500000,30.000000,1,1,1,0,1,
476600,-25.000000,0.500000,30.000000,1,1,1,0,1,
476700,-25.000000,0.500000,30.000000,1,1,1,0,1,
476800,-25.000000,0.500000,30.000000,1,1,1,0,1,
476900,-25.000000,0.500000,30.000000,1,1,1,0,1,
477000,20.000000,0.500000,30.000000,1,1,1,0,1,
477100,20.000000,0.500000,30.000000,1,1,1,0,1,
477200,20.000000,0.500000,30.000000,1,1,1,0,1,
477300,20.000000,0.500000,30.000000,1,1,1,0,1,
477400,20.000000,0.500000,30.000000,1,1,1,0,1,
477500,20.000000,0.500000,30.000000,1,1,1,0,1,
477600,20.000000,0.500000,30.000000,1,1,1,0,1,
477700,20.000000,0.500000,30.000000,1,1,1,0,1,
477800,20.000000,0.500000,30.000000,1,1,1,0,1,
477900,20.000000,0.500000,30.000000,1,1,1,0,1,
478000,20.000000,0.500000,30.000000,1,1,1,0,1,
478100,20.000000,0.500000,30.000000,1,1,1,0,1,
478200,20.000000,0.500000,30.000000,1,1,1,0,1,
478300,20.000000,0.500000,30.000000,1,1,1,0,1,
478400,20.000000,0.500000,30.000000,1,1,1,0,1,
478500,20.000000,0.500000,30.000000,1,1,1,0,1,
478600,20.000000,0.500000,30.000000,1,1,1,0,1,
478700,20.000000,0.500000,30.000000,1,1,1,0,1,
478800,20.000000,0.500000,30.000000,1,1,1,0,1,
478900,20.000000,0.500000,30.000000,1,1,1,0,1,
479000,20.000000,0.500000,30.000000,1,1,1,0,1,
479100,20.000000,0.500000,30.000000,1,1,1,0,1,
479200,20.000000,0.500000,30.000000,1,1,1,0,1,
479300,20.000000,0.500000,30.000000,1,1,1,0,1,
479400,20.000000,0.500000,30.000000,1,1,1,0,1,
479500,20.000000,0.500000,30.000000,1,1,1,0,1,
479600,20.000000,0.500000,30.000000,1,1,1,0,1,
479700,20.000000,0.500000,30.000000,1,1,1,0,1,
479800,20.000000,0.500000,30.000000,1,1,1,0,1,
479900,20.000000,0.500000,30.000000,1,1,1,0,1,
480000,100.000000,0.500000,30.000000,1,1,1,0,1,
480100,100.000000,0.500000,30.000000,1,1,1,0,1,
480200,100.000000,0.500000,30.000000,1,1,1,0,1,
480300,100.000000,0.500000,30.000000,1,1,1,0,1,
480400,100.000000,0.500000,30.000000,1,1,1,0,1,
480500,100.000000,0.500000,30.000000,1,1,1,0,1,
480600,100.000000,0.500000,30.000000,1,1,1,0,1,
480700,100.000000,0.500000,30.000000,1,1,1,0,1,
480800,100.000000,0.500000,30.000000,1,1,1,0,1,
480900,100.000000,0.500000,30.000000,1,1,1,0,1,
481000,100.000000,0.500000,30.000000,1,1,1,0,1,
481100,100.000000,0.500000,30.000000,1,1,1,0,1,
481200,100.000000,0.500000,30.000000,1,1,1,0,1,
481300,100.000000,0.500000,30.000000,1,1,1,0,1,
481400,100.000000,0.500000,30.000000,1,1,1,0,1,
481500,-25.000000,0.500000,30.000000,1,1,1,0,1,
481600,-25.000000,0.500000,30.000000,1,1,1,0,1,
481700,-25.000000,0.500000,30.000000,1,1,1,0,1,
481800,-25.000000,0.500000,30.000000,1,1,1,0,1,
481900,-25.000000,0.500000,30.000000,1,1,1,0,1,
482000,20.000000,0.500000,30.000000,1,1,1,0,1,
482100,20.000000,0.500000,30.000000,1,1,1,0,1,
482200,20.000000,0.500000,30.000000,1,1,1,0,1,
482300,20.000000,0.500000,30.000000,1,1,1,0,1,
482400,20.000000,0.500000,30.000000,1,1,1,0,1,
482500,20.000000,0.500000,30.000000,1,1,1,0,1,
482600,20.000000,0.500000,30.000000,1,1,1,0,1,
482700,20.000000,0.500000,30.000000,1,1,1,0,1,
482800,20.000000,0.500000,30.000000,1,1,1,0,1,
482900,20.000000,0.500000,30.000000,1,1,1,0,1,
483000,20.000000,0.500000,30.000000,1,1,1,0,1,
483100,20.000000,0.500000,30.000000,1,1,1,0,1,
483200,20.000000,0.500000,30.000000,1,1,1,0,1,
483300,20.000000,0.500000,30.000000,1,1,1,0,1,
483400,20.000000,0.500000,30.000000,1,1,1,0,1,
483500,20.000000,0.500000,30.000000,1,1,1,0,1,
483600,20.000000,0.500000,30.000000,1,1,1,0,1,
483700,20.000000,0.500000,30.000000,1,1,1,0,1,
483800,20.000000,0.500000,30.000000,1,1,1,0,1,
483900,20.000000,0.500000,30.000000,1,1,1,0,1,
484000,20.000000,0.500000,30.000000,1,1,1,0,1,
484100,20.000000,0.500000,30.000000,1,1,1,0,1,
484200,20.000000,0.500000,30.000000,1,1,1,0,1,
484300,20.000000,0.500000,30.000000,1,1,1,0,1,
484400,20.000000,0.500000,30.000000,1,1,1,0,1,
484500,20.000000,0.500000,30.000000,1,1,1,0,1,
484600,20.000000,0.500000,30.000000,1,1,1,0,1,
484700,20.000000,0.500000,30.000000,1,1,1,0,1,
484800,20.000000,0.500000,30.000000,1,1,1,0,1,
484900,20.000000,0.500000,30.000000,1,1,1,0,1,
485000,100.000000,0.500000,30.000000,1,1,1,0,1,
485100,100.000000,0.500000,30.000000,1,1,1,0,1,
485200,100.000000,0.500000,30.000000,1,1,1,0,1,
485300,100.000000,0.500000,30.000000,1,1,1,0,1,
485400,100.000000,0.500000,30.000000,1,1,1,0,1,
485500,100.000000,0.500000,30.000000,1,1,1,0,1,
485600,100.000000,0.500000,30.000000,1,1,1,0,1,
485700,100.000000,0.500000,30.000000,1,1,1,0,1,
485800,100.000000,0.500000,30.000000,1,1,1,0,1,
485900,100.000000,0.500000,30.000000,1,1,1,0,1,
486000,100.000000,0.500000,30.000000,1,1,1,0,1,
486100,100.000000,0.500000,30.000000,1,1,1,0,1,
486200,100.000000,0.500000,30.000000,1,1,1,0,1,
486300,100.000000,0.500000,30.000000,1,1,1,0,1,
486400,100.000000,0.500000,30.000000,1,1,1,0,1,
486500,-25.000000,0.500000,30.000000,1,1,1,0,1,
486600,-25.000000,0.500000,30.000000,1,1,1,0,1,
486700,-25.000000,0.500000,30.000000,1,1,1,0,1,
486800,-25.000000,0.500000,30.000000,1,1,1,0,1,
486900,-25.000000,0.500000,30.000000,1,1,1,0,1,
487000,20.000000,0.500000,30.000000,1,1,1,0,1,
487100,20.000000,0.500000,30.000000,1,1,1,0,1,
487200,20.000000,0.500000,30.000000,1,1,1,0,1,
487300,20.000000,0.500000,30.000000,1,1,1,0,1,
487400,20.000000,0.500000,30.000000,1,1,1,0,1,
487500,20.000000,0.500000,30.000000,1,1,1,0,1,
487600,20.000000,0.500000,30.000000,1,1,1,0,1,
487700,20.000000,0.500000,30.000000,1,1,1,0,1,
487800,20.000000,0.500000,30.000000,1,1,1,0,1,
487900,20.000000,0.500000,30.000000,1,1,1,0,1,
488000,20.000000,0.500000,30.000000,1,1,1,0,1,
488100,20.000000,0.500000,30.000000,1,1,1,0,1,
488200,20.000000,0.500000,30.000000,1,1,1,0,1,
488300,20.000000,0.500000,30.000000,1,1,1,0,1,
488400,20.000000,0.500000,30.000000,1,1,1,0,1,
488500,20.000000,0.500000,30.000000,1,1,1,0,1,
488600,20.000000,0.500000,30.000000,1,1,1,0,1,
488700,20.000000,0.500000,30.000000,1,1,1,0,1,
488800,20.000000,0.500000,30.000000,1,1,1,0,1,
488900,20.000000,0.500000,30.000000,1,1,1,0,1,
489000,20.000000,0.500000,30.000000,1,1,1,0,1,
489100,20.000000,0.500000,30.000000,1,1,1,0,1,
489200,20.000000,0.500000,30.000000,1,1,1,0,1,
489300,20.000000,0.500000,30.000000,1,1,1,0,1,
489400,20.000000,0.500000,30.000000,1,1,1,0,1,
489500,20.000000,0.500000,30.000000,1,1,1,0,1,
489600,20.000000,0.500000,30.000000,1,1,1,0,1,
489700,20.000000,0.500000,30.000000,1,1,1,0,1,
489800,20.000000,0.500000,30.000000,1,1,1,0,1,
489900,20.000000,0.500000,30.000000,1,1,1,0,1,
490000,100.000000,0.500000,30.000000,1,1,1,0,1,
490100,100.000000,0.500000,30.000000,1,1,1,0,1,
490200,100.000000,0.500000,30.000000,1,1,1,0,1,
490300,100.000000,0.500000,30.000000,1,1,1,0,1,
490400,100.000000,0.500000,30.000000,1,1,1,0,1,
490500,100.000000,0.500000,30.000000,1,1,1,0,1,
490600,100.000000,0.500000,30.000000,1,1,1,0,1,
490700,100.000000,0.500000,30.000000,1,1,1,0,1,
490800,100.000000,0.500000,30.000000,1,1,1,0,1,
490900,100.000000,0.500000,30.000000,1,1,1,0,1,
491000,100.000000,0.500000,30.000000,1,1,1,0,1,
491100,100.000000,0.500000,30.000000,1,1,1,0,1,
491200,100.000000,0.500000,30.000000,1,1,1,0,1,
491300,100.000000,0.500000,30.000000,1,1,1,0,1,
491400,100.000000,0.500000,30.000000,1,1,1,0,1,
491500,-25.000000,0.500000,30.000000,1,1,1,0,1,
491600,-25.000000,0.500000,30.000000,1,1,1,0,1,
491700,-25.000000,0.500000,30.000000,1,1,1,0,1,
491800,-25.000000,0.500000,30.000000,1,1,1,0,1,
491900,-25.000000,0.500000,30.000000,1,1,1,0,1,
492000,20.000000,0.500000,30.000000,1,1,1,0,1,
492100,20.000000,0.500000,30.000000,1,1,1,0,1,
492200,20.000000,0.500000,30.000000,1,1,1,0,1,
492300,20.000000,0.500000,30.000000,1,1,1,0,1,
492400,20.000000,0.500000,30.000000,1,1,1,0,1,
492500,20.000000,0.500000,30.000000,1,1,1,0,1,
492600,20.000000,0.500000,30.000000,1,1,1,0,1,
492700,20.000000,0.500000,30.000000,1,1,1,0,1,
492800,20.000000,0.500000,30.000000,1,1,1,0,1,
492900,20.000000,0.500000,30.000000,1,1,1,0,1,
493000,20.000000,0.500000,30.000000,1,1,1,0,1,
493100,20.000000,0.500000,30.000000,1,1,1,0,1,
493200,20.000000,0.500000,30.000000,1,1,1,0,1,
493300,20.000000,0.500000,30.000000,1,1,1,0,1,
493400,20.000000,0.500000,30.000000,1,1,1,0,1,
493500,20.000000,0.500000,30.000000,1,1,1,0,1,
493600,20.000000,0.500000,30.000000,1,1,1,0,1,
493700,20.000000,0.500000,30.000000,1,1,1,0,1,
493800,20.000000,0.500000,30.000000,1,1,1,0,1,
493900,20.000000,0.500000,30.000000,1,1,1,0,1,
494000,20.000000,0.500000,30.000000,1,1,1,0,1,
494100,20.000000,0.500000,30.000000,1,1,1,0,1,
494200,20.000000,0.500000,30.000000,1,1,1,0,1,
494300,20.000000,0.500000,30.000000,1,1,1,0,1,
494400,20.000000,0.500000,30.000000,1,1,1,0,1,
494500,20.000000,0.500000,30.000000,1,1,1,0,1,
494600,20.000000,0.500000,30.000000,1,1,1,0,1,
494700,20.000000,0.500000,30.000000,1,1,1,0,1,
494800,20.000000,0.500000,30.000000,1,1,1,0,1,
494900,20.000000,0.500000,30.000000,1,1,1,0,1,
495000,100.000000,0.500000,30.000000,1,1,1,0,1,
495100,100.000000,0.500000,30.000000,1,1,1,0,1,
495200,100.000000,0.500000,30.000000,1,1,1,0,1,
495300,100.000000,0.500000,30.000000,1,1,1,0,1,
495400,100.000000,0.500000,30.000000,1,1,1,0,1,
495500,100.000000,0.500000,30.000000,1,1,1,0,1,
495600,100.000000,0.500000,30.000000,1,1,1,0,1,
495700,100.000000,0.500000,30.000000,1,1,1,0,1,
495800,100.000000,0.500000,30.000000,1,1,1,0,1,
495900,100.000000,0.500000,30.000000,1,1,1,0,1,
496000,100.000000,0.500000,30.000000,1,1,1,0,1,
496100,100.000000,0.500000,30.000000,1,1,1,0,1,
496200,100.000000,0.500000,30.000000,1,1,1,0,1,
496300,100.000000,0.500000,30.000000,1,1,1,0,1,
496400,100.000000,0.500000,30.000000,1,1,1,0,1,
496500,-25.000000,0.500000,30.000000,1,1,1,0,1,
496600,-25.000000,0.500000,30.000000,1,1,1,0,1,
496700,-25.000000,0.500000,30.000000,1,1,1,0,1,
496800,-25.000000,0.500000,30.000000,1,1,1,0,1,
496900,-25.000000,0.500000,30.000000,1,1,1,0,1,
497000,20.000000,0.500000,30.000000,1,1,1,0,1,
497100,20.000000,0.500000,30.000000,1,1,1,0,1,
497200,20.000000,0.500000,30.000000,1,1,1,0,1,
497300,20.000000,0.500000,30.000000,1,1,1,0,1,
497400,20.000000,0.500000,30.000000,1,1,1,0,1,
497500,20.000000,0.500000,30.000000,1,1,1,0,1,
497600,20.000000,0.500000,30.000000,1,1,1,0,1,
497700,20.000000,0.500000,30.000000,1,1,1,0,1,
497800,20.000000,0.500000,30.000000,1,1,1,0,1,
497900,20.000000,0.500000,30.000000,1,1,1,0,1,
498000,20.000000,0.500000,30.000000,1,1,1,0,1,
498100,20.000000,0.500000,30.000000,1,1,1,0,1,
498200,20.000000,0.500000,30.000000,1,1,1,0,1,
498300,20.000000,0.500000,30.000000,1,1,1,0,1,
498400,20.000000,0.500000,30.000000,1,1,1,0,1,
498500,20.000000,0.500000,30.000000,1,1,1,0,1,
498600,20.000000,0.500000,30.000000,1,1,1,0,1,
498700,20.000000,0.500000,30.000000,1,1,1,0,1,
498800,20.000000,0.500000,30.000000,1,1,1,0,1,
498900,20.000000,0.500000,30.000000,1,1,1,0,1,
499000,20.000000,0.500000,30.000000,1,1,1,0,1,
499100,20.000000,0.500000,30.000000,1,1,1,0,1,
499200,20.000000,0.500000,30.000000,1,1,1,0,1,
499300,20.000000,0.500000,30.000000,1,1,1,0,1,
499400,20.000000,0.500000,30.000000,1,1,1,0,1,
499500,20.000000,0.500000,30.000000,1,1,1,0,1,
499600,20.000000,0.500000,30.000000,1,1,1,0,1,
499700,20.000000,0.500000,30.000000,1,1,1,0,1,
499800,20.000000,0.500000,30.000000,1,1,1,0,1,
499900,20.000000,0.500000,30.000000,1,1,1,0,1,
500000,100.000000,0.500000,30.000000,1,1,1,0,1,
500100,100.000000,0.500000,30.000000,1,1,1,0,1,
500200,100.000000,0.500000,30.000000,1,1,1,0,1,
500300,100.000000,0.500000,30.000000,1,1,1,0,1,
500400,100.000000,0.500000,30.000000,1,1,1,0,1,
500500,100.000000,0.500000,30.000000,1,1,1,0,1,
500600,100.000000,0.500000,30.000000,1,1,1,0,1,
500700,100.000000,0.500000,30.000000,1,1,1,0,1,
500800,100.000000,0.500000,30.000000,1,1,1,0,1,
500900,100.000000,0.500000,30.000000,1,1,1,0,1,
501000,100.000000,0.500000,30.000000,1,1,1,0,1,
501100,100.000000,0.500000,30.000000,1,1,1,0,1,
501200,100.000000,0.500000,30.000000,1,1,1,0,1,
501300,100.000000,0.500000,30.000000,1,1,1,0,1,
501400,100.000000,0.500000,30.000000,1,1,1,0,1,
501500,-25.000000,0.500000,30.000000,1,1,1,0,1,
501600,-25.000000,0.500000,30.000000,1,1,1,0,1,
501700,-25.000000,0.500000,30.000000,1,1,1,0,1,
501800,-25.000000,0.500000,30.000000,1,1,1,0,1,
501900,-25.000000,0.500000,30.000000,1,1,1,0,1,
502000,20.000000,0.500000,30.000000,1,1,1,0,1,
502100,20.000000,0.500000,30.000000,1,1,1,0,1,
502200,20.000000,0.500000,30.000000,1,1,1,0,1,
502300,20.000000,0.500000,30.000000,1,1,1,0,1,
502400,20.000000,0.500000,30.000000,1,1,1,0,1,
502500,20.000000,0.500000,30.000000,1,1,1,0,1,
502600,20.000000,0.500000,30.000000,1,1,1,0,1,
502700,20.000000,0.500000,30.000000,1,1,1,0,1,
502800,20.000000,0.500000,30.000000,1,1,1,0,1,
502900,20.000000,0.500000,30.000000,1,1,1,0,1,
503000,20.000000,0.500000,30.000000,1,1,1,0,1,
503100,20.000000,0.500000,30.000000,1,1,1,0,1,
503200,20.000000,0.500000,30.000000,1,1,1,0,1,
503300,20.000000,0.500000,30.000000,1,1,1,0,1,
503400,20.000000,0.500000,30.000000,1,1,1,0,1,
503500,20.000000,0.500000,30.000000,1,1,1,0,1,
503600,20.000000,0.500000,30.000000,1,1,1,0,1,
503700,20.000000,0.500000,30.000000,1,1,1,0,1,
503800,20.000000,0.500000,30.000000,1,1,1,0,1,
503900,20.000000,0.500000,30.000000,1,1,1,0,1,
504000,20.000000,0.500000,30.000000,1,1,1,0,1,
504100,20.000000,0.500000,30.000000,1,1,1,0,1,
504200,20.000000,0.500000,30.000000,1,1,1,0,1,
504300,20.000000,0.500000,30.000000,1,1,1,0,1,
504400,20.000000,0.500000,30.000000,1,1,1,0,1,
504500,20.000000,0.500000,30.000000,1,1,1,0,1,
504600,20.000000,0.500000,30.000000,1,1,1,0,1,
504700,20.000000,0.500000,30.000000,1,1,1,0,1,
504800,20.000000,0.500000,30.000000,1,1,1,0,1,
504900,20.000000,0.500000,30.000000,1,1,1,0,1,
505000,100.000000,0.500000,30.000000,1,1,1,0,1,
505100,100.000000,0.500000,30.000000,1,1,1,0,1,
505200,100.000000,0.500000,30.000000,1,1,1,0,1,
505300,100.000000,0.500000,30.000000,1,1,1,0,1,
505400,100.000000,0.500000,30.000000,1,1,1,0,1,
505500,100.000000,0.500000,30.000000,1,1,1,0,1,
505600,100.000000,0.500000,30.000000,1,1,1,0,1,
505700,100.000000,0.500000,30.000000,1,1,1,0,1,
505800,100.000000,0.500000,30.000000,1,1,1,0,1,
505900,100.000000,0.500000,30.000000,1,1,1,0,1,
506000,100.000000,0.500000,30.000000,1,1,1,0,1,
506100,100.000000,0.500000,30.000000,1,1,1,0,1,
506200,100.000000,0.500000,30.000000,1,1,1,0,1,
506300,100.000000,0.500000,30.000000,1,1,1,0,1,
506400,100.000000,0.500000,30.000000,1,1,1,0,1,
506500,-25.000000,0.500000,30.000000,1,1,1,0,1,
506600,-25.000000,0.500000,30.000000,1,1,1,0,1,
506700,-25.000000,0.500000,30.000000,1,1,1,0,1,
506800,-25.000000,0.500000,30.000000,1,1,1,0,1,
506900,-25.000000,0.500000,30.000000,1,1,1,0,1,
507000,20.000000,0.500000,30.000000,1,1,1,0,1,
507100,20.000000,0.500000,30.000000,1,1,1,0,1,
507200,20.000000,0.500000,30.000000,1,1,1,0,1,
507300,20.000000,0.500000,30.000000,1,1,1,0,1,
507400,20.000000,0.500000,30.000000,1,1,1,0,1,
507500,20.000000,0.500000,30.000000,1,1,1,0,1,
507600,20.000000,0.500000,30.000000,1,1,1,0,1,
507700,20.000000,0.500000,30.000000,1,1,1,0,1,
507800,20.000000,0.500000,30.000000,1,1,1,0,1,
507900,20.000000,0.500000,30.000000,1,1,1,0,1,
508000,20.000000,0.500000,30.000000,1,1,1,0,1,
508100,20.000000,0.500000,30.000000,1,1,1,0,1,
508200,20.000000,0.500000,30.000000,1,1,1,0,1,
508300,20.000000,0.500000,30.000000,1,1,1,0,1,
508400,20.000000,0.500000,30.000000,1,1,1,0,1,
508500,20.000000,0.500000,30.000000,1,1,1,0,1,
508600,20.000000,0.500000,30.000000,1,1,1,0,1,
508700,20.000000,0.500000,30.000000,1,1,1,0,1,
508800,20.000000,0.500000,30.000000,1,1,1,0,1,
508900,20.000000,0.500000,30.000000,1,1,1,0,1,
509000,20.000000,0.500000,30.000000,1,1,1,0,1,
509100,20.000000,0.500000,30.000000,1,1,1,0,1,
509200,20.000000,0.500000,30.000000,1,1,1,0,1,
509300,20.000000,0.500000,30.000000,1,1,1,0,1,
509400,20.000000,0.500000,30.000000,1,1,1,0,1,
509500,20.000000,0.500000,30.000000,1,1,1,0,1,
509600,20.000000,0.500000,30.000000,1,1,1,0,1,
509700,20.000000,0.500000,30.000000,1,1,1,0,1,
509800,20.000000,0.500000,30.000000,1,1,1,0,1,
509900,20.000000,0.500000,30.000000,1,1,1,0,1,
510000,100.000000,0.500000,30.000000,1,1,1,0,1,
510100,100.000000,0.500000,30.000000,1,1,1,0,1,
510200,100.000000,0.500000,30.000000,1,1,1,0,1,
510300,100.000000,0.500000,30.000000,1,1,1,0,1,
510400,100.000000,0.500000,30.000000,1,1,1,0,1,
510500,100.000000,0.500000,30.000000,1,1,1,0,1,
510600,100.000000,0.500000,30.000000,1,1,1,0,1,
510700,100.000000,0.500000,30.000000,1,1,1,0,1,
510800,100.000000,0.500000,30.000000,1,1,1,0,1,
510900,100.000000,0.500000,30.000000,1,1,1,0,1,
511000,100.000000,0.500000,30.000000,1,1,1,0,1,
511100,100.000000,0.500000,30.000000,1,1,1,0,1,
511200,100.000000,0.500000,30.000000,1,1,1,0,1,
511300,100.000000,0.500000,30.000000,1,1,1,0,1,
511400,100.000000,0.500000,30.000000,1,1,1,0,1,
511500,-25.000000,0.500000,30.000000,1,1,1,0,1,
511600,-25.000000,0.500000,30.000000,1,1,1,0,1,
511700,-25.000000,0.500000,30.000000,1,1,1,0,1,
511800,-25.000000,0.500000,30.000000,1,1,1,0,1,
511900,-25.000000,0.500000,30.000000,1,1,1,0,1,
512000,20.000000,0.500000,30.000000,1,1,1,0,1,
512100,20.000000,0.500000,30.000000,1,1,1,0,1,
512200,20.000000,0.500000,30.000000,1,1,1,0,1,
512300,20.000000,0.500000,30.000000,1,1,1,0,1,
512400,20.000000,0.500000,30.000000,1,1,1,0,1,
512500,20.000000,0.500000,30.000000,1,1,1,0,1,
512600,20.000000,0.500000,30.000000,1,1,1,0,1,
512700,20.000000,0.500000,30.000000,1,1,1,0,1,
512800,20.000000,0.500000,30.000000,1,1,1,0,1,
512900,20.000000,0.500000,30.000000,1,1,1,0,1,
513000,20.000000,0.500000,30.000000,1,1,1,0,1,
513100,20.000000,0.500000,30.000000,1,1,1,0,1,
513200,20.000000,0.500000,30.000000,1,1,1,0,1,
513300,20.000000,0.500000,30.000000,1,1,1,0,1,
513400,20.000000,0.500000,30.000000,1,1,1,0,1,
513500,20.000000,0.500000,30.000000,1,1,1,0,1,
513600,20.000000,0.500000,30.000000,1,1,1,0,1,
513700,20.000000,0.500000,30.000000,1,1,1,0,1,
513800,20.000000,0.500000,30.000000,1,1,1,0,1,
513900,20.000000,0.500000,30.000000,1,1,1,0,1,
514000,20.000000,0.500000,30.000000,1,1,1,0,1,
514100,20.000000,0.500000,30.000000,1,1,1,0,1,
514200,20.000000,0.500000,30.000000,1,1,1,0,1,
514300,20.000000,0.500000,30.000000,1,1,1,0,1,
514400,20.000000,0.500000,30.000000,1,1,1,0,1,
514500,20.000000,0.500000,30.000000,1,1,1,0,1,
514600,20.000000,0.500000,30.000000,1,1,1,0,1,
514700,20.000000,0.500000,30.000000,1,1,1,0,1,
514800,20.000000,0.500000,30.000000,1,1,1,0,1,
514900,20.000000,0.500000,30.000000,1,1,1,0,1,
515000,100.000000,0.500000,30.000000,1,1,1,0,1,
515100,100.000000,0.500000,30.000000,1,1,1,0,1,
515200,100.000000,0.500000,30.000000,1,1,1,0,1,
515300,100.000000,0.500000,30.000000,1,1,1,0,1,
515400,100.000000,0.500000,30.000000,1,1,1,0,1,
515500,100.000000,0.500000,30.000000,1,1,1,0,1,
515600,100.000000,0.500000,30.000000,1,1,1,0,1,
515700,100.000000,0.500000,30.000000,1,1,1,0,1,
515800,100.000000,0.500000,30.000000,1,1,1,0,1,
515900,100.000000,0.500000,30.000000,1,1,1,0,1,
516000,100.000000,0.500000,30.000000,1,1,1,0,1,
516100,100.000000,0.500000,30.000000,1,1,1,0,1,
516200,100.000000,0.500000,30.000000,1,1,1,0,1,
516300,100.000000,0.500000,30.000000,1,1,1,0,1,
516400,100.000000,0.500000,30.000000,1,1,1,0,1,
516500,-25.000000,0.500000,30.000000,1,1,1,0,1,
516600,-25.000000,0.500000,30.000000,1,1,1,0,1,
516700,-25.000000,0.500000,30.000000,1,1,1,0,1,
516800,-25.000000,0.500000,30.000000,1,1,1,0,1,
516900,-25.000000,0.500000,30.000000,1,1,1,0,1,
517000,20.000000,0.500000,30.000000,1,1,1,0,1,
517100,20.000000,0.500000,30.000000,1,1,1,0,1,
517200,20.000000,0.500000,30.000000,1,1,1,0,1,
517300,20.000000,0.500000,30.000000,1,1,1,0,1,
517400,20.000000,0.500000,30.000000,1,1,1,0,1,
517500,20.000000,0.500000,30.000000,1,1,1,0,1,
517600,20.000000,0.500000,30.000000,1,1,1,0,1,
517700,20.000000,0.500000,30.000000,1,1,1,0,1,
517800,20.000000,0.500000,30.000000,1,1,1,0,1,
517900,20.000000,0.500000,30.000000,1,1,1,0,1,
518000,20.000000,0.500000,30.000000,1,1,1,0,1,
518100,20.000000,0.500000,30.000000,1,1,1,0,1,
518200,20.000000,0.500000,30.000000,1,1,1,0,1,
518300,20.000000,0.500000,30.000000,1,1,1,0,1,
518400,20.000000,0.500000,30.000000,1,1,1,0,1,
518500,20.000000,0.500000,30.000000,1,1,1,0,1,
518600,20.000000,0.500000,30.000000,1,1,1,0,1,
518700,20.000000,0.500000,30.000000,1,1,1,0,1,
518800,20.000000,0.500000,30.000000,1,1,1,0,1,
518900,20.000000,0.500000,30.000000,1,1,1,0,1,
519000,20.000000,0.500000,30.000000,1,1,1,0,1,
519100,20.000000,0.500000,30.000000,1,1,1,0,1,
519200,20.000000,0.500000,30.000000,1,1,1,0,1,
519300,20.000000,0.500000,30.000000,1,1,1,0,1,
519400,20.000000,0.500000,30.000000,1,1,1,0,1,
519500,20.000000,0.500000,30.000000,1,1,1,0,1,
519600,20.000000,0.500000,30.000000,1,1,1,0,1,
519700,20.000000,0.500000,30.000000,1,1,1,0,1,
519800,20.000000,0.500000,30.000000,1,1,1,0,1,
519900,20.000000,0.500000,30.000000,1,1,1,0,1,
520000,100.000000,0.500000,30.000000,1,1,1,0,1,
520100,100.000000,0.500000,30.000000,1,1,1,0,1,
520200,100.000000,0.500000,30.000000,1,1,1,0,1,
520300,100.000000,0.500000,30.000000,1,1,1,0,1,
520400,100.000000,0.500000,30.000000,1,1,1,0,1,
520500,100.000000,0.500000,30.000000,1,1,1,0,1,
520600,100.000000,0.500000,30.000000,1,1,1,0,1,
520700,100.000000,0.500000,30.000000,1,1,1,0,1,
520800,100.000000,0.500000,30.000000,1,1,1,0,1,
520900,100.000000,0.500000,30.000000,1,1,1,0,1,
521000,100.000000,0.500000,30.000000,1,1,1,0,1,
521100,100.000000,0.500000,30.000000,1,1,1,0,1,
521200,100.000000,0.500000,30.000000,1,1,1,0,1,
521300,100.000000,0.500000,30.000000,1,1,1,0,1,
521400,100.000000,0.500000,30.000000,1,1,1,0,1,
521500,-25.000000,0.500000,30.000000,1,1,1,0,1,
521600,-25.000000,0.500000,30.000000,1,1,1,0,1,
521700,-25.000000,0.500000,30.000000,1,1,1,0,1,
521800,-25.000000,0.500000,30.000000,1,1,1,0,1,
521900,-25.000000,0.500000,30.000000,1,1,1,0,1,
522000,20.000000,0.500000,30.000000,1,1,1,0,1,
522100,20.000000,0.500000,30.000000,1,1,1,0,1,
522200,20.000000,0.500000,30.000000,1,1,1,0,1,
522300,20.000000,0.500000,30.000000,1,1,1,0,1,
522400,20.000000,0.500000,30.000000,1,1,1,0,1,
522500,20.000000,0.500000,30.000000,1,1,1,0,1,
522600,20.000000,0.500000,30.000000,1,1,1,0,1,
522700,20.000000,0.500000,30.000000,1,1,1,0,1,
522800,20.000000,0.500000,30.000000,1,1,1,0,1,
522900,20.000000,0.500000,30.000000,1,1,1,0,1,
523000,20.000000,0.500000,30.000000,1,1,1,0,1,
523100,20.000000,0.500000,30.000000,1,1,1,0,1,
523200,20.000000,0.500000,30.000000,1,1,1,0,1,
523300,20.000000,0.500000,30.000000,1,1,1,0,1,
523400,20.000000,0.500000,30.000000,1,1,1,0,1,
523500,20.000000,0.500000,30.000000,1,1,1,0,1,
523600,20.000000,0.500000,30.000000,1,1,1,0,1,
523700,20.000000,0.500000,30.000000,1,1,1,0,1,
523800,20.000000,0.500000,30.000000,1,1,1,0,1,
523900,20.000000,0.500000,30.000000,1,1,1,0,1,
524000,20.000000,0.500000,30.000000,1,1,1,0,1,
524100,20.000000,0.500000,30.000000,1,1,1,0,1,
524200,20.000000,0.500000,30.000000,1,1,1,0,1,
524300,20.000000,0.500000,30.000000,1,1,1,0,1,
524400,20.000000,0.500000,30.000000,1,1,1,0,1,
524500,20.000000,0.500000,30.000000,1,1,1,0,1,
524600,20.000000,0.500000,30.000000,1,1,1,0,1,
524700,20.000000,0.500000,30.000000,1,1,1,0,1,
524800,20.000000,0.500000,30.000000,1,1,1,0,1,
524900,20.000000,0.500000,30.000000,1,1,1,0,1,
525000,100.000000,0.500000,30.000000,1,1,1,0,1,
525100,100.000000,0.500000,30.000000,1,1,1,0,1,
525200,100.000000,0.500000,30.000000,1,1,1,0,1,
525300,100.000000,0.500000,30.000000,1,1,1,0,1,
525400,100.000000,0.500000,30.000000,1,1,1,0,1,
525500,100.000000,0.500000,30.000000,1,1,1,0,1,
525600,100.000000,0.500000,30.000000,1,1,1,0,1,
525700,100.000000,0.500000,30.000000,1,1,1,0,1,
525800,100.000000,0.500000,30.000000,1,1,1,0,1,
525900,100.000000,0.500000,30.000000,1,1,1,0,1,
526000,100.000000,0.500000,30.000000,1,1,1,0,1,
526100,100.000000,0.500000,30.000000,1,1,1,0,1,
526200,100.000000,0.500000,30.000000,1,1,1,0,1,
526300,100.000000,0.500000,30.000000,1,1,1,0,1,
526400,100.000000,0.500000,30.000000,1,1,1,0,1,
526500,-25.000000,0.500000,30.000000,1,1,1,0,1,
526600,-25.000000,0.500000,30.000000,1,1,1,0,1,
526700,-25.000000,0.500000,30.000000,1,1,1,0,1,
526800,-25.000000,0.500000,30.000000,1,1,1,0,1,
526900,-25.000000,0.500000,30.000000,1,1,1,0,1,
527000,20.000000,0.500000,30.000000,1,1,1,0,1,
527100,20.000000,0.500000,30.000000,1,1,1,0,1,
527200,20.000000,0.500000,30.000000,1,1,1,0,1,
527300,20.000000,0.500000,30.000000,1,1,1,0,1,
527400,20.000000,0.500000,30.000000,1,1,1,0,1,
527500,20.000000,0.500000,30.000000,1,1,1,0,1,
527600,20.000000,0.500000,30.000000,1,1,1,0,1,
527700,20.000000,0.500000,30.000000,1,1,1,0,1,
527800,20.000000,0.500000,30.000000,1,1,1,0,1,
527900,20.000000,0.500000,30.000000,1,1,1,0,1,
528000,20.000000,0.500000,30.000000,1,1,1,0,1,
528100,20.000000,0.500000,30.000000,1,1,1,0,1,
528200,20.000000,0.500000,30.000000,1,1,1,0,1,
528300,20.000000,0.500000,30.000000,1,1,1,0,1,
528400,20.000000,0.500000,30.000000,1,1,1,0,1,
528500,20.000000,0.500000,30.000000,1,1,1,0,1,
528600,20.000000,0.500000,30.000000,1,1,1,0,1,
528700,20.000000,0.500000,30.000000,1,1,1,0,1,
528800,20.000000,0.500000,30.000000,1,1,1,0,1,
528900,20.000000,0.500000,30.000000,1,1,1,0,1,
529000,20.000000,0.500000,30.000000,1,1,1,0,1,
529100,20.000000,0.500000,30.000000,1,1,1,0,1,
529200,20.000000,0.500000,30.000000,1,1,1,0,1,
529300,20.000000,0.500000,30.000000,1,1,1,0,1,
529400,20.000000,0.500000,30.000000,1,1,1,0,1,
529500,20.000000,0.500000,30.000000,1,1,1,0,1,
529600,20.000000,0.500000,30.000000,1,1,1,0,1,
529700,20.000000,0.500000,30.000000,1,1,1,0,1,
529800,20.000000,0.500000,30.000000,1,1,1,0,1,
529900,20.000000,0.500000,30.000000,1,1,1,0,1,
530000,100.000000,0.500000,30.000000,1,1,1,0,1,
530100,100.000000,0.500000,30.000000,1,1,1,0,1,
530200,100.000000,0.500000,30.000000,1,1,1,0,1,
530300,100.000000,0.500000,30.000000,1,1,1,0,1,
530400,100.000000,0.500000,30.000000,1,1,1,0,1,
530500,100.000000,0.500000,30.000000,1,1,1,0,1,
530600,100.000000,0.500000,30.000000,1,1,1,0,1,
530700,100.000000,0.500000,30.000000,1,1,1,0,1,
530800,100.000000,0.500000,30.000000,1,1,1,0,1,
530900,100.000000,0.500000,30.000000,1,1,1,0,1,
531000,100.000000,0.500000,30.000000,1,1,1,0,1,
531100,100.000000,0.500000,30.000000,1,1,1,0,1,
531200,100.000000,0.500000,30.000000,1,1,1,0,1,
531300,100.000000,0.500000,30.000000,1,1,1,0,1,
531400,100.000000,0.500000,30.000000,1,1,1,0,1,
531500,-25.000000,0.500000,30.000000,1,1,1,0,1,
531600,-25.000000,0.500000,30.000000,1,1,1,0,1,
531700,-25.000000,0.500000,30.000000,1,1,1,0,1,
531800,-25.000000,0.500000,30.000000,1,1,1,0,1,
531900,-25.000000,0.500000,30.000000,1,1,1,0,1,
532000,20.000000,0.500000,30.000000,1,1,1,0,1,
532100,20.000000,0.500000,30.000000,1,1,1,0,1,
532200,20.000000,0.500000,30.000000,1,1,1,0,1,
532300,20.000000,0.500000,30.000000,1,1,1,0,1,
532400,20.000000,0.500000,30.000000,1,1,1,0,1,
532500,20.000000,0.500000,30.000000,1,1,1,0,1,
532600,20.000000,0.500000,30.000000,1,1,1,0,1,
532700,20.000000,0.500000,30.000000,1,1,1,0,1,
532800,20.000000,0.500000,30.000000,1,1,1,0,1,
532900,20.000000,0.500000,30.000000,1,1,1,0,1,
533000,20.000000,0.500000,30.000000,1,1,1,0,1,
533100,20.000000,0.500000,30.000000,1,1,1,0,1,
533200,20.000000,0.500000,30.000000,1,1,1,0,1,
533300,20.000000,0.500000,30.000000,1,1,1,0,1,
533400,20.000000,0.500000,30.000000,1,1,1,0,1,
533500,20.000000,0.500000,30.000000,1,1,1,0,1,
533600,20.000000,0.500000,30.000000,1,1,1,0,1,
533700,20.000000,0.500000,30.000000,1,1,1,0,1,
533800,20.000000,0.500000,30.000000,1,1,1,0,1,
533900,20.000000,0.500000,30.000000,1,1,1,0,1,
534000,20.000000,0.500000,30.000000,1,1,1,0,1,
534100,20.000000,0.500000,30.000000,1,1,1,0,1,
534200,20.000000,0.500000,30.000000,1,1,1,0,1,
534300,20.000000,0.500000,30.000000,1,1,1,0,1,
534400,20.000000,0.500000,30.000000,1,1,1,0,1,
534500,20.000000,0.500000,30.000000,1,1,1,0,1,
534600,20.000000,0.500000,30.000000,1,1,1,0,1,
534700,20.000000,0.500000,30.000000,1,1,1,0,1,
534800,20.000000,0.500000,30.000000,1,1,1,0,1,
534900,20.000000,0.500000,30.000000,1,1,1,0,1,
535000,100.000000,0.500000,30.000000,1,1,1,0,1,
535100,100.000000,0.500000,30.000000,1,1,1,0,1,
535200,100.000000,0.500000,30.000000,1,1,1,0,1,
535300,100.000000,0.500000,30.000000,1,1,1,0,1,
535400,100.000000,0.500000,30.000000,1,1,1,0,1,
535500,100.000000,0.500000,30.000000,1,1,1,0,1,
535600,100.000000,0.500000,30.000000,1,1,1,0,1,
535700,100.000000,0.500000,30.000000,1,1,1,0,1,
535800,100.000000,0.500000,30.000000,1,1,1,0,1,
535900,100.000000,0.500000,30.000000,1,1,1,0,1,
536000,100.000000,0.500000,30.000000,1,1,1,0,1,
536100,100.000000,0.500000,30.000000,1,1,1,0,1,
536200,100.000000,0.500000,30.000000,1,1,1,0,1,
536300,100.000000,0.500000,30.000000,1,1,1,0,1,
536400,100.000000,0.500000,30.000000,1,1,1,0,1,
536500,-25.000000,0.500000,30.000000,1,1,1,0,1,
536600,-25.000000,0.500000,30.000000,1,1,1,0,1,
536700,-25.000000,0.500000,30.000000,1,1,1,0,1,
536800,-25.000000,0.500000,30.000000,1,1,1,0,1,
536900,-25.000000,0.500000,30.000000,1,1,1,0,1,
537000,20.000000,0.500000,30.000000,1,1,1,0,1,
537100,20.000000,0.500000,30.000000,1,1,1,0,1,
537200,20.000000,0.500000,30.000000,1,1,1,0,1,
537300,20.000000,0.500000,30.000000,1,1,1,0,1,
537400,20.000000,0.500000,30.000000,1,1,1,0,1,
537500,20.000000,0.500000,30.000000,1,1,1,0,1,
537600,20.000000,0.500000,30.000000,1,1,1,0,1,
537700,20.000000,0.500000,30.000000,1,1,1,0,1,
537800,20.000000,0.500000,30.000000,1,1,1,0,1,
537900,20.000000,0.500000,30.000000,1,1,1,0,1,
538000,20.000000,0.500000,30.000000,1,1,1,0,1,
538100,20.000000,0.500000,30.000000,1,1,1,0,1,
538200,20.000000,0.500000,30.000000,1,1,1,0,1,
538300,20.000000,0.500000,30.000000,1,1,1,0,1,
538400,20.000000,0.500000,30.000000,1,1,1,0,1,
538500,20.000000,0.500000,30.000000,1,1,1,0,1,
538600,20.000000,0.500000,30.000000,1,1,1,0,1,
538700,20.000000,0.500000,30.000000,1,1,1,0,1,
538800,20.000000,0.500000,30.000000,1,1,1,0,1,
538900,20.000000,0.500000,30.000000,1,1,1,0,1,
539000,20.000000,0.500000,30.000000,1,1,1,0,1,
539100,20.000000,0.500000,30.000000,1,1,1,0,1,
539200,20.000000,0.500000,30.000000,1,1,1,0,1,
539300,20.000000,0.500000,30.000000,1,1,1,0,1,
539400,20.000000,0.500000,30.000000,1,1,1,0,1,
539500,20.000000,0.500000,30.000000,1,1,1,0,1,
539600,20.000000,0.500000,30.000000,1,1,1,0,1,
539700,20.000000,0.500000,30.000000,1,1,1,0,1,
539800,20.000000,0.500000,30.000000,1,1,1,0,1,
539900,20.000000,0.500000,30.000000,1,1,1,0,1,
540000,100.000000,0.500000,30.000000,1,1,1,0,1,
540100,100.000000,0.500000,30.000000,1,1,1,0,1,
540200,100.000000,0.500000,30.000000,1,1,1,0,1,
540300,100.000000,0.500000,30.000000,1,1,1,0,1,
540400,100.000000,0.500000,30.000000,1,1,1,0,1,
540500,100.000000,0.500000,30.000000,1,1,1,0,1,
540600,100.000000,0.500000,30.000000,1,1,1,0,1,
540700,100.000000,0.500000,30.000000,1,1,1,0,1,
540800,100.000000,0.500000,30.000000,1,1,1,0,1,
540900,100.000000,0.500000,30.000000,1,1,1,0,1,
541000,100.000000,0.500000,30.000000,1,1,1,0,1,
541100,100.000000,0.500000,30.000000,1,1,1,0,1,
541200,100.000000,0.500000,30.000000,1,1,1,0,1,
541300,100.000000,0.500000,30.000000,1,1,1,0,1,
541400,100.000000,0.500000,30.000000,1,1,1,0,1,
541500,-25.000000,0.500000,30.000000,1,1,1,0,1,
541600,-25.000000,0.500000,30.000000,1,1,1,0,1,
541700,-25.000000,0.500000,30.000000,1,1,1,0,1,
541800,-25.000000,0.500000,30.000000,1,1,1,0,1,
541900,-25.000000,0.500000,30.000000,1,1,1,0,1,
542000,20.000000,0.500000,30.000000,1,1,1,0,1,
542100,20.000000,0.500000,30.000000,1,1,1,0,1,
542200,20.000000,0.500000,30.000000,1,1,1,0,1,
542300,20.000000,0.500000,30.000000,1,1,1,0,1,
542400,20.000000,0.500000,30.000000,1,1,1,0,1,
542500,20.000000,0.500000,30.000000,1,1,1,0,1,
542600,20.000000,0.500000,30.000000,1,1,1,0,1,
542700,20.000000,0.500000,30.000000,1,1,1,0,1,
542800,20.000000,0.500000,30.000000,1,1,1,0,1,
542900,20.000000,0.500000,30.000000,1,1,1,0,1,
543000,20.000000,0.500000,30.000000,1,1,1,0,1,
543100,20.000000,0.500000,30.000000,1,1,1,0,1,
543200,20.000000,0.500000,30.000000,1,1,1,0,1,
543300,20.000000,0.500000,30.000000,1,1,1,0,1,
543400,20.000000,0.500000,30.000000,1,1,1,0,1,
543500,20.000000,0.500000,30.000000,1,1,1,0,1,
543600,20.000000,0.500000,30.000000,1,1,1,0,1,
543700,20.000000,0.500000,30.000000,1,1,1,0,1,
543800,20.000000,0.500000,30.000000,1,1,1,0,1,
543900,20.000000,0.500000,30.000000,1,1,1,0,1,
544000,20.000000,0.500000,30.000000,1,1,1,0,1,
544100,20.000000,0.500000,30.000000,1,1,1,0,1,
544200,20.000000,0.500000,30.000000,1,1,1,0,1,
544300,20.000000,0.500000,30.000000,1,1,1,0,1,
544400,20.000000,0.500000,30.000000,1,1,1,0,1,
544500,20.000000,0.500000,30.000000,1,1,1,0,1,
544600,20.000000,0.500000,30.000000,1,1,1,0,1,
544700,20.000000,0.500000,30.000000,1,1,1,0,1,
544800,20.000000,0.500000,30.000000,1,1,1,0,1,
544900,20.000000,0.500000,30.000000,1,1,1,0,1,
545000,100.000000,0.500000,30.000000,1,1,1,0,1,
545100,100.000000,0.500000,30.000000,1,1,1,0,1,
545200,100.000000,0.500000,30.000000,1,1,1,0,1,
545300,100.000000,0.500000,30.000000,1,1,1,0,1,
545400,100.000000,0.500000,30.000000,1,1,1,0,1,
545500,100.000000,0.500000,30.000000,1,1,1,0,1,
545600,100.000000,0.500000,30.000000,1,1,1,0,1,
545700,100.000000,0.500000,30.000000,1,1,1,0,1,
545800,100.000000,0.500000,30.000000,1,1,1,0,1,
545900,100.000000,0.500000,30.000000,1,1,1,0,1,
546000,100.000000,0.500000,30.000000,1,1,1,0,1,
546100,100.000000,0.500000,30.000000,1,1,1,0,1,
546200,100.000000,0.500000,30.000000,1,1,1,0,1,
546300,100.000000,0.500000,30.000000,1,1,1,0,1,
546400,100.000000,0.500000,30.000000,1,1,1,0,1,
546500,-25.000000,0.500000,30.000000,1,1,1,0,1,
546600,-25.000000,0.500000,30.000000,1,1,1,0,1,
546700,-25.000000,0.500000,30.000000,1,1,1,0,1,
546800,-25.000000,0.500000,30.000000,1,1,1,0,1,
546900,-25.000000,0.500000,30.000000,1,1,1,0,1,
547000,20.000000,0.500000,30.000000,1,1,1,0,1,
547100,20.000000,0.500000,30.000000,1,1,1,0,1,
547200,20.000000,0.500000,30.000000,1,1,1,0,1,
547300,20.000000,0.500000,30.000000,1,1,1,0,1,
547400,20.000000,0.500000,30.000000,1,1,1,0,1,
547500,20.000000,0.500000,30.000000,1,1,1,0,1,
547600,20.000000,0.500000,30.000000,1,1,1,0,1,
547700,20.000000,0.500000,30.000000,1,1,1,0,1,
547800,20.000000,0.500000,30.000000,1,1,1,0,1,
547900,20.000000,0.500000,30.000000,1,1,1,0,1,
548000,20.000000,0.500000,30.000000,1,1,1,0,1,
548100,20.000000,0.500000,30.000000,1,1,1,0,1,
548200,20.000000,0.500000,30.000000,1,1,1,0,1,
548300,20.000000,0.500000,30.000000,1,1,1,0,1,
548400,20.000000,0.500000,30.000000,1,1,1,0,1,
548500,20.000000,0.500000,30.000000,1,1,1,0,1,
548600,20.000000,0.500000,30.000000,1,1,1,0,1,
548700,20.000000,0.500000,30.000000,1,1,1,0,1,
548800,20.000000,0.500000,30.000000,1,1,1,0,1,
548900,20.000000,0.500000,30.000000,1,1,1,0,1,
549000,20.000000,0.500000,30.000000,1,1,1,0,1,
549100,20.000000,0.500000,30.000000,1,1,1,0,1,
549200,20.000000,0.500000,30.000000,1,1,1,0,1,
549300,20.000000,0.500000,30.000000,1,1,1,0,1,
549400,20.000000,0.500000,30.000000,1,1,1,0,1,
549500,20.000000,0.500000,30.000000,1,1,1,0,1,
549600,20.000000,0.500000,30.000000,1,1,1,0,1,
549700,20.000000,0.500000,30.000000,1,1,1,0,1,
549800,20.000000,0.500000,30.000000,1,1,1,0,1,
549900,20.000000,0.500000,30.000000,1,1,1,0,1,
550000,100.000000,0.500000,30.000000,1,1,1,0,1,
550100,100.000000,0.500000,30.000000,1,1,1,0,1,
550200,100.000000,0.500000,30.000000,1,1,1,0,1,
550300,100.000000,0.500000,30.000000,1,1,1,0,1,
550400,100.000000,0.500000,30.000000,1,1,1,0,1,
550500,100.000000,0.500000,30.000000,1,1,1,0,1,
550600,100.000000,0.500000,30.000000,1,1,1,0,1,
550700,100.000000,0.500000,30.000000,1,1,1,0,1,
550800,100.000000,0.500000,30.000000,1,1,1,0,1,
550900,100.000000,0.500000,30.000000,1,1,1,0,1,
551000,100.000000,0.500000,30.000000,1,1,1,0,1,
551100,100.000000,0.500000,30.000000,1,1,1,0,1,
551200,100.000000,0.500000,30.000000,1,1,1,0,1,
551300,100.000000,0.500000,30.000000,1,1,1,0,1,
551400,100.000000,0.500000,30.000000,1,1,1,0,1,
551500,-25.000000,0.500000,30.000000,1,1,1,0,1,
551600,-25.000000,0.500000,30.000000,1,1,1,0,1,
551700,-25.000000,0.500000,30.000000,1,1,1,0,1,
551800,-25.000000,0.500000,30.000000,1,1,1,0,1,
551900,-25.000000,0.500000,30.000000,1,1,1,0,1,
552000,20.000000,0.500000,30.000000,1,1,1,0,1,
552100,20.000000,0.500000,30.000000,1,1,1,0,1,
552200,20.000000,0.500000,30.000000,1,1,1,0,1,
552300,20.000000,0.500000,30.000000,1,1,1,0,1,
552400,20.000000,0.500000,30.000000,1,1,1,0,1,
552500,20.000000,0.500000,30.000000,1,1,1,0,1,
552600,20.000000,0.500000,30.000000,1,1,1,0,1,
552700,20.000000,0.500000,30.000000,1,1,1,0,1,
552800,20.000000,0.500000,30.000000,1,1,1,0,1,
552900,20.000000,0.500000,30.000000,1,1,1,0,1,
553000,20.000000,0.500000,30.000000,1,1,1,0,1,
553100,20.000000,0.500000,30.000000,1,1,1,0,1,
553200,20.000000,0.500000,30.000000,1,1,1,0,1,
553300,20.000000,0.500000,30.000000,1,1,1,0,1,
553400,20.000000,0.500000,30.000000,1,1,1,0,1,
553500,20.000000,0.500000,30.000000,1,1,1,0,1,
553600,20.000000,0.500000,30.000000,1,1,1,0,1,
553700,20.000000,0.500000,30.000000,1,1,1,0,1,
553800,20.000000,0.500000,30.000000,1,1,1,0,1,
553900,20.000000,0.500000,30.000000,1,1,1,0,1,
554000,20.000000,0.500000,30.000000,1,1,1,0,1,
554100,20.000000,0.500000,30.000000,1,1,1,0,1,
554200,20.000000,0.500000,30.000000,1,1,1,0,1,
554300,20.000000,0.500000,30.000000,1,1,1,0,1,
554400,20.000000,0.500000,30.000000,1,1,1,0,1,
554500,20.000000,0.500000,30.000000,1,1,1,0,1,
554600,20.000000,0.500000,30.000000,1,1,1,0,1,
554700,20.000000,0.500000,30.000000,1,1,1,0,1,
554800,20.000000,0.500000,30.000000,1,1,1,0,1,
554900,20.000000,0.500000,30.000000,1,1,1,0,1,
555000,100.000000,0.500000,30.000000,1,1,1,0,1,
555100,100.000000,0.500000,30.000000,1,1,1,0,1,
555200,100.000000,0.500000,30.000000,1,1,1,0,1,
555300,100.000000,0.500000,30.000000,1,1,1,0,1,
555400,100.000000,0.500000,30.000000,1,1,1,0,1,
555500,100.000000,0.500000,30.000000,1,1,1,0,1,
555600,100.000000,0.500000,30.000000,1,1,1,0,1,
555700,100.000000,0.500000,30.000000,1,1,1,0,1,
555800,100.000000,0.500000,30.000000,1,1,1,0,1,
555900,100.000000,0.500000,30.000000,1,1,1,0,1,
556000,100.000000,0.500000,30.000000,1,1,1,0,1,
556100,100.000000,0.500000,30.000000,1,1,1,0,1,
556200,100.000000,0.500000,30.000000,1,1,1,0,1,
556300,100.000000,0.500000,30.000000,1,1,1,0,1,
556400,100.000000,0.500000,30.000000,1,1,1,0,1,
556500,-25.000000,0.500000,30.000000,1,1,1,0,1,
556600,-25.000000,0.500000,30.000000,1,1,1,0,1,
556700,-25.000000,0.500000,30.000000,1,1,1,0,1,
556800,-25.000000,0.500000,30.000000,1,1,1,0,1,
556900,-25.000000,0.500000,30.000000,1,1,1,0,1,
557000,20.000000,0.500000,30.000000,1,1,1,0,1,
557100,20.000000,0.500000,30.000000,1,1,1,0,1,
557200,20.000000,0.500000,30.000000,1,1,1,0,1,
557300,20.000000,0.500000,30.000000,1,1,1,0,1,
557400,20.000000,0.500000,30.000000,1,1,1,0,1,
557500,20.000000,0.500000,30.000000,1,1,1,0,1,
557600,20.000000,0.500000,30.000000,1,1,1,0,1,
557700,20.000000,0.500000,30.000000,1,1,1,0,1,
557800,20.000000,0.500000,30.000000,1,1,1,0,1,
557900,20.000000,0.500000,30.000000,1,1,1,0,1,
558000,20.000000,0.500000,30.000000,1,1,1,0,1,
558100,20.000000,0.500000,30.000000,1,1,1,0,1,
558200,20.000000,0.500000,30.000000,1,1,1,0,1,
558300,20.000000,0.500000,30.000000,1,1,1,0,1,
558400,20.000000,0.500000,30.000000,1,1,1,0,1,
558500,20.000000,0.500000,30.000000,1,1,1,0,1,
558600,20.000000,0.500000,30.000000,1,1,1,0,1,
558700,20.000000,0.500000,30.000000,1,1,1,0,1,
558800,20.000000,0.500000,30.000000,1,1,1,0,1,
558900,20.000000,0.500000,30.000000,1,1,1,0,1,
559000,20.000000,0.500000,30.000000,1,1,1,0,1,
559100,20.000000,0.500000,30.000000,1,1,1,0,1,
559200,20.000000,0.500000,30.000000,1,1,1,0,1,
559300,20.000000,0.500000,30.000000,1,1,1,0,1,
559400,20.000000,0.500000,30.000000,1,1,1,0,1,
559500,20.000000,0.500000,30.000000,1,1,1,0,1,
559600,20.000000,0.500000,30.000000,1,1,1,0,1,
559700,20.000000,0.500000,30.000000,1,1,1,0,1,
559800,20.000000,0.500000,30.000000,1,1,1,0,1,
559900,20.000000,0.500000,30.000000,1,1,1,0,1,
560000,100.000000,0.500000,30.000000,1,1,1,0,1,
560100,100.000000,0.500000,30.000000,1,1,1,0,1,
560200,100.000000,0.500000,30.000000,1,1,1,0,1,
560300,100.000000,0.500000,30.000000,1,1,1,0,1,
560400,100.000000,0.500000,30.000000,1,1,1,0,1,
560500,100.000000,0.500000,30.000000,1,1,1,0,1,
560600,100.000000,0.500000,30.000000,1,1,1,0,1,
560700,100.000000,0.500000,30.000000,1,1,1,0,1,
560800,100.000000,0.500000,30.000000,1,1,1,0,1,
560900,100.000000,0.500000,30.000000,1,1,1,0,1,
561000,100.000000,0.500000,30.000000,1,1,1,0,1,
561100,100.000000,0.500000,30.000000,1,1,1,0,1,
561200,100.000000,0.500000,30.000000,1,1,1,0,1,
561300,100.000000,0.500000,30.000000,1,1,1,0,1,
561400,100.000000,0.500000,30.000000,1,1,1,0,1,
561500,-25.000000,0.500000,30.000000,1,1,1,0,1,
561600,-25.000000,0.500000,30.000000,1,1,1,0,1,
561700,-25.000000,0.500000,30.000000,1,1,1,0,1,
561800,-25.000000,0.500000,30.000000,1,1,1,0,1,
561900,-25.000000,0.500000,30.000000,1,1,1,0,1,
562000,20.000000,0.500000,30.000000,1,1,1,0,1,
562100,20.000000,0.500000,30.000000,1,1,1,0,1,
562200,20.000000,0.500000,30.000000,1,1,1,0,1,
562300,20.000000,0.500000,30.000000,1,1,1,0,1,
562400,20.000000,0.500000,30.000000,1,1,1,0,1,
562500,20.000000,0.500000,30.000000,1,1,1,0,1,
562600,20.000000,0.500000,30.000000,1,1,1,0,1,
562700,20.000000,0.500000,30.000000,1,1,1,0,1,
562800,20.000000,0.500000,30.000000,1,1,1,0,1,
562900,20.000000,0.500000,30.000000,1,1,1,0,1,
563000,20.000000,0.500000,30.000000,1,1,1,0,1,
563100,20.000000,0.500000,30.000000,1,1,1,0,1,
563200,20.000000,0.500000,30.000000,1,1,1,0,1,
563300,20.000000,0.500000,30.000000,1,1,1,0,1,
563400,20.000000,0.500000,30.000000,1,1,1,0,1,
563500,20.000000,0.500000,30.000000,1,1,1,0,1,
563600,20.000000,0.500000,30.000000,1,1,1,0,1,
563700,20.000000,0.500000,30.000000,1,1,1,0,1,
563800,20.000000,0.500000,30.000000,1,1,1,0,1,
563900,20.000000,0.500000,30.000000,1,1,1,0,1,
564000,20.000000,0.500000,30.000000,1,1,1,0,1,
564100,20.000000,0.500000,30.000000,1,1,1,0,1,
564200,20.000000,0.500000,30.000000,1,1,1,0,1,
564300,20.000000,0.500000,30.000000,1,1,1,0,1,
564400,20.000000,0.500000,30.000000,1,1,1,0,1,
564500,20.000000,0.500000,30.000000,1,1,1,0,1,
564600,20.000000,0.500000,30.000000,1,1,1,0,1,
564700,20.000000,0.500000,30.000000,1,1,1,0,1,
564800,20.000000,0.500000,30.000000,1,1,1,0,1,
564900,20.000000,0.500000,30.000000,1,1,1,0,1,
565000,100.000000,0.500000,30.000000,1,1,1,0,1,
565100,100.000000,0.500000,30.000000,1,1,1,0,1,
565200,100.000000,0.500000,30.000000,1,1,1,0,1,
565300,100.000000,0.500000,30.000000,1,1,1,0,1,
565400,100.000000,0.500000,30.000000,1,1,1,0,1,
565500,100.000000,0.500000,30.000000,1,1,1,0,1,
565600,100.000000,0.500000,30.000000,1,1,1,0,1,
565700,100.000000,0.500000,30.000000,1,1,1,0,1,
565800,100.000000,0.500000,30.000000,1,1,1,0,1,
565900,100.000000,0.500000,30.000000,1,1,1,0,1,
566000,100.000000,0.500000,30.000000,1,1,1,0,1,
566100,100.000000,0.500000,30.000000,1,1,1,0,1,
566200,100.000000,0.500000,30.000000,1,1,1,0,1,
566300,100.000000,0.500000,30.000000,1,1,1,0,1,
566400,100.000000,0.500000,30.000000,1,1,1,0,1,
566500,-25.000000,0.500000,30.000000,1,1,1,0,1,
566600,-25.000000,0.500000,30.000000,1,1,1,0,1,
566700,-25.000000,0.500000,30.000000,1,1,1,0,1,
566800,-25.000000,0.500000,30.000000,1,1,1,0,1,
566900,-25.000000,0.500000,30.000000,1,1,1,0,1,
567000,20.000000,0.500000,30.000000,1,1,1,0,1,
567100,20.000000,0.500000,30.000000,1,1,1,0,1,
567200,20.000000,0.500000,30.000000,1,1,1,0,1,
567300,20.000000,0.500000,30.000000,1,1,1,0,1,
567400,20.000000,0.500000,30.000000,1,1,1,0,1,
567500,20.000000,0.500000,30.000000,1,1,1,0,1,
567600,20.000000,0.500000,30.000000,1,1,1,0,1,
567700,20.000000,0.500000,30.000000,1,1,1,0,1,
567800,20.000000,0.500000,30.000000,1,1,1,0,1,
567900,20.000000,0.500000,30.000000,1,1,1,0,1,
568000,20.000000,0.500000,30.000000,1,1,1,0,1,
568100,20.000000,0.500000,30.000000,1,1,1,0,1,
568200,20.000000,0.500000,30.000000,1,1,1,0,1,
568300,20.000000,0.500000,30.000000,1,1,1,0,1,
568400,20.000000,0.500000,30.000000,1,1,1,0,1,
568500,20.000000,0.500000,30.000000,1,1,1,0,1,
568600,20.000000,0.500000,30.000000,1,1,1,0,1,
568700,20.000000,0.500000,30.000000,1,1,1,0,1,
568800,20.000000,0.500000,30.000000,1,1,1,0,1,
568900,20.000000,0.500000,30.000000,1,1,1,0,1,
569000,20.000000,0.500000,30.000000,1,1,1,0,1,
569100,20.000000,0.500000,30.000000,1,1,1,0,1,
569200,20.000000,0.500000,30.000000,1,1,1,0,1,
569300,20.000000,0.500000,30.000000,1,1,1,0,1,
569400,20.000000,0.500000,30.000000,1,1,1,0,1,
569500,20.000000,0.500000,30.000000,1,1,1,0,1,
569600,20.000000,0.500000,30.000000,1,1,1,0,1,
569700,20.000000,0.500000,30.000000,1,1,1,0,1,
569800,20.000000,0.500000,30.000000,1,1,1,0,1,
569900,20.000000,0.500000,30.000000,1,1,1,0,1,
570000,100.000000,0.500000,30.000000,1,1,1,0,1,
570100,100.000000,0.500000,30.000000,1,1,1,0,1,
570200,100.000000,0.500000,30.000000,1,1,1,0,1,
570300,100.000000,0.500000,30.000000,1,1,1,0,1,
570400,100.000000,0.500000,30.000000,1,1,1,0,1,
570500,100.000000,0.500000,30.000000,1,1,1,0,1,
570600,100.000000,0.500000,30.000000,1,1,1,0,1,
570700,100.000000,0.500000,30.000000,1,1,1,0,1,
570800,100.000000,0.500000,30.000000,1,1,1,0,1,
570900,100.000000,0.500000,30.000000,1,1,1,0,1,
571000,100.000000,0.500000,30.000000,1,1,1,0,1,
571100,100.000000,0.500000,30.000000,1,1,1,0,1,
571200,100.000000,0.500000,30.000000,1,1,1,0,1,
571300,100.000000,0.500000,30.000000,1,1,1,0,1,
571400,100.000000,0.500000,30.000000,1,1,1,0,1,
571500,-25.000000,0.500000,30.000000,1,1,1,0,1,
571600,-25.000000,0.500000,30.000000,1,1,1,0,1,
571700,-25.000000,0.500000,30.000000,1,1,1,0,1,
571800,-25.000000,0.500000,30.000000,1,1,1,0,1,
571900,-25.000000,0.500000,30.000000,1,1,1,0,1,
572000,20.000000,0.500000,30.000000,1,1,1,0,1,
572100,20.000000,0.500000,30.000000,1,1,1,0,1,
572200,20.000000,0.500000,30.000000,1,1,1,0,1,
572300,20.000000,0.500000,30.000000,1,1,1,0,1,
572400,20.000000,0.500000,30.000000,1,1,1,0,1,
572500,20.000000,0.500000,30.000000,1,1,1,0,1,
572600,20.000000,0.500000,30.000000,1,1,1,0,1,
572700,20.000000,0.500000,30.000000,1,1,1,0,1,
572800,20.000000,0.500000,30.000000,1,1,1,0,1,
572900,20.000000,0.500000,30.000000,1,1,1,0,1,
573000,20.000000,0.500000,30.000000,1,1,1,0,1,
573100,20.000000,0.500000,30.000000,1,1,1,0,1,
573200,20.000000,0.500000,30.000000,1,1,1,0,1,
573300,20.000000,0.500000,30.000000,1,1,1,0,1,
573400,20.000000,0.500000,30.000000,1,1,1,0,1,
573500,20.000000,0.500000,30.000000,1,1,1,0,1,
573600,20.000000,0.500000,30.000000,1,1,1,0,1,
573700,20.000000,0.500000,30.000000,1,1,1,0,1,
573800,20.000000,0.500000,30.000000,1,1,1,0,1,
573900,20.000000,0.500000,30.000000,1,1,1,0,1,
574000,20.000000,0.500000,30.000000,1,1,1,0,1,
574100,20.000000,0.500000,30.000000,1,1,1,0,1,
574200,20.000000,0.500000,30.000000,1,1,1,0,1,
574300,20.000000,0.500000,30.000000,1,1,1,0,1,
574400,20.000000,0.500000,30.000000,1,1,1,0,1,
574500,20.000000,0.500000,30.000000,1,1,1,0,1,
574600,20.000000,0.500000,30.000000,1,1,1,0,1,
574700,20.000000,0.500000,30.000000,1,1,1,0,1,
574800,20.000000,0.500000,30.000000,1,1,1,0,1,
574900,20.000000,0.500000,30.000000,1,1,1,0,1,
575000,100.000000,0.500000,30.000000,1,1,1,0,1,
575100,100.000000,0.500000,30.000000,1,1,1,0,1,
575200,100.000000,0.500000,30.000000,1,1,1,0,1,
575300,100.000000,0.500000,30.000000,1,1,1,0,1,
575400,100.000000,0.500000,30.000000,1,1,1,0,1,
575500,100.000000,0.500000,30.000000,1,1,1,0,1,
575600,100.000000,0.500000,30.000000,1,1,1,0,1,
575700,100.000000,0.500000,30.000000,1,1,1,0,1,
575800,100.000000,0.500000,30.000000,1,1,1,0,1,
575900,100.000000,0.500000,30.000000,1,1,1,0,1,
576000,100.000000,0.500000,30.000000,1,1,1,0,1,
576100,100.000000,0.500000,30.000000,1,1,1,0,1,
576200,100.000000,0.500000,30.000000,1,1,1,0,1,
576300,100.000000,0.500000,30.000000,1,1,1,0,1,
576400,100.000000,0.500000,30.000000,1,1,1,0,1,
576500,-25.000000,0.500000,30.000000,1,1,1,0,1,
576600,-25.000000,0.500000,30.000000,1,1,1,0,1,
576700,-25.000000,0.500000,30.000000,1,1,1,0,1,
576800,-25.000000,0.500000,30.000000,1,1,1,0,1,
576900,-25.000000,0.500000,30.000000,1,1,1,0,1,
577000,20.000000,0.500000,30.000000,1,1,1,0,1,
577100,20.000000,0.500000,30.000000,1,1,1,0,1,
577200,20.000000,0.500000,30.000000,1,1,1,0,1,
577300,20.000000,0.500000,30.000000,1,1,1,0,1,
577400,20.000000,0.500000,30.000000,1,1,1,0,1,
577500,20.000000,0.500000,30.000000,1,1,1,0,1,
577600,20.000000,0.500000,30.000000,1,1,1,0,1,
577700,20.000000,0.500000,30.000000,1,1,1,0,1,
577800,20.000000,0.500000,30.000000,1,1,1,0,1,
577900,20.000000,0.500000,30.000000,1,1,1,0,1,
578000,20.000000,0.500000,30.000000,1,1,1,0,1,
578100,20.000000,0.500000,30.000000,1,1,1,0,1,
578200,20.000000,0.500000,30.000000,1,1,1,0,1,
578300,20.000000,0.500000,30.000000,1,1,1,0,1,
578400,20.000000,0.500000,30.000000,1,1,1,0,1,
578500,20.000000,0.500000,30.000000,1,1,1,0,1,
578600,20.000000,0.500000,30.000000,1,1,1,0,1,
578700,20.000000,0.500000,30.000000,1,1,1,0,1,
578800,20.000000,0.500000,30.000000,1,1,1,0,1,
578900,20.000000,0.500000,30.000000,1,1,1,0,1,
579000,20.000000,0.500000,30.000000,1,1,1,0,1,
579100,20.000000,0.500000,30.000000,1,1,1,0,1,
579200,20.000000,0.500000,30.000000,1,1,1,0,1,
579300,20.000000,0.500000,30.000000,1,1,1,0,1,
579400,20.000000,0.500000,30.000000,1,1,1,0,1,
579500,20.000000,0.500000,30.000000,1,1,1,0,1,
579600,20.000000,0.500000,30.000000,1,1,1,0,1,
579700,20.000000,0.500000,30.000000,1,1,1,0,1,
579800,20.000000,0.500000,30.000000,1,1,1,0,1,
579900,20.000000,0.500000,30.000000,1,1,1,0,1,
580000,100.000000,0.500000,30.000000,1,1,1,0,1,
580100,100.000000,0.500000,30.000000,1,1,1,0,1,
580200,100.000000,0.500000,30.000000,1,1,1,0,1,
580300,100.000000,0.500000,30.000000,1,1,1,0,1,
580400,100.000000,0.500000,30.000000,1,1,1,0,1,
580500,100.000000,0.500000,30.000000,1,1,1,0,1,
580600,100.000000,0.500000,30.000000,1,1,1,0,1,
580700,100.000000,0.500000,30.000000,1,1,1,0,1,
580800,100.000000,0.500000,30.000000,1,1,1,0,1,
580900,100.000000,0.500000,30.000000,1,1,1,0,1,
581000,100.000000,0.500000,30.000000,1,1,1,0,1,
581100,100.000000,0.500000,30.000000,1,1,1,0,1,
581200,100.000000,0.500000,30.000000,1,1,1,0,1,
581300,100.000000,0.500000,30.000000,1,1,1,0,1,
581400,100.000000,0.500000,30.000000,1,1,1,0,1,
581500,-25.000000,0.500000,30.000000,1,1,1,0,1,
581600,-25.000000,0.500000,30.000000,1,1,1,0,1,
581700,-25.000000,0.500000,30.000000,1,1,1,0,1,
581800,-25.000000,0.500000,30.000000,1,1,1,0,1,
581900,-25.000000,0.500000,30.000000,1,1,1,0,1,
582000,20.000000,0.500000,30.000000,1,1,1,0,1,
582100,20.000000,0.500000,30.000000,1,1,1,0,1,
582200,20.000000,0.500000,30.000000,1,1,1,0,1,
582300,20.000000,0.500000,30.000000,1,1,1,0,1,
582400,20.000000,0.500000,30.000000,1,1,1,0,1,
582500,20.000000,0.500000,30.000000,1,1,1,0,1,
582600,20.000000,0.500000,30.000000,1,1,1,0,1,
582700,20.000000,0.500000,30.000000,1,1,1,0,1,
582800,20.000000,0.500000,30.000000,1,1,1,0,1,
582900,20.000000,0.500000,30.000000,1,1,1,0,1,
583000,20.000000,0.500000,30.000000,1,1,1,0,1,
583100,20.000000,0.500000,30.000000,1,1,1,0,1,
583200,20.000000,0.500000,30.000000,1,1,1,0,1,
583300,20.000000,0.500000,30.000000,1,1,1,0,1,
583400,20.000000,0.500000,30.000000,1,1,1,0,1,
583500,20.000000,0.500000,30.000000,1,1,1,0,1,
583600,20.000000,0.500000,30.000000,1,1,1,0,1,
583700,20.000000,0.500000,30.000000,1,1,1,0,1,
583800,20.000000,0.500000,30.000000,1,1,1,0,1,
583900,20.000000,0.500000,30.000000,1,1,1,0,1,
584000,20.000000,0.500000,30.000000,1,1,1,0,1,
584100,20.000000,0.500000,30.000000,1,1,1,0,1,
584200,20.000000,0.500000,30.000000,1,1,1,0,1,
584300,20.000000,0.500000,30.000000,1,1,1,0,1,
584400,20.000000,0.500000,30.000000,1,1,1,0,1,
584500,20.000000,0.500000,30.000000,1,1,1,0,1,
584600,20.000000,0.500000,30.000000,1,1,1,0,1,
584700,20.000000,0.500000,30.000000,1,1,1,0,1,
584800,20.000000,0.500000,30.000000,1,1,1,0,1,
584900,20.000000,0.500000,30.000000,1,1,1,0,1,
585000,100.000000,0.500000,30.000000,1,1,1,0,1,
585100,100.000000,0.500000,30.000000,1,1,1,0,1,
585200,100.000000,0.500000,30.000000,1,1,1,0,1,
585300,100.000000,0.500000,30.000000,1,1,1,0,1,
585400,100.000000,0.500000,30.000000,1,1,1,0,1,
585500,100.000000,0.500000,30.000000,1,1,1,0,1,
585600,100.000000,0.500000,30.000000,1,1,1,0,1,
585700,100.000000,0.500000,30.000000,1,1,1,0,1,
585800,100.000000,0.500000,30.000000,1,1,1,0,1,
585900,100.000000,0.500000,30.000000,1,1,1,0,1,
586000,100.000000,0.500000,30.000000,1,1,1,0,1,
586100,100.000000,0.500000,30.000000,1,1,1,0,1,
586200,100.000000,0.500000,30.000000,1,1,1,0,1,
586300,100.000000,0.500000,30.000000,1,1,1,0,1,
586400,100.000000,0.500000,30.000000,1,1,1,0,1,
586500,-25.000000,0.500000,30.000000,1,1,1,0,1,
586600,-25.000000,0.500000,30.000000,1,1,1,0,1,
586700,-25.000000,0.500000,30.000000,1,1,1,0,1,
586800,-25.000000,0.500000,30.000000,1,1,1,0,1,
586900,-25.000000,0.500000,30.000000,1,1,1,0,1,
587000,20.000000,0.500000,30.000000,1,1,1,0,1,
587100,20.000000,0.500000,30.000000,1,1,1,0,1,
587200,20.000000,0.500000,30.000000,1,1,1,0,1,
587300,20.000000,0.500000,30.000000,1,1,1,0,1,
587400,20.000000,0.500000,30.000000,1,1,1,0,1,
587500,20.000000,0.500000,30.000000,1,1,1,0,1,
587600,20.000000,0.500000,30.000000,1,1,1,0,1,
587700,20.000000,0.500000,30.000000,1,1,1,0,1,
587800,20.000000,0.500000,30.000000,1,1,1,0,1,
587900,20.000000,0.500000,30.000000,1,1,1,0,1,
588000,20.000000,0.500000,30.000000,1,1,1,0,1,
588100,20.000000,0.500000,30.000000,1,1,1,0,1,
588200,20.000000,0.500000,30.000000,1,1,1,0,1,
588300,20.000000,0.500000,30.000000,1,1,1,0,1,
588400,20.000000,0.500000,30.000000,1,1,1,0,1,
588500,20.000000,0.500000,30.000000,1,1,1,0,1,
588600,20.000000,0.500000,30.000000,1,1,1,0,1,
588700,20.000000,0.500000,30.000000,1,1,1,0,1,
588800,20.000000,0.500000,30.000000,1,1,1,0,1,
588900,20.000000,0.500000,30.000000,1,1,1,0,1,
589000,20.000000,0.500000,30.000000,1,1,1,0,1,
589100,20.000000,0.500000,30.000000,1,1,1,0,1,
589200,20.000000,0.500000,30.000000,1,1,1,0,1,
589300,20.000000,0.500000,30.000000,1,1,1,0,1,
589400,20.000000,0.500000,30.000000,1,1,1,0,1,
589500,20.000000,0.500000,30.000000,1,1,1,0,1,
589600,20.000000,0.500000,30.000000,1,1,1,0,1,
589700,20.000000,0.500000,30.000000,1,1,1,0,1,
589800,20.000000,0.500000,30.000000,1,1,1,0,1,
589900,20.000000,0.500000,30.000000,1,1,1,0,1,
590000,100.000000,0.500000,30.000000,1,1,1,0,1,
590100,100.000000,0.500000,30.000000,1,1,1,0,1,
590200,100.000000,0.500000,30.000000,1,1,1,0,1,
590300,100.000000,0.500000,30.000000,1,1,1,0,1,
590400,100.000000,0.500000,30.000000,1,1,1,0,1,
590500,100.000000,0.500000,30.000000,1,1,1,0,1,
590600,100.000000,0.500000,30.000000,1,1,1,0,1,
590700,100.000000,0.500000,30.000000,1,1,1,0,1,
590800,100.000000,0.500000,30.000000,1,1,1,0,1,
590900,100.000000,0.500000,30.000000,1,1,1,0,1,
591000,100.000000,0.500000,30.000000,1,1,1,0,1,
591100,100.000000,0.500000,30.000000,1,1,1,0,1,
591200,100.000000,0.500000,30.000000,1,1,1,0,1,
591300,100.000000,0.500000,30.000000,1,1,1,0,1,
591400,100.000000,0.500000,30.000000,1,1,1,0,1,
591500,-25.000000,0.500000,30.000000,1,1,1,0,1,
591600,-25.000000,0.500000,30.000000,1,1,1,0,1,
591700,-25.000000,0.500000,30.000000,1,1,1,0,1,
591800,-25.000000,0.500000,30.000000,1,1,1,0,1,
591900,-25.000000,0.500000,30.000000,1,1,1,0,1,
592000,20.000000,0.500000,30.000000,1,1,1,0,1,
592100,20.000000,0.500000,30.000000,1,1,1,0,1,
592200,20.000000,0.500000,30.000000,1,1,1,0,1,
592300,20.000000,0.500000,30.000000,1,1,1,0,1,
592400,20.000000,0.500000,30.000000,1,1,1,0,1,
592500,20.000000,0.500000,30.000000,1,1,1,0,1,
592600,20.000000,0.500000,30.000000,1,1,1,0,1,
592700,20.000000,0.500000,30.000000,1,1,1,0,1,
592800,20.000000,0.500000,30.000000,1,1,1,0,1,
592900,20.000000,0.500000,30.000000,1,1,1,0,1,
593000,20.000000,0.500000,30.000000,1,1,1,0,1,
593100,20.000000,0.500000,30.000000,1,1,1,0,1,
593200,20.000000,0.500000,30.000000,1,1,1,0,1,
593300,20.000000,0.500000,30.000000,1,1,1,0,1,
593400,20.000000,0.500000,30.000000,1,1,1,0,1,
593500,20.000000,0.500000,30.000000,1,1,1,0,1,
593600,20.000000,0.500000,30.000000,1,1,1,0,1,
593700,20.000000,0.500000,30.000000,1,1,1,0,1,
593800,20.000000,0.500000,30.000000,1,1,1,0,1,
593900,20.000000,0.500000,30.000000,1,1,1,0,1,
594000,20.000000,0.500000,30.000000,1,1,1,0,1,
594100,20.000000,0.500000,30.000000,1,1,1,0,1,
594200,20.000000,0.500000,30.000000,1,1,1,0,1,
594300,20.000000,0.500000,30.000000,1,1,1,0,1,
594400,20.000000,0.500000,30.000000,1,1,1,0,1,
594500,20.000000,0.500000,30.000000,1,1,1,0,1,
594600,20.000000,0.500000,30.000000,1,1,1,0,1,
594700,20.000000,0.500000,30.000000,1,1,1,0,1,
594800,20.000000,0.500000,30.000000,1,1,1,0,1,
594900,20.000000,0.500000,30.000000,1,1,1,0,1,
595000,100.000000,0.500000,30.000000,1,1,1,0,1,
595100,100.000000,0.500000,30.000000,1,1,1,0,1,
595200,100.000000,0.500000,30.000000,1,1,1,0,1,
595300,100.000000,0.500000,30.000000,1,1,1,0,1,
595400,100.000000,0.500000,30.000000,1,1,1,0,1,
595500,100.000000,0.500000,30.000000,1,1,1,0,1,
595600,100.000000,0.500000,30.000000,1,1,1,0,1,
595700,100.000000,0.500000,30.000000,1,1,1,0,1,
595800,100.000000,0.500000,30.000000,1,1,1,0,1,
595900,100.000000,0.500000,30.000000,1,1,1,0,1,
596000,100.000000,0.500000,30.000000,1,1,1,0,1,
596100,100.000000,0.500000,30.000000,1,1,1,0,1,
596200,100.000000,0.500000,30.000000,1,1,1,0,1,
596300,100.000000,0.500000,30.000000,1,1,1,0,1,
596400,100.000000,0.500000,30.000000,1,1,1,0,1,
596500,-25.000000,0.500000,30.000000,1,1,1,0,1,
596600,-25.000000,0.500000,30.000000,1,1,1,0,1,
596700,-25.000000,0.500000,30.000000,1,1,1,0,1,
596800,-25.000000,0.500000,30.000000,1,1,1,0,1,
596900,-25.000000,0.500000,30.000000,1,1,1,0,1,
597000,20.000000,0.500000,30.000000,1,1,1,0,1,
597100,20.000000,0.500000,30.000000,1,1,1,0,1,
597200,20.000000,0.500000,30.000000,1,1,1,0,1,
597300,20.000000,0.500000,30.000000,1,1,1,0,1,
597400,20.000000,0.500000,30.000000,1,1,1,0,1,
597500,20.000000,0.500000,30.000000,1,1,1,0,1,
597600,20.000000,0.500000,30.000000,1,1,1,0,1,
597700,20.000000,0.500000,30.000000,1,1,1,0,1,
597800,20.000000,0.500000,30.000000,1,1,1,0,1,
597900,20.000000,0.500000,30.000000,1,1,1,0,1,
598000,20.000000,0.500000,30.000000,1,1,1,0,1,
598100,20.000000,0.500000,30.000000,1,1,1,0,1,
598200,20.000000,0.500000,30.000000,1,1,1,0,1,
598300,20.000000,0.500000,30.000000,1,1,1,0,1,
598400,20.000000,0.500000,30.000000,1,1,1,0,1,
598500,20.000000,0.500000,30.000000,1,1,1,0,1,
598600,20.000000,0.500000,30.000000,1,1,1,0,1,
598700,20.000000,0.500000,30.000000,1,1,1,0,1,
598800,20.000000,0.500000,30.000000,1,1,1,0,1,
598900,20.000000,0.500000,30.000000,1,1,1,0,1,
599000,20.000000,0.500000,30.000000,1,1,1,0,1,
599100,20.000000,0.500000,30.000000,1,1,1,0,1,
599200,20.000000,0.500000,30.000000,1,1,1,0,1,
599300,20.000000,0.500000,30.000000,1,1,1,0,1,
599400,20.000000,0.500000,30.000000,1,1,1,0,1,
599500,20.000000,0.500000,30.000000,1,1,1,0,1,
599600,20.000000,0.500000,30.000000,1,1,1,0,1,
599700,20.000000,0.500000,30.000000,1,1,1,0,1,
599800,20.000000,0.500000,30.000000,1,1,1,0,1,
599900,20.000000,0.500000,30.000000,1,1,1,0,1,
600000,100.000000,0.500000,30.000000,1,1,1,0,1,
