timestamp_ms,current_a,current_uncertainty_a,temperature_proxy_c,measurement_valid,current_calibrated,current_polarity_validated,temperature_measured_at_fuse,model_validated,event
0,0.000000,0.500000,25.000000,1,1,1,0,1,
100,0.000000,0.500000,25.000000,1,1,1,0,1,
200,0.000000,0.500000,25.000000,1,1,1,0,1,
300,0.000000,0.500000,25.000000,1,1,1,0,1,
400,0.000000,0.500000,25.000000,1,1,1,0,1,
500,0.000000,0.500000,25.000000,1,1,1,0,1,
600,0.000000,0.500000,25.000000,1,1,1,0,1,
700,0.000000,0.500000,25.000000,1,1,1,0,1,
800,0.000000,0.500000,25.000000,1,1,1,0,1,
900,0.000000,0.500000,25.000000,1,1,1,0,1,
1000,0.000000,0.500000,25.000000,1,1,1,0,1,
1100,0.000000,0.500000,25.000000,1,1,1,0,1,
1200,0.000000,0.500000,25.000000,1,1,1,0,1,
1300,0.000000,0.500000,25.000000,1,1,1,0,1,
1400,0.000000,0.500000,25.000000,1,1,1,0,1,
1500,0.000000,0.500000,25.000000,1,1,1,0,1,
1600,0.000000,0.500000,25.000000,1,1,1,0,1,
1700,0.000000,0.500000,25.000000,1,1,1,0,1,
1800,0.000000,0.500000,25.000000,1,1,1,0,1,
1900,0.000000,0.500000,25.000000,1,1,1,0,1,
2000,0.000000,0.500000,25.000000,1,1,1,0,1,
2100,0.000000,0.500000,25.000000,1,1,1,0,1,
2200,0.000000,0.500000,25.000000,1,1,1,0,1,
2300,0.000000,0.500000,25.000000,1,1,1,0,1,
2400,0.000000,0.500000,25.000000,1,1,1,0,1,
2500,0.000000,0.500000,25.000000,1,1,1,0,1,
2600,0.000000,0.500000,25.000000,1,1,1,0,1,
2700,0.000000,0.500000,25.000000,1,1,1,0,1,
2800,0.000000,0.500000,25.000000,1,1,1,0,1,
2900,0.000000,0.500000,25.000000,1,1,1,0,1,
3000,0.000000,0.500000,25.000000,1,1,1,0,1,
3100,0.000000,0.500000,25.000000,1,1,1,0,1,
3200,0.000000,0.500000,25.000000,1,1,1,0,1,
3300,0.000000,0.500000,25.000000,1,1,1,0,1,
3400,0.000000,0.500000,25.000000,1,1,1,0,1,
3500,0.000000,0.500000,25.000000,1,1,1,0,1,
3600,0.000000,0.500000,25.000000,1,1,1,0,1,
3700,0.000000,0.500000,25.000000,1,1,1,0,1,
3800,0.000000,0.500000,25.000000,1,1,1,0,1,
3900,0.000000,0.500000,25.000000,1,1,1,0,1,
4000,0.000000,0.500000,25.000000,1,1,1,0,1,
4100,0.000000,0.500000,25.000000,1,1,1,0,1,
4200,0.000000,0.500000,25.000000,1,1,1,0,1,
4300,0.000000,0.500000,25.000000,1,1,1,0,1,
4400,0.000000,0.500000,25.000000,1,1,1,0,1,
4500,0.000000,0.500000,25.000000,1,1,1,0,1,
4600,0.000000,0.500000,25.000000,1,1,1,0,1,
4700,0.000000,0.500000,25.000000,1,1,1,0,1,
4800,0.000000,0.500000,25.000000,1,1,1,0,1,
4900,0.000000,0.500000,25.000000,1,1,1,0,1,
5000,0.000000,0.500000,25.000000,1,1,1,0,1,
5100,0.000000,0.500000,25.000000,1,1,1,0,1,
5200,0.000000,0.500000,25.000000,1,1,1,0,1,
5300,0.000000,0.500000,25.000000,1,1,1,0,1,
5400,0.000000,0.500000,25.000000,1,1,1,0,1,
5500,0.000000,0.500000,25.000000,1,1,1,0,1,
5600,0.000000,0.500000,25.000000,1,1,1,0,1,
5700,0.000000,0.500000,25.000000,1,1,1,0,1,
5800,0.000000,0.500000,25.000000,1,1,1,0,1,
5900,0.000000,0.500000,25.000000,1,1,1,0,1,
6000,0.000000,0.500000,25.000000,1,1,1,0,1,
6100,0.000000,0.500000,25.000000,1,1,1,0,1,
6200,0.000000,0.500000,25.000000,1,1,1,0,1,
6300,0.000000,0.500000,25.000000,1,1,1,0,1,
6400,0.000000,0.500000,25.000000,1,1,1,0,1,
6500,0.000000,0.500000,25.000000,1,1,1,0,1,
6600,0.000000,0.500000,25.000000,1,1,1,0,1,
6700,0.000000,0.500000,25.000000,1,1,1,0,1,
6800,0.000000,0.500000,25.000000,1,1,1,0,1,
6900,0.000000,0.500000,25.000000,1,1,1,0,1,
7000,0.000000,0.500000,25.000000,1,1,1,0,1,
7100,0.000000,0.500000,25.000000,1,1,1,0,1,
7200,0.000000,0.500000,25.000000,1,1,1,0,1,
7300,0.000000,0.500000,25.000000,1,1,1,0,1,
7400,0.000000,0.500000,25.000000,1,1,1,0,1,
7500,0.000000,0.500000,25.000000,1,1,1,0,1,
7600,0.000000,0.500000,25.000000,1,1,1,0,1,
7700,0.000000,0.500000,25.000000,1,1,1,0,1,
7800,0.000000,0.500000,25.000000,1,1,1,0,1,
7900,0.000000,0.500000,25.000000,1,1,1,0,1,
8000,0.000000,0.500000,25.000000,1,1,1,0,1,
8100,0.000000,0.500000,25.000000,1,1,1,0,1,
8200,0.000000,0.500000,25.000000,1,1,1,0,1,
8300,0.000000,0.500000,25.000000,1,1,1,0,1,
8400,0.000000,0.500000,25.000000,1,1,1,0,1,
8500,0.000000,0.500000,25.000000,1,1,1,0,1,
8600,0.000000,0.500000,25.000000,1,1,1,0,1,
8700,0.000000,0.500000,25.000000,1,1,1,0,1,
8800,0.000000,0.500000,25.000000,1,1,1,0,1,
8900,0.000000,0.500000,25.000000,1,1,1,0,1,
9000,0.000000,0.500000,25.000000,1,1,1,0,1,
9100,0.000000,0.500000,25.000000,1,1,1,0,1,
9200,0.000000,0.500000,25.000000,1,1,1,0,1,
9300,0.000000,0.500000,25.000000,1,1,1,0,1,
9400,0.000000,0.500000,25.000000,1,1,1,0,1,
9500,0.000000,0.500000,25.000000,1,1,1,0,1,
9600,0.000000,0.500000,25.000000,1,1,1,0,1,
9700,0.000000,0.500000,25.000000,1,1,1,0,1,
9800,0.000000,0.500000,25.000000,1,1,1,0,1,
9900,0.000000,0.500000,25.000000,1,1,1,0,1,
10000,0.000000,0.500000,25.000000,1,1,1,0,1,
10100,0.000000,0.500000,25.000000,1,1,1,0,1,
10200,0.000000,0.500000,25.000000,1,1,1,0,1,
10300,0.000000,0.500000,25.000000,1,1,1,0,1,
10400,0.000000,0.500000,25.000000,1,1,1,0,1,
10500,0.000000,0.500000,25.000000,1,1,1,0,1,
10600,0.000000,0.500000,25.000000,1,1,1,0,1,
10700,0.000000,0.500000,25.000000,1,1,1,0,1,
10800,0.000000,0.500000,25.000000,1,1,1,0,1,
10900,0.000000,0.500000,25.000000,1,1,1,0,1,
11000,0.000000,0.500000,25.000000,1,1,1,0,1,
11100,0.000000,0.500000,25.000000,1,1,1,0,1,
11200,0.000000,0.500000,25.000000,1,1,1,0,1,
11300,0.000000,0.500000,25.000000,1,1,1,0,1,
11400,0.000000,0.500000,25.000000,1,1,1,0,1,
11500,0.000000,0.500000,25.000000,1,1,1,0,1,
11600,0.000000,0.500000,25.000000,1,1,1,0,1,
11700,0.000000,0.500000,25.000000,1,1,1,0,1,
11800,0.000000,0.500000,25.000000,1,1,1,0,1,
11900,0.000000,0.500000,25.000000,1,1,1,0,1,
12000,0.000000,0.500000,25.000000,1,1,1,0,1,
12100,0.000000,0.500000,25.000000,1,1,1,0,1,
12200,0.000000,0.500000,25.000000,1,1,1,0,1,
12300,0.000000,0.500000,25.000000,1,1,1,0,1,
12400,0.000000,0.500000,25.000000,1,1,1,0,1,
12500,0.000000,0.500000,25.000000,1,1,1,0,1,
12600,0.000000,0.500000,25.000000,1,1,1,0,1,
12700,0.000000,0.500000,25.000000,1,1,1,0,1,
12800,0.000000,0.500000,25.000000,1,1,1,0,1,
12900,0.000000,0.500000,25.000000,1,1,1,0,1,
13000,0.000000,0.500000,25.000000,1,1,1,0,1,
13100,0.000000,0.500000,25.000000,1,1,1,0,1,
13200,0.000000,0.500000,25.000000,1,1,1,0,1,
13300,0.000000,0.500000,25.000000,1,1,1,0,1,
13400,0.000000,0.500000,25.000000,1,1,1,0,1,
13500,0.000000,0.500000,25.000000,1,1,1,0,1,
13600,0.000000,0.500000,25.000000,1,1,1,0,1,
13700,0.000000,0.500000,25.000000,1,1,1,0,1,
13800,0.000000,0.500000,25.000000,1,1,1,0,1,
13900,0.000000,0.500000,25.000000,1,1,1,0,1,
14000,0.000000,0.500000,25.000000,1,1,1,0,1,
14100,0.000000,0.500000,25.000000,1,1,1,0,1,
14200,0.000000,0.500000,25.000000,1,1,1,0,1,
14300,0.000000,0.500000,25.000000,1,1,1,0,1,
14400,0.000000,0.500000,25.000000,1,1,1,0,1,
14500,0.000000,0.500000,25.000000,1,1,1,0,1,
14600,0.000000,0.500000,25.000000,1,1,1,0,1,
14700,0.000000,0.500000,25.000000,1,1,1,0,1,
14800,0.000000,0.500000,25.000000,1,1,1,0,1,
14900,0.000000,0.500000,25.000000,1,1,1,0,1,
15000,0.000000,0.500000,25.000000,1,1,1,0,1,
15100,0.000000,0.500000,25.000000,1,1,1,0,1,
15200,0.000000,0.500000,25.000000,1,1,1,0,1,
15300,0.000000,0.500000,25.000000,1,1,1,0,1,
15400,0.000000,0.500000,25.000000,1,1,1,0,1,
15500,0.000000,0.500000,25.000000,1,1,1,0,1,
15600,0.000000,0.500000,25.000000,1,1,1,0,1,
15700,0.000000,0.500000,25.000000,1,1,1,0,1,
15800,0.000000,0.500000,25.000000,1,1,1,0,1,
15900,0.000000,0.500000,25.000000,1,1,1,0,1,
16000,0.000000,0.500000,25.000000,1,1,1,0,1,
16100,0.000000,0.500000,25.000000,1,1,1,0,1,
16200,0.000000,0.500000,25.000000,1,1,1,0,1,
16300,0.000000,0.500000,25.000000,1,1,1,0,1,
16400,0.000000,0.500000,25.000000,1,1,1,0,1,
16500,0.000000,0.500000,25.000000,1,1,1,0,1,
16600,0.000000,0.500000,25.000000,1,1,1,0,1,
16700,0.000000,0.500000,25.000000,1,1,1,0,1,
16800,0.000000,0.500000,25.000000,1,1,1,0,1,
16900,0.000000,0.500000,25.000000,1,1,1,0,1,
17000,0.000000,0.500000,25.000000,1,1,1,0,1,
17100,0.000000,0.500000,25.000000,1,1,1,0,1,
17200,0.000000,0.500000,25.000000,1,1,1,0,1,
17300,0.000000,0.500000,25.000000,1,1,1,0,1,
17400,0.000000,0.500000,25.000000,1,1,1,0,1,
17500,0.000000,0.500000,25.000000,1,1,1,0,1,
17600,0.000000,0.500000,25.000000,1,1,1,0,1,
17700,0.000000,0.500000,25.000000,1,1,1,0,1,
17800,0.000000,0.500000,25.000000,1,1,1,0,1,
17900,0.000000,0.500000,25.000000,1,1,1,0,1,
18000,0.000000,0.500000,25.000000,1,1,1,0,1,
18100,0.000000,0.500000,25.000000,1,1,1,0,1,
18200,0.000000,0.500000,25.000000,1,1,1,0,1,
18300,0.000000,0.500000,25.000000,1,1,1,0,1,
18400,0.000000,0.500000,25.000000,1,1,1,0,1,
18500,0.000000,0.500000,25.000000,1,1,1,0,1,
18600,0.000000,0.500000,25.000000,1,1,1,0,1,
18700,0.000000,0.500000,25.000000,1,1,1,0,1,
18800,0.000000,0.500000,25.000000,1,1,1,0,1,
18900,0.000000,0.500000,25.000000,1,1,1,0,1,
19000,0.000000,0.500000,25.000000,1,1,1,0,1,
19100,0.000000,0.500000,25.000000,1,1,1,0,1,
19200,0.000000,0.500000,25.000000,1,1,1,0,1,
19300,0.000000,0.500000,25.000000,1,1,1,0,1,
19400,0.000000,0.500000,25.000000,1,1,1,0,1,
19500,0.000000,0.500000,25.000000,1,1,1,0,1,
19600,0.000000,0.500000,25.000000,1,1,1,0,1,
19700,0.000000,0.500000,25.000000,1,1,1,0,1,
19800,0.000000,0.500000,25.000000,1,1,1,0,1,
19900,0.000000,0.500000,25.000000,1,1,1,0,1,
20000,0.000000,0.500000,25.000000,1,1,1,0,1,
20100,0.000000,0.500000,25.000000,1,1,1,0,1,
20200,0.000000,0.500000,25.000000,1,1,1,0,1,
20300,0.000000,0.500000,25.000000,1,1,1,0,1,
20400,0.000000,0.500000,25.000000,1,1,1,0,1,
20500,0.000000,0.500000,25.000000,1,1,1,0,1,
20600,0.000000,0.500000,25.000000,1,1,1,0,1,
20700,0.000000,0.500000,25.000000,1,1,1,0,1,
20800,0.000000,0.500000,25.000000,1,1,1,0,1,
20900,0.000000,0.500000,25.000000,1,1,1,0,1,
21000,0.000000,0.500000,25.000000,1,1,1,0,1,
21100,0.000000,0.500000,25.000000,1,1,1,0,1,
21200,0.000000,0.500000,25.000000,1,1,1,0,1,
21300,0.000000,0.500000,25.000000,1,1,1,0,1,
21400,0.000000,0.500000,25.000000,1,1,1,0,1,
21500,0.000000,0.500000,25.000000,1,1,1,0,1,
21600,0.000000,0.500000,25.000000,1,1,1,0,1,
21700,0.000000,0.500000,25.000000,1,1,1,0,1,
21800,0.000000,0.500000,25.000000,1,1,1,0,1,
21900,0.000000,0.500000,25.000000,1,1,1,0,1,
22000,0.000000,0.500000,25.000000,1,1,1,0,1,
22100,0.000000,0.500000,25.000000,1,1,1,0,1,
22200,0.000000,0.500000,25.000000,1,1,1,0,1,
22300,0.000000,0.500000,25.000000,1,1,1,0,1,
22400,0.000000,0.500000,25.000000,1,1,1,0,1,
22500,0.000000,0.500000,25.000000,1,1,1,0,1,
22600,0.000000,0.500000,25.000000,1,1,1,0,1,
22700,0.000000,0.500000,25.000000,1,1,1,0,1,
22800,0.000000,0.500000,25.000000,1,1,1,0,1,
22900,0.000000,0.500000,25.000000,1,1,1,0,1,
23000,0.000000,0.500000,25.000000,1,1,1,0,1,
23100,0.000000,0.500000,25.000000,1,1,1,0,1,
23200,0.000000,0.500000,25.000000,1,1,1,0,1,
23300,0.000000,0.500000,25.000000,1,1,1,0,1,
23400,0.000000,0.500000,25.000000,1,1,1,0,1,
23500,0.000000,0.500000,25.000000,1,1,1,0,1,
23600,0.000000,0.500000,25.000000,1,1,1,0,1,
23700,0.000000,0.500000,25.000000,1,1,1,0,1,
23800,0.000000,0.500000,25.000000,1,1,1,0,1,
23900,0.000000,0.500000,25.000000,1,1,1,0,1,
24000,0.000000,0.500000,25.000000,1,1,1,0,1,
24100,0.000000,0.500000,25.000000,1,1,1,0,1,
24200,0.000000,0.500000,25.000000,1,1,1,0,1,
24300,0.000000,0.500000,25.000000,1,1,1,0,1,
24400,0.000000,0.500000,25.000000,1,1,1,0,1,
24500,0.000000,0.500000,25.000000,1,1,1,0,1,
24600,0.000000,0.500000,25.000000,1,1,1,0,1,
24700,0.000000,0.500000,25.000000,1,1,1,0,1,
24800,0.000000,0.500000,25.000000,1,1,1,0,1,
24900,0.000000,0.500000,25.000000,1,1,1,0,1,
25000,0.000000,0.500000,25.000000,1,1,1,0,1,
25100,0.000000,0.500000,25.000000,1,1,1,0,1,
25200,0.000000,0.500000,25.000000,1,1,1,0,1,
25300,0.000000,0.500000,25.000000,1,1,1,0,1,
25400,0.000000,0.500000,25.000000,1,1,1,0,1,
25500,0.000000,0.500000,25.000000,1,1,1,0,1,
25600,0.000000,0.500000,25.000000,1,1,1,0,1,
25700,0.000000,0.500000,25.000000,1,1,1,0,1,
25800,0.000000,0.500000,25.000000,1,1,1,0,1,
25900,0.000000,0.500000,25.000000,1,1,1,0,1,
26000,0.000000,0.500000,25.000000,1,1,1,0,1,
26100,0.000000,0.500000,25.000000,1,1,1,0,1,
26200,0.000000,0.500000,25.000000,1,1,1,0,1,
26300,0.000000,0.500000,25.000000,1,1,1,0,1,
26400,0.000000,0.500000,25.000000,1,1,1,0,1,
26500,0.000000,0.500000,25.000000,1,1,1,0,1,
26600,0.000000,0.500000,25.000000,1,1,1,0,1,
26700,0.000000,0.500000,25.000000,1,1,1,0,1,
26800,0.000000,0.500000,25.000000,1,1,1,0,1,
26900,0.000000,0.500000,25.000000,1,1,1,0,1,
27000,0.000000,0.500000,25.000000,1,1,1,0,1,
27100,0.000000,0.500000,25.000000,1,1,1,0,1,
27200,0.000000,0.500000,25.000000,1,1,1,0,1,
27300,0.000000,0.500000,25.000000,1,1,1,0,1,
27400,0.000000,0.500000,25.000000,1,1,1,0,1,
27500,0.000000,0.500000,25.000000,1,1,1,0,1,
27600,0.000000,0.500000,25.000000,1,1,1,0,1,
27700,0.000000,0.500000,25.000000,1,1,1,0,1,
27800,0.000000,0.500000,25.000000,1,1,1,0,1,
27900,0.000000,0.500000,25.000000,1,1,1,0,1,
28000,0.000000,0.500000,25.000000,1,1,1,0,1,
28100,0.000000,0.500000,25.000000,1,1,1,0,1,
28200,0.000000,0.500000,25.000000,1,1,1,0,1,
28300,0.000000,0.500000,25.000000,1,1,1,0,1,
28400,0.000000,0.500000,25.000000,1,1,1,0,1,
28500,0.000000,0.500000,25.000000,1,1,1,0,1,
28600,0.000000,0.500000,25.000000,1,1,1,0,1,
28700,0.000000,0.500000,25.000000,1,1,1,0,1,
28800,0.000000,0.500000,25.000000,1,1,1,0,1,
28900,0.000000,0.500000,25.000000,1,1,1,0,1,
29000,0.000000,0.500000,25.000000,1,1,1,0,1,
29100,0.000000,0.500000,25.000000,1,1,1,0,1,
29200,0.000000,0.500000,25.000000,1,1,1,0,1,
29300,0.000000,0.500000,25.000000,1,1,1,0,1,
29400,0.000000,0.500000,25.000000,1,1,1,0,1,
29500,0.000000,0.500000,25.000000,1,1,1,0,1,
29600,0.000000,0.500000,25.000000,1,1,1,0,1,
29700,0.000000,0.500000,25.000000,1,1,1,0,1,
29800,0.000000,0.500000,25.000000,1,1,1,0,1,
29900,0.000000,0.500000,25.000000,1,1,1,0,1,
30000,0.000000,0.500000,25.000000,1,1,1,0,1,
30100,0.000000,0.500000,25.000000,1,1,1,0,1,
30200,0.000000,0.500000,25.000000,1,1,1,0,1,
30300,0.000000,0.500000,25.000000,1,1,1,0,1,
30400,0.000000,0.500000,25.000000,1,1,1,0,1,
30500,0.000000,0.500000,25.000000,1,1,1,0,1,
30600,0.000000,0.500000,25.000000,1,1,1,0,1,
30700,0.000000,0.500000,25.000000,1,1,1,0,1,
30800,0.000000,0.500000,25.000000,1,1,1,0,1,
30900,0.000000,0.500000,25.000000,1,1,1,0,1,
31000,0.000000,0.500000,25.000000,1,1,1,0,1,
31100,0.000000,0.500000,25.000000,1,1,1,0,1,
31200,0.000000,0.500000,25.000000,1,1,1,0,1,
31300,0.000000,0.500000,25.000000,1,1,1,0,1,
31400,0.000000,0.500000,25.000000,1,1,1,0,1,
31500,0.000000,0.500000,25.000000,1,1,1,0,1,
31600,0.000000,0.500000,25.000000,1,1,1,0,1,
31700,0.000000,0.500000,25.000000,1,1,1,0,1,
31800,0.000000,0.500000,25.000000,1,1,1,0,1,
31900,0.000000,0.500000,25.000000,1,1,1,0,1,
32000,0.000000,0.500000,25.000000,1,1,1,0,1,
32100,0.000000,0.500000,25.000000,1,1,1,0,1,
32200,0.000000,0.500000,25.000000,1,1,1,0,1,
32300,0.000000,0.500000,25.000000,1,1,1,0,1,
32400,0.000000,0.500000,25.000000,1,1,1,0,1,
32500,0.000000,0.500000,25.000000,1,1,1,0,1,
32600,0.000000,0.500000,25.000000,1,1,1,0,1,
32700,0.000000,0.500000,25.000000,1,1,1,0,1,
32800,0.000000,0.500000,25.000000,1,1,1,0,1,
32900,0.000000,0.500000,25.000000,1,1,1,0,1,
33000,0.000000,0.500000,25.000000,1,1,1,0,1,
33100,0.000000,0.500000,25.000000,1,1,1,0,1,
33200,0.000000,0.500000,25.000000,1,1,1,0,1,
33300,0.000000,0.500000,25.000000,1,1,1,0,1,
33400,0.000000,0.500000,25.000000,1,1,1,0,1,
33500,0.000000,0.500000,25.000000,1,1,1,0,1,
33600,0.000000,0.500000,25.000000,1,1,1,0,1,
33700,0.000000,0.500000,25.000000,1,1,1,0,1,
33800,0.000000,0.500000,25.000000,1,1,1,0,1,
33900,0.000000,0.500000,25.000000,1,1,1,0,1,
34000,0.000000,0.500000,25.000000,1,1,1,0,1,
34100,0.000000,0.500000,25.000000,1,1,1,0,1,
34200,0.000000,0.500000,25.000000,1,1,1,0,1,
34300,0.000000,0.500000,25.000000,1,1,1,0,1,
34400,0.000000,0.500000,25.000000,1,1,1,0,1,
34500,0.000000,0.500000,25.000000,1,1,1,0,1,
34600,0.000000,0.500000,25.000000,1,1,1,0,1,
34700,0.000000,0.500000,25.000000,1,1,1,0,1,
34800,0.000000,0.500000,25.000000,1,1,1,0,1,
34900,0.000000,0.500000,25.000000,1,1,1,0,1,
35000,0.000000,0.500000,25.000000,1,1,1,0,1,
35100,0.000000,0.500000,25.000000,1,1,1,0,1,
35200,0.000000,0.500000,25.000000,1,1,1,0,1,
35300,0.000000,0.500000,25.000000,1,1,1,0,1,
35400,0.000000,0.500000,25.000000,1,1,1,0,1,
35500,0.000000,0.500000,25.000000,1,1,1,0,1,
35600,0.000000,0.500000,25.000000,1,1,1,0,1,
35700,0.000000,0.500000,25.000000,1,1,1,0,1,
35800,0.000000,0.500000,25.000000,1,1,1,0,1,
35900,0.000000,0.500000,25.000000,1,1,1,0,1,
36000,0.000000,0.500000,25.000000,1,1,1,0,1,
36100,0.000000,0.500000,25.000000,1,1,1,0,1,
36200,0.000000,0.500000,25.000000,1,1,1,0,1,
36300,0.000000,0.500000,25.000000,1,1,1,0,1,
36400,0.000000,0.500000,25.000000,1,1,1,0,1,
36500,0.000000,0.500000,25.000000,1,1,1,0,1,
36600,0.000000,0.500000,25.000000,1,1,1,0,1,
36700,0.000000,0.500000,25.000000,1,1,1,0,1,
36800,0.000000,0.500000,25.000000,1,1,1,0,1,
36900,0.000000,0.500000,25.000000,1,1,1,0,1,
37000,0.000000,0.500000,25.000000,1,1,1,0,1,
37100,0.000000,0.500000,25.000000,1,1,1,0,1,
37200,0.000000,0.500000,25.000000,1,1,1,0,1,
37300,0.000000,0.500000,25.000000,1,1,1,0,1,
37400,0.000000,0.500000,25.000000,1,1,1,0,1,
37500,0.000000,0.500000,25.000000,1,1,1,0,1,
37600,0.000000,0.500000,25.000000,1,1,1,0,1,
37700,0.000000,0.500000,25.000000,1,1,1,0,1,
37800,0.000000,0.500000,25.000000,1,1,1,0,1,
37900,0.000000,0.500000,25.000000,1,1,1,0,1,
38000,0.000000,0.500000,25.000000,1,1,1,0,1,
38100,0.000000,0.500000,25.000000,1,1,1,0,1,
38200,0.000000,0.500000,25.000000,1,1,1,0,1,
38300,0.000000,0.500000,25.000000,1,1,1,0,1,
38400,0.000000,0.500000,25.000000,1,1,1,0,1,
38500,0.000000,0.500000,25.000000,1,1,1,0,1,
38600,0.000000,0.500000,25.000000,1,1,1,0,1,
38700,0.000000,0.500000,25.000000,1,1,1,0,1,
38800,0.000000,0.500000,25.000000,1,1,1,0,1,
38900,0.000000,0.500000,25.000000,1,1,1,0,1,
39000,0.000000,0.500000,25.000000,1,1,1,0,1,
39100,0.000000,0.500000,25.000000,1,1,1,0,1,
39200,0.000000,0.500000,25.000000,1,1,1,0,1,
39300,0.000000,0.500000,25.000000,1,1,1,0,1,
39400,0.000000,0.500000,25.000000,1,1,1,0,1,
39500,0.000000,0.500000,25.000000,1,1,1,0,1,
39600,0.000000,0.500000,25.000000,1,1,1,0,1,
39700,0.000000,0.500000,25.000000,1,1,1,0,1,
39800,0.000000,0.500000,25.000000,1,1,1,0,1,
39900,0.000000,0.500000,25.000000,1,1,1,0,1,
40000,0.000000,0.500000,25.000000,1,1,1,0,1,
40100,0.000000,0.500000,25.000000,1,1,1,0,1,
40200,0.000000,0.500000,25.000000,1,1,1,0,1,
40300,0.000000,0.500000,25.000000,1,1,1,0,1,
40400,0.000000,0.500000,25.000000,1,1,1,0,1,
40500,0.000000,0.500000,25.000000,1,1,1,0,1,
40600,0.000000,0.500000,25.000000,1,1,1,0,1,
40700,0.000000,0.500000,25.000000,1,1,1,0,1,
40800,0.000000,0.500000,25.000000,1,1,1,0,1,
40900,0.000000,0.500000,25.000000,1,1,1,0,1,
41000,0.000000,0.500000,25.000000,1,1,1,0,1,
41100,0.000000,0.500000,25.000000,1,1,1,0,1,
41200,0.000000,0.500000,25.000000,1,1,1,0,1,
41300,0.000000,0.500000,25.000000,1,1,1,0,1,
41400,0.000000,0.500000,25.000000,1,1,1,0,1,
41500,0.000000,0.500000,25.000000,1,1,1,0,1,
41600,0.000000,0.500000,25.000000,1,1,1,0,1,
41700,0.000000,0.500000,25.000000,1,1,1,0,1,
41800,0.000000,0.500000,25.000000,1,1,1,0,1,
41900,0.000000,0.500000,25.000000,1,1,1,0,1,
42000,0.000000,0.500000,25.000000,1,1,1,0,1,
42100,0.000000,0.500000,25.000000,1,1,1,0,1,
42200,0.000000,0.500000,25.000000,1,1,1,0,1,
42300,0.000000,0.500000,25.000000,1,1,1,0,1,
42400,0.000000,0.500000,25.000000,1,1,1,0,1,
42500,0.000000,0.500000,25.000000,1,1,1,0,1,
42600,0.000000,0.500000,25.000000,1,1,1,0,1,
42700,0.000000,0.500000,25.000000,1,1,1,0,1,
42800,0.000000,0.500000,25.000000,1,1,1,0,1,
42900,0.000000,0.500000,25.000000,1,1,1,0,1,
43000,0.000000,0.500000,25.000000,1,1,1,0,1,
43100,0.000000,0.500000,25.000000,1,1,1,0,1,
43200,0.000000,0.500000,25.000000,1,1,1,0,1,
43300,0.000000,0.500000,25.000000,1,1,1,0,1,
43400,0.000000,0.500000,25.000000,1,1,1,0,1,
43500,0.000000,0.500000,25.000000,1,1,1,0,1,
43600,0.000000,0.500000,25.000000,1,1,1,0,1,
43700,0.000000,0.500000,25.000000,1,1,1,0,1,
43800,0.000000,0.500000,25.000000,1,1,1,0,1,
43900,0.000000,0.500000,25.000000,1,1,1,0,1,
44000,0.000000,0.500000,25.000000,1,1,1,0,1,
44100,0.000000,0.500000,25.000000,1,1,1,0,1,
44200,0.000000,0.500000,25.000000,1,1,1,0,1,
44300,0.000000,0.500000,25.000000,1,1,1,0,1,
44400,0.000000,0.500000,25.000000,1,1,1,0,1,
44500,0.000000,0.500000,25.000000,1,1,1,0,1,
44600,0.000000,0.500000,25.000000,1,1,1,0,1,
44700,0.000000,0.500000,25.000000,1,1,1,0,1,
44800,0.000000,0.500000,25.000000,1,1,1,0,1,
44900,0.000000,0.500000,25.000000,1,1,1,0,1,
45000,0.000000,0.500000,25.000000,1,1,1,0,1,
45100,0.000000,0.500000,25.000000,1,1,1,0,1,
45200,0.000000,0.500000,25.000000,1,1,1,0,1,
45300,0.000000,0.500000,25.000000,1,1,1,0,1,
45400,0.000000,0.500000,25.000000,1,1,1,0,1,
45500,0.000000,0.500000,25.000000,1,1,1,0,1,
45600,0.000000,0.500000,25.000000,1,1,1,0,1,
45700,0.000000,0.500000,25.000000,1,1,1,0,1,
45800,0.000000,0.500000,25.000000,1,1,1,0,1,
45900,0.000000,0.500000,25.000000,1,1,1,0,1,
46000,0.000000,0.500000,25.000000,1,1,1,0,1,
46100,0.000000,0.500000,25.000000,1,1,1,0,1,
46200,0.000000,0.500000,25.000000,1,1,1,0,1,
46300,0.000000,0.500000,25.000000,1,1,1,0,1,
46400,0.000000,0.500000,25.000000,1,1,1,0,1,
46500,0.000000,0.500000,25.000000,1,1,1,0,1,
46600,0.000000,0.500000,25.000000,1,1,1,0,1,
46700,0.000000,0.500000,25.000000,1,1,1,0,1,
46800,0.000000,0.500000,25.000000,1,1,1,0,1,
46900,0.000000,0.500000,25.000000,1,1,1,0,1,
47000,0.000000,0.500000,25.000000,1,1,1,0,1,
47100,0.000000,0.500000,25.000000,1,1,1,0,1,
47200,0.000000,0.500000,25.000000,1,1,1,0,1,
47300,0.000000,0.500000,25.000000,1,1,1,0,1,
47400,0.000000,0.500000,25.000000,1,1,1,0,1,
47500,0.000000,0.500000,25.000000,1,1,1,0,1,
47600,0.000000,0.500000,25.000000,1,1,1,0,1,
47700,0.000000,0.500000,25.000000,1,1,1,0,1,
47800,0.000000,0.500000,25.000000,1,1,1,0,1,
47900,0.000000,0.500000,25.000000,1,1,1,0,1,
48000,0.000000,0.500000,25.000000,1,1,1,0,1,
48100,0.000000,0.500000,25.000000,1,1,1,0,1,
48200,0.000000,0.500000,25.000000,1,1,1,0,1,
48300,0.000000,0.500000,25.000000,1,1,1,0,1,
48400,0.000000,0.500000,25.000000,1,1,1,0,1,
48500,0.000000,0.500000,25.000000,1,1,1,0,1,
48600,0.000000,0.500000,25.000000,1,1,1,0,1,
48700,0.000000,0.500000,25.000000,1,1,1,0,1,
48800,0.000000,0.500000,25.000000,1,1,1,0,1,
48900,0.000000,0.500000,25.000000,1,1,1,0,1,
49000,0.000000,0.500000,25.000000,1,1,1,0,1,
49100,0.000000,0.500000,25.000000,1,1,1,0,1,
49200,0.000000,0.500000,25.000000,1,1,1,0,1,
49300,0.000000,0.500000,25.000000,1,1,1,0,1,
49400,0.000000,0.500000,25.000000,1,1,1,0,1,
49500,0.000000,0.500000,25.000000,1,1,1,0,1,
49600,0.000000,0.500000,25.000000,1,1,1,0,1,
49700,0.000000,0.500000,25.000000,1,1,1,0,1,
49800,0.000000,0.500000,25.000000,1,1,1,0,1,
49900,0.000000,0.500000,25.000000,1,1,1,0,1,
50000,0.000000,0.500000,25.000000,1,1,1,0,1,
50100,0.000000,0.500000,25.000000,1,1,1,0,1,
50200,0.000000,0.500000,25.000000,1,1,1,0,1,
50300,0.000000,0.500000,25.000000,1,1,1,0,1,
50400,0.000000,0.500000,25.000000,1,1,1,0,1,
50500,0.000000,0.500000,25.000000,1,1,1,0,1,
50600,0.000000,0.500000,25.000000,1,1,1,0,1,
50700,0.000000,0.500000,25.000000,1,1,1,0,1,
50800,0.000000,0.500000,25.000000,1,1,1,0,1,
50900,0.000000,0.500000,25.000000,1,1,1,0,1,
51000,0.000000,0.500000,25.000000,1,1,1,0,1,
51100,0.000000,0.500000,25.000000,1,1,1,0,1,
51200,0.000000,0.500000,25.000000,1,1,1,0,1,
51300,0.000000,0.500000,25.000000,1,1,1,0,1,
51400,0.000000,0.500000,25.000000,1,1,1,0,1,
51500,0.000000,0.500000,25.000000,1,1,1,0,1,
51600,0.000000,0.500000,25.000000,1,1,1,0,1,
51700,0.000000,0.500000,25.000000,1,1,1,0,1,
51800,0.000000,0.500000,25.000000,1,1,1,0,1,
51900,0.000000,0.500000,25.000000,1,1,1,0,1,
52000,0.000000,0.500000,25.000000,1,1,1,0,1,
52100,0.000000,0.500000,25.000000,1,1,1,0,1,
52200,0.000000,0.500000,25.000000,1,1,1,0,1,
52300,0.000000,0.500000,25.000000,1,1,1,0,1,
52400,0.000000,0.500000,25.000000,1,1,1,0,1,
52500,0.000000,0.500000,25.000000,1,1,1,0,1,
52600,0.000000,0.500000,25.000000,1,1,1,0,1,
52700,0.000000,0.500000,25.000000,1,1,1,0,1,
52800,0.000000,0.500000,25.000000,1,1,1,0,1,
52900,0.000000,0.500000,25.000000,1,1,1,0,1,
53000,0.000000,0.500000,25.000000,1,1,1,0,1,
53100,0.000000,0.500000,25.000000,1,1,1,0,1,
53200,0.000000,0.500000,25.000000,1,1,1,0,1,
53300,0.000000,0.500000,25.000000,1,1,1,0,1,
53400,0.000000,0.500000,25.000000,1,1,1,0,1,
53500,0.000000,0.500000,25.000000,1,1,1,0,1,
53600,0.000000,0.500000,25.000000,1,1,1,0,1,
53700,0.000000,0.500000,25.000000,1,1,1,0,1,
53800,0.000000,0.500000,25.000000,1,1,1,0,1,
53900,0.000000,0.500000,25.000000,1,1,1,0,1,
54000,0.000000,0.500000,25.000000,1,1,1,0,1,
54100,0.000000,0.500000,25.000000,1,1,1,0,1,
54200,0.000000,0.500000,25.000000,1,1,1,0,1,
54300,0.000000,0.500000,25.000000,1,1,1,0,1,
54400,0.000000,0.500000,25.000000,1,1,1,0,1,
54500,0.000000,0.500000,25.000000,1,1,1,0,1,
54600,0.000000,0.500000,25.000000,1,1,1,0,1,
54700,0.000000,0.500000,25.000000,1,1,1,0,1,
54800,0.000000,0.500000,25.000000,1,1,1,0,1,
54900,0.000000,0.500000,25.000000,1,1,1,0,1,
55000,0.000000,0.500000,25.000000,1,1,1,0,1,
55100,0.000000,0.500000,25.000000,1,1,1,0,1,
55200,0.000000,0.500000,25.000000,1,1,1,0,1,
55300,0.000000,0.500000,25.000000,1,1,1,0,1,
55400,0.000000,0.500000,25.000000,1,1,1,0,1,
55500,0.000000,0.500000,25.000000,1,1,1,0,1,
55600,0.000000,0.500000,25.000000,1,1,1,0,1,
55700,0.000000,0.500000,25.000000,1,1,1,0,1,
55800,0.000000,0.500000,25.000000,1,1,1,0,1,
55900,0.000000,0.500000,25.000000,1,1,1,0,1,
56000,0.000000,0.500000,25.000000,1,1,1,0,1,
56100,0.000000,0.500000,25.000000,1,1,1,0,1,
56200,0.000000,0.500000,25.000000,1,1,1,0,1,
56300,0.000000,0.500000,25.000000,1,1,1,0,1,
56400,0.000000,0.500000,25.000000,1,1,1,0,1,
56500,0.000000,0.500000,25.000000,1,1,1,0,1,
56600,0.000000,0.500000,25.000000,1,1,1,0,1,
56700,0.000000,0.500000,25.000000,1,1,1,0,1,
56800,0.000000,0.500000,25.000000,1,1,1,0,1,
56900,0.000000,0.500000,25.000000,1,1,1,0,1,
57000,0.000000,0.500000,25.000000,1,1,1,0,1,
57100,0.000000,0.500000,25.000000,1,1,1,0,1,
57200,0.000000,0.500000,25.000000,1,1,1,0,1,
57300,0.000000,0.500000,25.000000,1,1,1,0,1,
57400,0.000000,0.500000,25.000000,1,1,1,0,1,
57500,0.000000,0.500000,25.000000,1,1,1,0,1,
57600,0.000000,0.500000,25.000000,1,1,1,0,1,
57700,0.000000,0.500000,25.000000,1,1,1,0,1,
57800,0.000000,0.500000,25.000000,1,1,1,0,1,
57900,0.000000,0.500000,25.000000,1,1,1,0,1,
58000,0.000000,0.500000,25.000000,1,1,1,0,1,
58100,0.000000,0.500000,25.000000,1,1,1,0,1,
58200,0.000000,0.500000,25.000000,1,1,1,0,1,
58300,0.000000,0.500000,25.000000,1,1,1,0,1,
58400,0.000000,0.500000,25.000000,1,1,1,0,1,
58500,0.000000,0.500000,25.000000,1,1,1,0,1,
58600,0.000000,0.500000,25.000000,1,1,1,0,1,
58700,0.000000,0.500000,25.000000,1,1,1,0,1,
58800,0.000000,0.500000,25.000000,1,1,1,0,1,
58900,0.000000,0.500000,25.000000,1,1,1,0,1,
59000,0.000000,0.500000,25.000000,1,1,1,0,1,
59100,0.000000,0.500000,25.000000,1,1,1,0,1,
59200,0.000000,0.500000,25.000000,1,1,1,0,1,
59300,0.000000,0.500000,25.000000,1,1,1,0,1,
59400,0.000000,0.500000,25.000000,1,1,1,0,1,
59500,0.000000,0.500000,25.000000,1,1,1,0,1,
59600,0.000000,0.500000,25.000000,1,1,1,0,1,
59700,0.000000,0.500000,25.000000,1,1,1,0,1,
59800,0.000000,0.500000,25.000000,1,1,1,0,1,
59900,0.000000,0.500000,25.000000,1,1,1,0,1,
60000,0.000000,0.500000,25.000000,1,1,1,0,1,
60100,0.000000,0.500000,25.000000,1,1,1,0,1,
60200,0.000000,0.500000,25.000000,1,1,1,0,1,
60300,0.000000,0.500000,25.000000,1,1,1,0,1,
60400,0.000000,0.500000,25.000000,1,1,1,0,1,
60500,0.000000,0.500000,25.000000,1,1,1,0,1,
60600,0.000000,0.500000,25.000000,1,1,1,0,1,
60700,0.000000,0.500000,25.000000,1,1,1,0,1,
60800,0.000000,0.500000,25.000000,1,1,1,0,1,
60900,0.000000,0.500000,25.000000,1,1,1,0,1,
61000,0.000000,0.500000,25.000000,1,1,1,0,1,
61100,0.000000,0.500000,25.000000,1,1,1,0,1,
61200,0.000000,0.500000,25.000000,1,1,1,0,1,
61300,0.000000,0.500000,25.000000,1,1,1,0,1,
61400,0.000000,0.500000,25.000000,1,1,1,0,1,
61500,0.000000,0.500000,25.000000,1,1,1,0,1,
61600,0.000000,0.500000,25.000000,1,1,1,0,1,
61700,0.000000,0.500000,25.000000,1,1,1,0,1,
61800,0.000000,0.500000,25.000000,1,1,1,0,1,
61900,0.000000,0.500000,25.000000,1,1,1,0,1,
62000,0.000000,0.500000,25.000000,1,1,1,0,1,
62100,0.000000,0.500000,25.000000,1,1,1,0,1,
62200,0.000000,0.500000,25.000000,1,1,1,0,1,
62300,0.000000,0.500000,25.000000,1,1,1,0,1,
62400,0.000000,0.500000,25.000000,1,1,1,0,1,
62500,0.000000,0.500000,25.000000,1,1,1,0,1,
62600,0.000000,0.500000,25.000000,1,1,1,0,1,
62700,0.000000,0.500000,25.000000,1,1,1,0,1,
62800,0.000000,0.500000,25.000000,1,1,1,0,1,
62900,0.000000,0.500000,25.000000,1,1,1,0,1,
63000,0.000000,0.500000,25.000000,1,1,1,0,1,
63100,0.000000,0.500000,25.000000,1,1,1,0,1,
63200,0.000000,0.500000,25.000000,1,1,1,0,1,
63300,0.000000,0.500000,25.000000,1,1,1,0,1,
63400,0.000000,0.500000,25.000000,1,1,1,0,1,
63500,0.000000,0.500000,25.000000,1,1,1,0,1,
63600,0.000000,0.500000,25.000000,1,1,1,0,1,
63700,0.000000,0.500000,25.000000,1,1,1,0,1,
63800,0.000000,0.500000,25.000000,1,1,1,0,1,
63900,0.000000,0.500000,25.000000,1,1,1,0,1,
64000,0.000000,0.500000,25.000000,1,1,1,0,1,
64100,0.000000,0.500000,25.000000,1,1,1,0,1,
64200,0.000000,0.500000,25.000000,1,1,1,0,1,
64300,0.000000,0.500000,25.000000,1,1,1,0,1,
64400,0.000000,0.500000,25.000000,1,1,1,0,1,
64500,0.000000,0.500000,25.000000,1,1,1,0,1,
64600,0.000000,0.500000,25.000000,1,1,1,0,1,
64700,0.000000,0.500000,25.000000,1,1,1,0,1,
64800,0.000000,0.500000,25.000000,1,1,1,0,1,
64900,0.000000,0.500000,25.000000,1,1,1,0,1,
65000,0.000000,0.500000,25.000000,1,1,1,0,1,
65100,0.000000,0.500000,25.000000,1,1,1,0,1,
65200,0.000000,0.500000,25.000000,1,1,1,0,1,
65300,0.000000,0.500000,25.000000,1,1,1,0,1,
65400,0.000000,0.500000,25.000000,1,1,1,0,1,
65500,0.000000,0.500000,25.000000,1,1,1,0,1,
65600,0.000000,0.500000,25.000000,1,1,1,0,1,
65700,0.000000,0.500000,25.000000,1,1,1,0,1,
65800,0.000000,0.500000,25.000000,1,1,1,0,1,
65900,0.000000,0.500000,25.000000,1,1,1,0,1,
66000,0.000000,0.500000,25.000000,1,1,1,0,1,
66100,0.000000,0.500000,25.000000,1,1,1,0,1,
66200,0.000000,0.500000,25.000000,1,1,1,0,1,
66300,0.000000,0.500000,25.000000,1,1,1,0,1,
66400,0.000000,0.500000,25.000000,1,1,1,0,1,
66500,0.000000,0.500000,25.000000,1,1,1,0,1,
66600,0.000000,0.500000,25.000000,1,1,1,0,1,
66700,0.000000,0.500000,25.000000,1,1,1,0,1,
66800,0.000000,0.500000,25.000000,1,1,1,0,1,
66900,0.000000,0.500000,25.000000,1,1,1,0,1,
67000,0.000000,0.500000,25.000000,1,1,1,0,1,
67100,0.000000,0.500000,25.000000,1,1,1,0,1,
67200,0.000000,0.500000,25.000000,1,1,1,0,1,
67300,0.000000,0.500000,25.000000,1,1,1,0,1,
67400,0.000000,0.500000,25.000000,1,1,1,0,1,
67500,0.000000,0.500000,25.000000,1,1,1,0,1,
67600,0.000000,0.500000,25.000000,1,1,1,0,1,
67700,0.000000,0.500000,25.000000,1,1,1,0,1,
67800,0.000000,0.500000,25.000000,1,1,1,0,1,
67900,0.000000,0.500000,25.000000,1,1,1,0,1,
68000,0.000000,0.500000,25.000000,1,1,1,0,1,
68100,0.000000,0.500000,25.000000,1,1,1,0,1,
68200,0.000000,0.500000,25.000000,1,1,1,0,1,
68300,0.000000,0.500000,25.000000,1,1,1,0,1,
68400,0.000000,0.500000,25.000000,1,1,1,0,1,
68500,0.000000,0.500000,25.000000,1,1,1,0,1,
68600,0.000000,0.500000,25.000000,1,1,1,0,1,
68700,0.000000,0.500000,25.000000,1,1,1,0,1,
68800,0.000000,0.500000,25.000000,1,1,1,0,1,
68900,0.000000,0.500000,25.000000,1,1,1,0,1,
69000,0.000000,0.500000,25.000000,1,1,1,0,1,
69100,0.000000,0.500000,25.000000,1,1,1,0,1,
69200,0.000000,0.500000,25.000000,1,1,1,0,1,
69300,0.000000,0.500000,25.000000,1,1,1,0,1,
69400,0.000000,0.500000,25.000000,1,1,1,0,1,
69500,0.000000,0.500000,25.000000,1,1,1,0,1,
69600,0.000000,0.500000,25.000000,1,1,1,0,1,
69700,0.000000,0.500000,25.000000,1,1,1,0,1,
69800,0.000000,0.500000,25.000000,1,1,1,0,1,
69900,0.000000,0.500000,25.000000,1,1,1,0,1,
70000,0.000000,0.500000,25.000000,1,1,1,0,1,
70100,0.000000,0.500000,25.000000,1,1,1,0,1,
70200,0.000000,0.500000,25.000000,1,1,1,0,1,
70300,0.000000,0.500000,25.000000,1,1,1,0,1,
70400,0.000000,0.500000,25.000000,1,1,1,0,1,
70500,0.000000,0.500000,25.000000,1,1,1,0,1,
70600,0.000000,0.500000,25.000000,1,1,1,0,1,
70700,0.000000,0.500000,25.000000,1,1,1,0,1,
70800,0.000000,0.500000,25.000000,1,1,1,0,1,
70900,0.000000,0.500000,25.000000,1,1,1,0,1,
71000,0.000000,0.500000,25.000000,1,1,1,0,1,
71100,0.000000,0.500000,25.000000,1,1,1,0,1,
71200,0.000000,0.500000,25.000000,1,1,1,0,1,
71300,0.000000,0.500000,25.000000,1,1,1,0,1,
71400,0.000000,0.500000,25.000000,1,1,1,0,1,
71500,0.000000,0.500000,25.000000,1,1,1,0,1,
71600,0.000000,0.500000,25.000000,1,1,1,0,1,
71700,0.000000,0.500000,25.000000,1,1,1,0,1,
71800,0.000000,0.500000,25.000000,1,1,1,0,1,
71900,0.000000,0.500000,25.000000,1,1,1,0,1,
72000,0.000000,0.500000,25.000000,1,1,1,0,1,
72100,0.000000,0.500000,25.000000,1,1,1,0,1,
72200,0.000000,0.500000,25.000000,1,1,1,0,1,
72300,0.000000,0.500000,25.000000,1,1,1,0,1,
72400,0.000000,0.500000,25.000000,1,1,1,0,1,
72500,0.000000,0.500000,25.000000,1,1,1,0,1,
72600,0.000000,0.500000,25.000000,1,1,1,0,1,
72700,0.000000,0.500000,25.000000,1,1,1,0,1,
72800,0.000000,0.500000,25.000000,1,1,1,0,1,
72900,0.000000,0.500000,25.000000,1,1,1,0,1,
73000,0.000000,0.500000,25.000000,1,1,1,0,1,
73100,0.000000,0.500000,25.000000,1,1,1,0,1,
73200,0.000000,0.500000,25.000000,1,1,1,0,1,
73300,0.000000,0.500000,25.000000,1,1,1,0,1,
73400,0.000000,0.500000,25.000000,1,1,1,0,1,
73500,0.000000,0.500000,25.000000,1,1,1,0,1,
73600,0.000000,0.500000,25.000000,1,1,1,0,1,
73700,0.000000,0.500000,25.000000,1,1,1,0,1,
73800,0.000000,0.500000,25.000000,1,1,1,0,1,
73900,0.000000,0.500000,25.000000,1,1,1,0,1,
74000,0.000000,0.500000,25.000000,1,1,1,0,1,
74100,0.000000,0.500000,25.000000,1,1,1,0,1,
74200,0.000000,0.500000,25.000000,1,1,1,0,1,
74300,0.000000,0.500000,25.000000,1,1,1,0,1,
74400,0.000000,0.500000,25.000000,1,1,1,0,1,
74500,0.000000,0.500000,25.000000,1,1,1,0,1,
74600,0.000000,0.500000,25.000000,1,1,1,0,1,
74700,0.000000,0.500000,25.000000,1,1,1,0,1,
74800,0.000000,0.500000,25.000000,1,1,1,0,1,
74900,0.000000,0.500000,25.000000,1,1,1,0,1,
75000,0.000000,0.500000,25.000000,1,1,1,0,1,
75100,0.000000,0.500000,25.000000,1,1,1,0,1,
75200,0.000000,0.500000,25.000000,1,1,1,0,1,
75300,0.000000,0.500000,25.000000,1,1,1,0,1,
75400,0.000000,0.500000,25.000000,1,1,1,0,1,
75500,0.000000,0.500000,25.000000,1,1,1,0,1,
75600,0.000000,0.500000,25.000000,1,1,1,0,1,
75700,0.000000,0.500000,25.000000,1,1,1,0,1,
75800,0.000000,0.500000,25.000000,1,1,1,0,1,
75900,0.000000,0.500000,25.000000,1,1,1,0,1,
76000,0.000000,0.500000,25.000000,1,1,1,0,1,
76100,0.000000,0.500000,25.000000,1,1,1,0,1,
76200,0.000000,0.500000,25.000000,1,1,1,0,1,
76300,0.000000,0.500000,25.000000,1,1,1,0,1,
76400,0.000000,0.500000,25.000000,1,1,1,0,1,
76500,0.000000,0.500000,25.000000,1,1,1,0,1,
76600,0.000000,0.500000,25.000000,1,1,1,0,1,
76700,0.000000,0.500000,25.000000,1,1,1,0,1,
76800,0.000000,0.500000,25.000000,1,1,1,0,1,
76900,0.000000,0.500000,25.000000,1,1,1,0,1,
77000,0.000000,0.500000,25.000000,1,1,1,0,1,
77100,0.000000,0.500000,25.000000,1,1,1,0,1,
77200,0.000000,0.500000,25.000000,1,1,1,0,1,
77300,0.000000,0.500000,25.000000,1,1,1,0,1,
77400,0.000000,0.500000,25.000000,1,1,1,0,1,
77500,0.000000,0.500000,25.000000,1,1,1,0,1,
77600,0.000000,0.500000,25.000000,1,1,1,0,1,
77700,0.000000,0.500000,25.000000,1,1,1,0,1,
77800,0.000000,0.500000,25.000000,1,1,1,0,1,
77900,0.000000,0.500000,25.000000,1,1,1,0,1,
78000,0.000000,0.500000,25.000000,1,1,1,0,1,
78100,0.000000,0.500000,25.000000,1,1,1,0,1,
78200,0.000000,0.500000,25.000000,1,1,1,0,1,
78300,0.000000,0.500000,25.000000,1,1,1,0,1,
78400,0.000000,0.500000,25.000000,1,1,1,0,1,
78500,0.000000,0.500000,25.000000,1,1,1,0,1,
78600,0.000000,0.500000,25.000000,1,1,1,0,1,
78700,0.000000,0.500000,25.000000,1,1,1,0,1,
78800,0.000000,0.500000,25.000000,1,1,1,0,1,
78900,0.000000,0.500000,25.000000,1,1,1,0,1,
79000,0.000000,0.500000,25.000000,1,1,1,0,1,
79100,0.000000,0.500000,25.000000,1,1,1,0,1,
79200,0.000000,0.500000,25.000000,1,1,1,0,1,
79300,0.000000,0.500000,25.000000,1,1,1,0,1,
79400,0.000000,0.500000,25.000000,1,1,1,0,1,
79500,0.000000,0.500000,25.000000,1,1,1,0,1,
79600,0.000000,0.500000,25.000000,1,1,1,0,1,
79700,0.000000,0.500000,25.000000,1,1,1,0,1,
79800,0.000000,0.500000,25.000000,1,1,1,0,1,
79900,0.000000,0.500000,25.000000,1,1,1,0,1,
80000,0.000000,0.500000,25.000000,1,1,1,0,1,
80100,0.000000,0.500000,25.000000,1,1,1,0,1,
80200,0.000000,0.500000,25.000000,1,1,1,0,1,
80300,0.000000,0.500000,25.000000,1,1,1,0,1,
80400,0.000000,0.500000,25.000000,1,1,1,0,1,
80500,0.000000,0.500000,25.000000,1,1,1,0,1,
80600,0.000000,0.500000,25.000000,1,1,1,0,1,
80700,0.000000,0.500000,25.000000,1,1,1,0,1,
80800,0.000000,0.500000,25.000000,1,1,1,0,1,
80900,0.000000,0.500000,25.000000,1,1,1,0,1,
81000,0.000000,0.500000,25.000000,1,1,1,0,1,
81100,0.000000,0.500000,25.000000,1,1,1,0,1,
81200,0.000000,0.500000,25.000000,1,1,1,0,1,
81300,0.000000,0.500000,25.000000,1,1,1,0,1,
81400,0.000000,0.500000,25.000000,1,1,1,0,1,
81500,0.000000,0.500000,25.000000,1,1,1,0,1,
81600,0.000000,0.500000,25.000000,1,1,1,0,1,
81700,0.000000,0.500000,25.000000,1,1,1,0,1,
81800,0.000000,0.500000,25.000000,1,1,1,0,1,
81900,0.000000,0.500000,25.000000,1,1,1,0,1,
82000,0.000000,0.500000,25.000000,1,1,1,0,1,
82100,0.000000,0.500000,25.000000,1,1,1,0,1,
82200,0.000000,0.500000,25.000000,1,1,1,0,1,
82300,0.000000,0.500000,25.000000,1,1,1,0,1,
82400,0.000000,0.500000,25.000000,1,1,1,0,1,
82500,0.000000,0.500000,25.000000,1,1,1,0,1,
82600,0.000000,0.500000,25.000000,1,1,1,0,1,
82700,0.000000,0.500000,25.000000,1,1,1,0,1,
82800,0.000000,0.500000,25.000000,1,1,1,0,1,
82900,0.000000,0.500000,25.000000,1,1,1,0,1,
83000,0.000000,0.500000,25.000000,1,1,1,0,1,
83100,0.000000,0.500000,25.000000,1,1,1,0,1,
83200,0.000000,0.500000,25.000000,1,1,1,0,1,
83300,0.000000,0.500000,25.000000,1,1,1,0,1,
83400,0.000000,0.500000,25.000000,1,1,1,0,1,
83500,0.000000,0.500000,25.000000,1,1,1,0,1,
83600,0.000000,0.500000,25.000000,1,1,1,0,1,
83700,0.000000,0.500000,25.000000,1,1,1,0,1,
83800,0.000000,0.500000,25.000000,1,1,1,0,1,
83900,0.000000,0.500000,25.000000,1,1,1,0,1,
84000,0.000000,0.500000,25.000000,1,1,1,0,1,
84100,0.000000,0.500000,25.000000,1,1,1,0,1,
84200,0.000000,0.500000,25.000000,1,1,1,0,1,
84300,0.000000,0.500000,25.000000,1,1,1,0,1,
84400,0.000000,0.500000,25.000000,1,1,1,0,1,
84500,0.000000,0.500000,25.000000,1,1,1,0,1,
84600,0.000000,0.500000,25.000000,1,1,1,0,1,
84700,0.000000,0.500000,25.000000,1,1,1,0,1,
84800,0.000000,0.500000,25.000000,1,1,1,0,1,
84900,0.000000,0.500000,25.000000,1,1,1,0,1,
85000,0.000000,0.500000,25.000000,1,1,1,0,1,
85100,0.000000,0.500000,25.000000,1,1,1,0,1,
85200,0.000000,0.500000,25.000000,1,1,1,0,1,
85300,0.000000,0.500000,25.000000,1,1,1,0,1,
85400,0.000000,0.500000,25.000000,1,1,1,0,1,
85500,0.000000,0.500000,25.000000,1,1,1,0,1,
85600,0.000000,0.500000,25.000000,1,1,1,0,1,
85700,0.000000,0.500000,25.000000,1,1,1,0,1,
85800,0.000000,0.500000,25.000000,1,1,1,0,1,
85900,0.000000,0.500000,25.000000,1,1,1,0,1,
86000,0.000000,0.500000,25.000000,1,1,1,0,1,
86100,0.000000,0.500000,25.000000,1,1,1,0,1,
86200,0.000000,0.500000,25.000000,1,1,1,0,1,
86300,0.000000,0.500000,25.000000,1,1,1,0,1,
86400,0.000000,0.500000,25.000000,1,1,1,0,1,
86500,0.000000,0.500000,25.000000,1,1,1,0,1,
86600,0.000000,0.500000,25.000000,1,1,1,0,1,
86700,0.000000,0.500000,25.000000,1,1,1,0,1,
86800,0.000000,0.500000,25.000000,1,1,1,0,1,
86900,0.000000,0.500000,25.000000,1,1,1,0,1,
87000,0.000000,0.500000,25.000000,1,1,1,0,1,
87100,0.000000,0.500000,25.000000,1,1,1,0,1,
87200,0.000000,0.500000,25.000000,1,1,1,0,1,
87300,0.000000,0.500000,25.000000,1,1,1,0,1,
87400,0.000000,0.500000,25.000000,1,1,1,0,1,
87500,0.000000,0.500000,25.000000,1,1,1,0,1,
87600,0.000000,0.500000,25.000000,1,1,1,0,1,
87700,0.000000,0.500000,25.000000,1,1,1,0,1,
87800,0.000000,0.500000,25.000000,1,1,1,0,1,
87900,0.000000,0.500000,25.000000,1,1,1,0,1,
88000,0.000000,0.500000,25.000000,1,1,1,0,1,
88100,0.000000,0.500000,25.000000,1,1,1,0,1,
88200,0.000000,0.500000,25.000000,1,1,1,0,1,
88300,0.000000,0.500000,25.000000,1,1,1,0,1,
88400,0.000000,0.500000,25.000000,1,1,1,0,1,
88500,0.000000,0.500000,25.000000,1,1,1,0,1,
88600,0.000000,0.500000,25.000000,1,1,1,0,1,
88700,0.000000,0.500000,25.000000,1,1,1,0,1,
88800,0.000000,0.500000,25.000000,1,1,1,0,1,
88900,0.000000,0.500000,25.000000,1,1,1,0,1,
89000,0.000000,0.500000,25.000000,1,1,1,0,1,
89100,0.000000,0.500000,25.000000,1,1,1,0,1,
89200,0.000000,0.500000,25.000000,1,1,1,0,1,
89300,0.000000,0.500000,25.000000,1,1,1,0,1,
89400,0.000000,0.500000,25.000000,1,1,1,0,1,
89500,0.000000,0.500000,25.000000,1,1,1,0,1,
89600,0.000000,0.500000,25.000000,1,1,1,0,1,
89700,0.000000,0.500000,25.000000,1,1,1,0,1,
89800,0.000000,0.500000,25.000000,1,1,1,0,1,
89900,0.000000,0.500000,25.000000,1,1,1,0,1,
90000,0.000000,0.500000,25.000000,1,1,1,0,1,
90100,0.000000,0.500000,25.000000,1,1,1,0,1,
90200,0.000000,0.500000,25.000000,1,1,1,0,1,
90300,0.000000,0.500000,25.000000,1,1,1,0,1,
90400,0.000000,0.500000,25.000000,1,1,1,0,1,
90500,0.000000,0.500000,25.000000,1,1,1,0,1,
90600,0.000000,0.500000,25.000000,1,1,1,0,1,
90700,0.000000,0.500000,25.000000,1,1,1,0,1,
90800,0.000000,0.500000,25.000000,1,1,1,0,1,
90900,0.000000,0.500000,25.000000,1,1,1,0,1,
91000,0.000000,0.500000,25.000000,1,1,1,0,1,
91100,0.000000,0.500000,25.000000,1,1,1,0,1,
91200,0.000000,0.500000,25.000000,1,1,1,0,1,
91300,0.000000,0.500000,25.000000,1,1,1,0,1,
91400,0.000000,0.500000,25.000000,1,1,1,0,1,
91500,0.000000,0.500000,25.000000,1,1,1,0,1,
91600,0.000000,0.500000,25.000000,1,1,1,0,1,
91700,0.000000,0.500000,25.000000,1,1,1,0,1,
91800,0.000000,0.500000,25.000000,1,1,1,0,1,
91900,0.000000,0.500000,25.000000,1,1,1,0,1,
92000,0.000000,0.500000,25.000000,1,1,1,0,1,
92100,0.000000,0.500000,25.000000,1,1,1,0,1,
92200,0.000000,0.500000,25.000000,1,1,1,0,1,
92300,0.000000,0.500000,25.000000,1,1,1,0,1,
92400,0.000000,0.500000,25.000000,1,1,1,0,1,
92500,0.000000,0.500000,25.000000,1,1,1,0,1,
92600,0.000000,0.500000,25.000000,1,1,1,0,1,
92700,0.000000,0.500000,25.000000,1,1,1,0,1,
92800,0.000000,0.500000,25.000000,1,1,1,0,1,
92900,0.000000,0.500000,25.000000,1,1,1,0,1,
93000,0.000000,0.500000,25.000000,1,1,1,0,1,
93100,0.000000,0.500000,25.000000,1,1,1,0,1,
93200,0.000000,0.500000,25.000000,1,1,1,0,1,
93300,0.000000,0.500000,25.000000,1,1,1,0,1,
93400,0.000000,0.500000,25.000000,1,1,1,0,1,
93500,0.000000,0.500000,25.000000,1,1,1,0,1,
93600,0.000000,0.500000,25.000000,1,1,1,0,1,
93700,0.000000,0.500000,25.000000,1,1,1,0,1,
93800,0.000000,0.500000,25.000000,1,1,1,0,1,
93900,0.000000,0.500000,25.000000,1,1,1,0,1,
94000,0.000000,0.500000,25.000000,1,1,1,0,1,
94100,0.000000,0.500000,25.000000,1,1,1,0,1,
94200,0.000000,0.500000,25.000000,1,1,1,0,1,
94300,0.000000,0.500000,25.000000,1,1,1,0,1,
94400,0.000000,0.500000,25.000000,1,1,1,0,1,
94500,0.000000,0.500000,25.000000,1,1,1,0,1,
94600,0.000000,0.500000,25.000000,1,1,1,0,1,
94700,0.000000,0.500000,25.000000,1,1,1,0,1,
94800,0.000000,0.500000,25.000000,1,1,1,0,1,
94900,0.000000,0.500000,25.000000,1,1,1,0,1,
95000,0.000000,0.500000,25.000000,1,1,1,0,1,
95100,0.000000,0.500000,25.000000,1,1,1,0,1,
95200,0.000000,0.500000,25.000000,1,1,1,0,1,
95300,0.000000,0.500000,25.000000,1,1,1,0,1,
95400,0.000000,0.500000,25.000000,1,1,1,0,1,
95500,0.000000,0.500000,25.000000,1,1,1,0,1,
95600,0.000000,0.500000,25.000000,1,1,1,0,1,
95700,0.000000,0.500000,25.000000,1,1,1,0,1,
95800,0.000000,0.500000,25.000000,1,1,1,0,1,
95900,0.000000,0.500000,25.000000,1,1,1,0,1,
96000,0.000000,0.500000,25.000000,1,1,1,0,1,
96100,0.000000,0.500000,25.000000,1,1,1,0,1,
96200,0.000000,0.500000,25.000000,1,1,1,0,1,
96300,0.000000,0.500000,25.000000,1,1,1,0,1,
96400,0.000000,0.500000,25.000000,1,1,1,0,1,
96500,0.000000,0.500000,25.000000,1,1,1,0,1,
96600,0.000000,0.500000,25.000000,1,1,1,0,1,
96700,0.000000,0.500000,25.000000,1,1,1,0,1,
96800,0.000000,0.500000,25.000000,1,1,1,0,1,
96900,0.000000,0.500000,25.000000,1,1,1,0,1,
97000,0.000000,0.500000,25.000000,1,1,1,0,1,
97100,0.000000,0.500000,25.000000,1,1,1,0,1,
97200,0.000000,0.500000,25.000000,1,1,1,0,1,
97300,0.000000,0.500000,25.000000,1,1,1,0,1,
97400,0.000000,0.500000,25.000000,1,1,1,0,1,
97500,0.000000,0.500000,25.000000,1,1,1,0,1,
97600,0.000000,0.500000,25.000000,1,1,1,0,1,
97700,0.000000,0.500000,25.000000,1,1,1,0,1,
97800,0.000000,0.500000,25.000000,1,1,1,0,1,
97900,0.000000,0.500000,25.000000,1,1,1,0,1,
98000,0.000000,0.500000,25.000000,1,1,1,0,1,
98100,0.000000,0.500000,25.000000,1,1,1,0,1,
98200,0.000000,0.500000,25.000000,1,1,1,0,1,
98300,0.000000,0.500000,25.000000,1,1,1,0,1,
98400,0.000000,0.500000,25.000000,1,1,1,0,1,
98500,0.000000,0.500000,25.000000,1,1,1,0,1,
98600,0.000000,0.500000,25.000000,1,1,1,0,1,
98700,0.000000,0.500000,25.000000,1,1,1,0,1,
98800,0.000000,0.500000,25.000000,1,1,1,0,1,
98900,0.000000,0.500000,25.000000,1,1,1,0,1,
99000,0.000000,0.500000,25.000000,1,1,1,0,1,
99100,0.000000,0.500000,25.000000,1,1,1,0,1,
99200,0.000000,0.500000,25.000000,1,1,1,0,1,
99300,0.000000,0.500000,25.000000,1,1,1,0,1,
99400,0.000000,0.500000,25.000000,1,1,1,0,1,
99500,0.000000,0.500000,25.000000,1,1,1,0,1,
99600,0.000000,0.500000,25.000000,1,1,1,0,1,
99700,0.000000,0.500000,25.000000,1,1,1,0,1,
99800,0.000000,0.500000,25.000000,1,1,1,0,1,
99900,0.000000,0.500000,25.000000,1,1,1,0,1,
100000,0.000000,0.500000,25.000000,1,1,1,0,1,
100100,0.000000,0.500000,25.000000,1,1,1,0,1,
100200,0.000000,0.500000,25.000000,1,1,1,0,1,
100300,0.000000,0.500000,25.000000,1,1,1,0,1,
100400,0.000000,0.500000,25.000000,1,1,1,0,1,
100500,0.000000,0.500000,25.000000,1,1,1,0,1,
100600,0.000000,0.500000,25.000000,1,1,1,0,1,
100700,0.000000,0.500000,25.000000,1,1,1,0,1,
100800,0.000000,0.500000,25.000000,1,1,1,0,1,
100900,0.000000,0.500000,25.000000,1,1,1,0,1,
101000,0.000000,0.500000,25.000000,1,1,1,0,1,
101100,0.000000,0.500000,25.000000,1,1,1,0,1,
101200,0.000000,0.500000,25.000000,1,1,1,0,1,
101300,0.000000,0.500000,25.000000,1,1,1,0,1,
101400,0.000000,0.500000,25.000000,1,1,1,0,1,
101500,0.000000,0.500000,25.000000,1,1,1,0,1,
101600,0.000000,0.500000,25.000000,1,1,1,0,1,
101700,0.000000,0.500000,25.000000,1,1,1,0,1,
101800,0.000000,0.500000,25.000000,1,1,1,0,1,
101900,0.000000,0.500000,25.000000,1,1,1,0,1,
102000,0.000000,0.500000,25.000000,1,1,1,0,1,
102100,0.000000,0.500000,25.000000,1,1,1,0,1,
102200,0.000000,0.500000,25.000000,1,1,1,0,1,
102300,0.000000,0.500000,25.000000,1,1,1,0,1,
102400,0.000000,0.500000,25.000000,1,1,1,0,1,
102500,0.000000,0.500000,25.000000,1,1,1,0,1,
102600,0.000000,0.500000,25.000000,1,1,1,0,1,
102700,0.000000,0.500000,25.000000,1,1,1,0,1,
102800,0.000000,0.500000,25.000000,1,1,1,0,1,
102900,0.000000,0.500000,25.000000,1,1,1,0,1,
103000,0.000000,0.500000,25.000000,1,1,1,0,1,
103100,0.000000,0.500000,25.000000,1,1,1,0,1,
103200,0.000000,0.500000,25.000000,1,1,1,0,1,
103300,0.000000,0.500000,25.000000,1,1,1,0,1,
103400,0.000000,0.500000,25.000000,1,1,1,0,1,
103500,0.000000,0.500000,25.000000,1,1,1,0,1,
103600,0.000000,0.500000,25.000000,1,1,1,0,1,
103700,0.000000,0.500000,25.000000,1,1,1,0,1,
103800,0.000000,0.500000,25.000000,1,1,1,0,1,
103900,0.000000,0.500000,25.000000,1,1,1,0,1,
104000,0.000000,0.500000,25.000000,1,1,1,0,1,
104100,0.000000,0.500000,25.000000,1,1,1,0,1,
104200,0.000000,0.500000,25.000000,1,1,1,0,1,
104300,0.000000,0.500000,25.000000,1,1,1,0,1,
104400,0.000000,0.500000,25.000000,1,1,1,0,1,
104500,0.000000,0.500000,25.000000,1,1,1,0,1,
104600,0.000000,0.500000,25.000000,1,1,1,0,1,
104700,0.000000,0.500000,25.000000,1,1,1,0,1,
104800,0.000000,0.500000,25.000000,1,1,1,0,1,
104900,0.000000,0.500000,25.000000,1,1,1,0,1,
105000,0.000000,0.500000,25.000000,1,1,1,0,1,
105100,0.000000,0.500000,25.000000,1,1,1,0,1,
105200,0.000000,0.500000,25.000000,1,1,1,0,1,
105300,0.000000,0.500000,25.000000,1,1,1,0,1,
105400,0.000000,0.500000,25.000000,1,1,1,0,1,
105500,0.000000,0.500000,25.000000,1,1,1,0,1,
105600,0.000000,0.500000,25.000000,1,1,1,0,1,
105700,0.000000,0.500000,25.000000,1,1,1,0,1,
105800,0.000000,0.500000,25.000000,1,1,1,0,1,
105900,0.000000,0.500000,25.000000,1,1,1,0,1,
106000,0.000000,0.500000,25.000000,1,1,1,0,1,
106100,0.000000,0.500000,25.000000,1,1,1,0,1,
106200,0.000000,0.500000,25.000000,1,1,1,0,1,
106300,0.000000,0.500000,25.000000,1,1,1,0,1,
106400,0.000000,0.500000,25.000000,1,1,1,0,1,
106500,0.000000,0.500000,25.000000,1,1,1,0,1,
106600,0.000000,0.500000,25.000000,1,1,1,0,1,
106700,0.000000,0.500000,25.000000,1,1,1,0,1,
106800,0.000000,0.500000,25.000000,1,1,1,0,1,
106900,0.000000,0.500000,25.000000,1,1,1,0,1,
107000,0.000000,0.500000,25.000000,1,1,1,0,1,
107100,0.000000,0.500000,25.000000,1,1,1,0,1,
107200,0.000000,0.500000,25.000000,1,1,1,0,1,
107300,0.000000,0.500000,25.000000,1,1,1,0,1,
107400,0.000000,0.500000,25.000000,1,1,1,0,1,
107500,0.000000,0.500000,25.000000,1,1,1,0,1,
107600,0.000000,0.500000,25.000000,1,1,1,0,1,
107700,0.000000,0.500000,25.000000,1,1,1,0,1,
107800,0.000000,0.500000,25.000000,1,1,1,0,1,
107900,0.000000,0.500000,25.000000,1,1,1,0,1,
108000,0.000000,0.500000,25.000000,1,1,1,0,1,
108100,0.000000,0.500000,25.000000,1,1,1,0,1,
108200,0.000000,0.500000,25.000000,1,1,1,0,1,
108300,0.000000,0.500000,25.000000,1,1,1,0,1,
108400,0.000000,0.500000,25.000000,1,1,1,0,1,
108500,0.000000,0.500000,25.000000,1,1,1,0,1,
108600,0.000000,0.500000,25.000000,1,1,1,0,1,
108700,0.000000,0.500000,25.000000,1,1,1,0,1,
108800,0.000000,0.500000,25.000000,1,1,1,0,1,
108900,0.000000,0.500000,25.000000,1,1,1,0,1,
109000,0.000000,0.500000,25.000000,1,1,1,0,1,
109100,0.000000,0.500000,25.000000,1,1,1,0,1,
109200,0.000000,0.500000,25.000000,1,1,1,0,1,
109300,0.000000,0.500000,25.000000,1,1,1,0,1,
109400,0.000000,0.500000,25.000000,1,1,1,0,1,
109500,0.000000,0.500000,25.000000,1,1,1,0,1,
109600,0.000000,0.500000,25.000000,1,1,1,0,1,
109700,0.000000,0.500000,25.000000,1,1,1,0,1,
109800,0.000000,0.500000,25.000000,1,1,1,0,1,
109900,0.000000,0.500000,25.000000,1,1,1,0,1,
110000,0.000000,0.500000,25.000000,1,1,1,0,1,
110100,0.000000,0.500000,25.000000,1,1,1,0,1,
110200,0.000000,0.500000,25.000000,1,1,1,0,1,
110300,0.000000,0.500000,25.000000,1,1,1,0,1,
110400,0.000000,0.500000,25.000000,1,1,1,0,1,
110500,0.000000,0.500000,25.000000,1,1,1,0,1,
110600,0.000000,0.500000,25.000000,1,1,1,0,1,
110700,0.000000,0.500000,25.000000,1,1,1,0,1,
110800,0.000000,0.500000,25.000000,1,1,1,0,1,
110900,0.000000,0.500000,25.000000,1,1,1,0,1,
111000,0.000000,0.500000,25.000000,1,1,1,0,1,
111100,0.000000,0.500000,25.000000,1,1,1,0,1,
111200,0.000000,0.500000,25.000000,1,1,1,0,1,
111300,0.000000,0.500000,25.000000,1,1,1,0,1,
111400,0.000000,0.500000,25.000000,1,1,1,0,1,
111500,0.000000,0.500000,25.000000,1,1,1,0,1,
111600,0.000000,0.500000,25.000000,1,1,1,0,1,
111700,0.000000,0.500000,25.000000,1,1,1,0,1,
111800,0.000000,0.500000,25.000000,1,1,1,0,1,
111900,0.000000,0.500000,25.000000,1,1,1,0,1,
112000,0.000000,0.500000,25.000000,1,1,1,0,1,
112100,0.000000,0.500000,25.000000,1,1,1,0,1,
112200,0.000000,0.500000,25.000000,1,1,1,0,1,
112300,0.000000,0.500000,25.000000,1,1,1,0,1,
112400,0.000000,0.500000,25.000000,1,1,1,0,1,
112500,0.000000,0.500000,25.000000,1,1,1,0,1,
112600,0.000000,0.500000,25.000000,1,1,1,0,1,
112700,0.000000,0.500000,25.000000,1,1,1,0,1,
112800,0.000000,0.500000,25.000000,1,1,1,0,1,
112900,0.000000,0.500000,25.000000,1,1,1,0,1,
113000,0.000000,0.500000,25.000000,1,1,1,0,1,
113100,0.000000,0.500000,25.000000,1,1,1,0,1,
113200,0.000000,0.500000,25.000000,1,1,1,0,1,
113300,0.000000,0.500000,25.000000,1,1,1,0,1,
113400,0.000000,0.500000,25.000000,1,1,1,0,1,
113500,0.000000,0.500000,25.000000,1,1,1,0,1,
113600,0.000000,0.500000,25.000000,1,1,1,0,1,
113700,0.000000,0.500000,25.000000,1,1,1,0,1,
113800,0.000000,0.500000,25.000000,1,1,1,0,1,
113900,0.000000,0.500000,25.000000,1,1,1,0,1,
114000,0.000000,0.500000,25.000000,1,1,1,0,1,
114100,0.000000,0.500000,25.000000,1,1,1,0,1,
114200,0.000000,0.500000,25.000000,1,1,1,0,1,
114300,0.000000,0.500000,25.000000,1,1,1,0,1,
114400,0.000000,0.500000,25.000000,1,1,1,0,1,
114500,0.000000,0.500000,25.000000,1,1,1,0,1,
114600,0.000000,0.500000,25.000000,1,1,1,0,1,
114700,0.000000,0.500000,25.000000,1,1,1,0,1,
114800,0.000000,0.500000,25.000000,1,1,1,0,1,
114900,0.000000,0.500000,25.000000,1,1,1,0,1,
115000,0.000000,0.500000,25.000000,1,1,1,0,1,
115100,0.000000,0.500000,25.000000,1,1,1,0,1,
115200,0.000000,0.500000,25.000000,1,1,1,0,1,
115300,0.000000,0.500000,25.000000,1,1,1,0,1,
115400,0.000000,0.500000,25.000000,1,1,1,0,1,
115500,0.000000,0.500000,25.000000,1,1,1,0,1,
115600,0.000000,0.500000,25.000000,1,1,1,0,1,
115700,0.000000,0.500000,25.000000,1,1,1,0,1,
115800,0.000000,0.500000,25.000000,1,1,1,0,1,
115900,0.000000,0.500000,25.000000,1,1,1,0,1,
116000,0.000000,0.500000,25.000000,1,1,1,0,1,
116100,0.000000,0.500000,25.000000,1,1,1,0,1,
116200,0.000000,0.500000,25.000000,1,1,1,0,1,
116300,0.000000,0.500000,25.000000,1,1,1,0,1,
116400,0.000000,0.500000,25.000000,1,1,1,0,1,
116500,0.000000,0.500000,25.000000,1,1,1,0,1,
116600,0.000000,0.500000,25.000000,1,1,1,0,1,
116700,0.000000,0.500000,25.000000,1,1,1,0,1,
116800,0.000000,0.500000,25.000000,1,1,1,0,1,
116900,0.000000,0.500000,25.000000,1,1,1,0,1,
117000,0.000000,0.500000,25.000000,1,1,1,0,1,
117100,0.000000,0.500000,25.000000,1,1,1,0,1,
117200,0.000000,0.500000,25.000000,1,1,1,0,1,
117300,0.000000,0.500000,25.000000,1,1,1,0,1,
117400,0.000000,0.500000,25.000000,1,1,1,0,1,
117500,0.000000,0.500000,25.000000,1,1,1,0,1,
117600,0.000000,0.500000,25.000000,1,1,1,0,1,
117700,0.000000,0.500000,25.000000,1,1,1,0,1,
117800,0.000000,0.500000,25.000000,1,1,1,0,1,
117900,0.000000,0.500000,25.000000,1,1,1,0,1,
118000,0.000000,0.500000,25.000000,1,1,1,0,1,
118100,0.000000,0.500000,25.000000,1,1,1,0,1,
118200,0.000000,0.500000,25.000000,1,1,1,0,1,
118300,0.000000,0.500000,25.000000,1,1,1,0,1,
118400,0.000000,0.500000,25.000000,1,1,1,0,1,
118500,0.000000,0.500000,25.000000,1,1,1,0,1,
118600,0.000000,0.500000,25.000000,1,1,1,0,1,
118700,0.000000,0.500000,25.000000,1,1,1,0,1,
118800,0.000000,0.500000,25.000000,1,1,1,0,1,
118900,0.000000,0.500000,25.000000,1,1,1,0,1,
119000,0.000000,0.500000,25.000000,1,1,1,0,1,
119100,0.000000,0.500000,25.000000,1,1,1,0,1,
119200,0.000000,0.500000,25.000000,1,1,1,0,1,
119300,0.000000,0.500000,25.000000,1,1,1,0,1,
119400,0.000000,0.500000,25.000000,1,1,1,0,1,
119500,0.000000,0.500000,25.000000,1,1,1,0,1,
119600,0.000000,0.500000,25.000000,1,1,1,0,1,
119700,0.000000,0.500000,25.000000,1,1,1,0,1,
119800,0.000000,0.500000,25.000000,1,1,1,0,1,
119900,0.000000,0.500000,25.000000,1,1,1,0,1,
120000,0.000000,0.500000,25.000000,1,1,1,0,1,
120100,0.000000,0.500000,25.000000,1,1,1,0,1,
120200,0.000000,0.500000,25.000000,1,1,1,0,1,
120300,0.000000,0.500000,25.000000,1,1,1,0,1,
120400,0.000000,0.500000,25.000000,1,1,1,0,1,
120500,0.000000,0.500000,25.000000,1,1,1,0,1,
120600,0.000000,0.500000,25.000000,1,1,1,0,1,
120700,0.000000,0.500000,25.000000,1,1,1,0,1,
120800,0.000000,0.500000,25.000000,1,1,1,0,1,
120900,0.000000,0.500000,25.000000,1,1,1,0,1,
121000,0.000000,0.500000,25.000000,1,1,1,0,1,
121100,0.000000,0.500000,25.000000,1,1,1,0,1,
121200,0.000000,0.500000,25.000000,1,1,1,0,1,
121300,0.000000,0.500000,25.000000,1,1,1,0,1,
121400,0.000000,0.500000,25.000000,1,1,1,0,1,
121500,0.000000,0.500000,25.000000,1,1,1,0,1,
121600,0.000000,0.500000,25.000000,1,1,1,0,1,
121700,0.000000,0.500000,25.000000,1,1,1,0,1,
121800,0.000000,0.500000,25.000000,1,1,1,0,1,
121900,0.000000,0.500000,25.000000,1,1,1,0,1,
122000,0.000000,0.500000,25.000000,1,1,1,0,1,
122100,0.000000,0.500000,25.000000,1,1,1,0,1,
122200,0.000000,0.500000,25.000000,1,1,1,0,1,
122300,0.000000,0.500000,25.000000,1,1,1,0,1,
122400,0.000000,0.500000,25.000000,1,1,1,0,1,
122500,0.000000,0.500000,25.000000,1,1,1,0,1,
122600,0.000000,0.500000,25.000000,1,1,1,0,1,
122700,0.000000,0.500000,25.000000,1,1,1,0,1,
122800,0.000000,0.500000,25.000000,1,1,1,0,1,
122900,0.000000,0.500000,25.000000,1,1,1,0,1,
123000,0.000000,0.500000,25.000000,1,1,1,0,1,
123100,0.000000,0.500000,25.000000,1,1,1,0,1,
123200,0.000000,0.500000,25.000000,1,1,1,0,1,
123300,0.000000,0.500000,25.000000,1,1,1,0,1,
123400,0.000000,0.500000,25.000000,1,1,1,0,1,
123500,0.000000,0.500000,25.000000,1,1,1,0,1,
123600,0.000000,0.500000,25.000000,1,1,1,0,1,
123700,0.000000,0.500000,25.000000,1,1,1,0,1,
123800,0.000000,0.500000,25.000000,1,1,1,0,1,
123900,0.000000,0.500000,25.000000,1,1,1,0,1,
124000,0.000000,0.500000,25.000000,1,1,1,0,1,
124100,0.000000,0.500000,25.000000,1,1,1,0,1,
124200,0.000000,0.500000,25.000000,1,1,1,0,1,
124300,0.000000,0.500000,25.000000,1,1,1,0,1,
124400,0.000000,0.500000,25.000000,1,1,1,0,1,
124500,0.000000,0.500000,25.000000,1,1,1,0,1,
124600,0.000000,0.500000,25.000000,1,1,1,0,1,
124700,0.000000,0.500000,25.000000,1,1,1,0,1,
124800,0.000000,0.500000,25.000000,1,1,1,0,1,
124900,0.000000,0.500000,25.000000,1,1,1,0,1,
125000,0.000000,0.500000,25.000000,1,1,1,0,1,
125100,0.000000,0.500000,25.000000,1,1,1,0,1,
125200,0.000000,0.500000,25.000000,1,1,1,0,1,
125300,0.000000,0.500000,25.000000,1,1,1,0,1,
125400,0.000000,0.500000,25.000000,1,1,1,0,1,
125500,0.000000,0.500000,25.000000,1,1,1,0,1,
125600,0.000000,0.500000,25.000000,1,1,1,0,1,
125700,0.000000,0.500000,25.000000,1,1,1,0,1,
125800,0.000000,0.500000,25.000000,1,1,1,0,1,
125900,0.000000,0.500000,25.000000,1,1,1,0,1,
126000,0.000000,0.500000,25.000000,1,1,1,0,1,
126100,0.000000,0.500000,25.000000,1,1,1,0,1,
126200,0.000000,0.500000,25.000000,1,1,1,0,1,
126300,0.000000,0.500000,25.000000,1,1,1,0,1,
126400,0.000000,0.500000,25.000000,1,1,1,0,1,
126500,0.000000,0.500000,25.000000,1,1,1,0,1,
126600,0.000000,0.500000,25.000000,1,1,1,0,1,
126700,0.000000,0.500000,25.000000,1,1,1,0,1,
126800,0.000000,0.500000,25.000000,1,1,1,0,1,
126900,0.000000,0.500000,25.000000,1,1,1,0,1,
127000,0.000000,0.500000,25.000000,1,1,1,0,1,
127100,0.000000,0.500000,25.000000,1,1,1,0,1,
127200,0.000000,0.500000,25.000000,1,1,1,0,1,
127300,0.000000,0.500000,25.000000,1,1,1,0,1,
127400,0.000000,0.500000,25.000000,1,1,1,0,1,
127500,0.000000,0.500000,25.000000,1,1,1,0,1,
127600,0.000000,0.500000,25.000000,1,1,1,0,1,
127700,0.000000,0.500000,25.000000,1,1,1,0,1,
127800,0.000000,0.500000,25.000000,1,1,1,0,1,
127900,0.000000,0.500000,25.000000,1,1,1,0,1,
128000,0.000000,0.500000,25.000000,1,1,1,0,1,
128100,0.000000,0.500000,25.000000,1,1,1,0,1,
128200,0.000000,0.500000,25.000000,1,1,1,0,1,
128300,0.000000,0.500000,25.000000,1,1,1,0,1,
128400,0.000000,0.500000,25.000000,1,1,1,0,1,
128500,0.000000,0.500000,25.000000,1,1,1,0,1,
128600,0.000000,0.500000,25.000000,1,1,1,0,1,
128700,0.000000,0.500000,25.000000,1,1,1,0,1,
128800,0.000000,0.500000,25.000000,1,1,1,0,1,
128900,0.000000,0.500000,25.000000,1,1,1,0,1,
129000,0.000000,0.500000,25.000000,1,1,1,0,1,
129100,0.000000,0.500000,25.000000,1,1,1,0,1,
129200,0.000000,0.500000,25.000000,1,1,1,0,1,
129300,0.000000,0.500000,25.000000,1,1,1,0,1,
129400,0.000000,0.500000,25.000000,1,1,1,0,1,
129500,0.000000,0.500000,25.000000,1,1,1,0,1,
129600,0.000000,0.500000,25.000000,1,1,1,0,1,
129700,0.000000,0.500000,25.000000,1,1,1,0,1,
129800,0.000000,0.500000,25.000000,1,1,1,0,1,
129900,0.000000,0.500000,25.000000,1,1,1,0,1,
130000,0.000000,0.500000,25.000000,1,1,1,0,1,
130100,0.000000,0.500000,25.000000,1,1,1,0,1,
130200,0.000000,0.500000,25.000000,1,1,1,0,1,
130300,0.000000,0.500000,25.000000,1,1,1,0,1,
130400,0.000000,0.500000,25.000000,1,1,1,0,1,
130500,0.000000,0.500000,25.000000,1,1,1,0,1,
130600,0.000000,0.500000,25.000000,1,1,1,0,1,
130700,0.000000,0.500000,25.000000,1,1,1,0,1,
130800,0.000000,0.500000,25.000000,1,1,1,0,1,
130900,0.000000,0.500000,25.000000,1,1,1,0,1,
131000,0.000000,0.500000,25.000000,1,1,1,0,1,
131100,0.000000,0.500000,25.000000,1,1,1,0,1,
131200,0.000000,0.500000,25.000000,1,1,1,0,1,
131300,0.000000,0.500000,25.000000,1,1,1,0,1,
131400,0.000000,0.500000,25.000000,1,1,1,0,1,
131500,0.000000,0.500000,25.000000,1,1,1,0,1,
131600,0.000000,0.500000,25.000000,1,1,1,0,1,
131700,0.000000,0.500000,25.000000,1,1,1,0,1,
131800,0.000000,0.500000,25.000000,1,1,1,0,1,
131900,0.000000,0.500000,25.000000,1,1,1,0,1,
132000,0.000000,0.500000,25.000000,1,1,1,0,1,
132100,0.000000,0.500000,25.000000,1,1,1,0,1,
132200,0.000000,0.500000,25.000000,1,1,1,0,1,
132300,0.000000,0.500000,25.000000,1,1,1,0,1,
132400,0.000000,0.500000,25.000000,1,1,1,0,1,
132500,0.000000,0.500000,25.000000,1,1,1,0,1,
132600,0.000000,0.500000,25.000000,1,1,1,0,1,
132700,0.000000,0.500000,25.000000,1,1,1,0,1,
132800,0.000000,0.500000,25.000000,1,1,1,0,1,
132900,0.000000,0.500000,25.000000,1,1,1,0,1,
133000,0.000000,0.500000,25.000000,1,1,1,0,1,
133100,0.000000,0.500000,25.000000,1,1,1,0,1,
133200,0.000000,0.500000,25.000000,1,1,1,0,1,
133300,0.000000,0.500000,25.000000,1,1,1,0,1,
133400,0.000000,0.500000,25.000000,1,1,1,0,1,
133500,0.000000,0.500000,25.000000,1,1,1,0,1,
133600,0.000000,0.500000,25.000000,1,1,1,0,1,
133700,0.000000,0.500000,25.000000,1,1,1,0,1,
133800,0.000000,0.500000,25.000000,1,1,1,0,1,
133900,0.000000,0.500000,25.000000,1,1,1,0,1,
134000,0.000000,0.500000,25.000000,1,1,1,0,1,
134100,0.000000,0.500000,25.000000,1,1,1,0,1,
134200,0.000000,0.500000,25.000000,1,1,1,0,1,
134300,0.000000,0.500000,25.000000,1,1,1,0,1,
134400,0.000000,0.500000,25.000000,1,1,1,0,1,
134500,0.000000,0.500000,25.000000,1,1,1,0,1,
134600,0.000000,0.500000,25.000000,1,1,1,0,1,
134700,0.000000,0.500000,25.000000,1,1,1,0,1,
134800,0.000000,0.500000,25.000000,1,1,1,0,1,
134900,0.000000,0.500000,25.000000,1,1,1,0,1,
135000,0.000000,0.500000,25.000000,1,1,1,0,1,
135100,0.000000,0.500000,25.000000,1,1,1,0,1,
135200,0.000000,0.500000,25.000000,1,1,1,0,1,
135300,0.000000,0.500000,25.000000,1,1,1,0,1,
135400,0.000000,0.500000,25.000000,1,1,1,0,1,
135500,0.000000,0.500000,25.000000,1,1,1,0,1,
135600,0.000000,0.500000,25.000000,1,1,1,0,1,
135700,0.000000,0.500000,25.000000,1,1,1,0,1,
135800,0.000000,0.500000,25.000000,1,1,1,0,1,
135900,0.000000,0.500000,25.000000,1,1,1,0,1,
136000,0.000000,0.500000,25.000000,1,1,1,0,1,
136100,0.000000,0.500000,25.000000,1,1,1,0,1,
136200,0.000000,0.500000,25.000000,1,1,1,0,1,
136300,0.000000,0.500000,25.000000,1,1,1,0,1,
136400,0.000000,0.500000,25.000000,1,1,1,0,1,
136500,0.000000,0.500000,25.000000,1,1,1,0,1,
136600,0.000000,0.500000,25.000000,1,1,1,0,1,
136700,0.000000,0.500000,25.000000,1,1,1,0,1,
136800,0.000000,0.500000,25.000000,1,1,1,0,1,
136900,0.000000,0.500000,25.000000,1,1,1,0,1,
137000,0.000000,0.500000,25.000000,1,1,1,0,1,
137100,0.000000,0.500000,25.000000,1,1,1,0,1,
137200,0.000000,0.500000,25.000000,1,1,1,0,1,
137300,0.000000,0.500000,25.000000,1,1,1,0,1,
137400,0.000000,0.500000,25.000000,1,1,1,0,1,
137500,0.000000,0.500000,25.000000,1,1,1,0,1,
137600,0.000000,0.500000,25.000000,1,1,1,0,1,
137700,0.000000,0.500000,25.000000,1,1,1,0,1,
137800,0.000000,0.500000,25.000000,1,1,1,0,1,
137900,0.000000,0.500000,25.000000,1,1,1,0,1,
138000,0.000000,0.500000,25.000000,1,1,1,0,1,
138100,0.000000,0.500000,25.000000,1,1,1,0,1,
138200,0.000000,0.500000,25.000000,1,1,1,0,1,
138300,0.000000,0.500000,25.000000,1,1,1,0,1,
138400,0.000000,0.500000,25.000000,1,1,1,0,1,
138500,0.000000,0.500000,25.000000,1,1,1,0,1,
138600,0.000000,0.500000,25.000000,1,1,1,0,1,
138700,0.000000,0.500000,25.000000,1,1,1,0,1,
138800,0.000000,0.500000,25.000000,1,1,1,0,1,
138900,0.000000,0.500000,25.000000,1,1,1,0,1,
139000,0.000000,0.500000,25.000000,1,1,1,0,1,
139100,0.000000,0.500000,25.000000,1,1,1,0,1,
139200,0.000000,0.500000,25.000000,1,1,1,0,1,
139300,0.000000,0.500000,25.000000,1,1,1,0,1,
139400,0.000000,0.500000,25.000000,1,1,1,0,1,
139500,0.000000,0.500000,25.000000,1,1,1,0,1,
139600,0.000000,0.500000,25.000000,1,1,1,0,1,
139700,0.000000,0.500000,25.000000,1,1,1,0,1,
139800,0.000000,0.500000,25.000000,1,1,1,0,1,
139900,0.000000,0.500000,25.000000,1,1,1,0,1,
140000,0.000000,0.500000,25.000000,1,1,1,0,1,
140100,0.000000,0.500000,25.000000,1,1,1,0,1,
140200,0.000000,0.500000,25.000000,1,1,1,0,1,
140300,0.000000,0.500000,25.000000,1,1,1,0,1,
140400,0.000000,0.500000,25.000000,1,1,1,0,1,
140500,0.000000,0.500000,25.000000,1,1,1,0,1,
140600,0.000000,0.500000,25.000000,1,1,1,0,1,
140700,0.000000,0.500000,25.000000,1,1,1,0,1,
140800,0.000000,0.500000,25.000000,1,1,1,0,1,
140900,0.000000,0.500000,25.000000,1,1,1,0,1,
141000,0.000000,0.500000,25.000000,1,1,1,0,1,
141100,0.000000,0.500000,25.000000,1,1,1,0,1,
141200,0.000000,0.500000,25.000000,1,1,1,0,1,
141300,0.000000,0.500000,25.000000,1,1,1,0,1,
141400,0.000000,0.500000,25.000000,1,1,1,0,1,
141500,0.000000,0.500000,25.000000,1,1,1,0,1,
141600,0.000000,0.500000,25.000000,1,1,1,0,1,
141700,0.000000,0.500000,25.000000,1,1,1,0,1,
141800,0.000000,0.500000,25.000000,1,1,1,0,1,
141900,0.000000,0.500000,25.000000,1,1,1,0,1,
142000,0.000000,0.500000,25.000000,1,1,1,0,1,
142100,0.000000,0.500000,25.000000,1,1,1,0,1,
142200,0.000000,0.500000,25.000000,1,1,1,0,1,
142300,0.000000,0.500000,25.000000,1,1,1,0,1,
142400,0.000000,0.500000,25.000000,1,1,1,0,1,
142500,0.000000,0.500000,25.000000,1,1,1,0,1,
142600,0.000000,0.500000,25.000000,1,1,1,0,1,
142700,0.000000,0.500000,25.000000,1,1,1,0,1,
142800,0.000000,0.500000,25.000000,1,1,1,0,1,
142900,0.000000,0.500000,25.000000,1,1,1,0,1,
143000,0.000000,0.500000,25.000000,1,1,1,0,1,
143100,0.000000,0.500000,25.000000,1,1,1,0,1,
143200,0.000000,0.500000,25.000000,1,1,1,0,1,
143300,0.000000,0.500000,25.000000,1,1,1,0,1,
143400,0.000000,0.500000,25.000000,1,1,1,0,1,
143500,0.000000,0.500000,25.000000,1,1,1,0,1,
143600,0.000000,0.500000,25.000000,1,1,1,0,1,
143700,0.000000,0.500000,25.000000,1,1,1,0,1,
143800,0.000000,0.500000,25.000000,1,1,1,0,1,
143900,0.000000,0.500000,25.000000,1,1,1,0,1,
144000,0.000000,0.500000,25.000000,1,1,1,0,1,
144100,0.000000,0.500000,25.000000,1,1,1,0,1,
144200,0.000000,0.500000,25.000000,1,1,1,0,1,
144300,0.000000,0.500000,25.000000,1,1,1,0,1,
144400,0.000000,0.500000,25.000000,1,1,1,0,1,
144500,0.000000,0.500000,25.000000,1,1,1,0,1,
144600,0.000000,0.500000,25.000000,1,1,1,0,1,
144700,0.000000,0.500000,25.000000,1,1,1,0,1,
144800,0.000000,0.500000,25.000000,1,1,1,0,1,
144900,0.000000,0.500000,25.000000,1,1,1,0,1,
145000,0.000000,0.500000,25.000000,1,1,1,0,1,
145100,0.000000,0.500000,25.000000,1,1,1,0,1,
145200,0.000000,0.500000,25.000000,1,1,1,0,1,
145300,0.000000,0.500000,25.000000,1,1,1,0,1,
145400,0.000000,0.500000,25.000000,1,1,1,0,1,
145500,0.000000,0.500000,25.000000,1,1,1,0,1,
145600,0.000000,0.500000,25.000000,1,1,1,0,1,
145700,0.000000,0.500000,25.000000,1,1,1,0,1,
145800,0.000000,0.500000,25.000000,1,1,1,0,1,
145900,0.000000,0.500000,25.000000,1,1,1,0,1,
146000,0.000000,0.500000,25.000000,1,1,1,0,1,
146100,0.000000,0.500000,25.000000,1,1,1,0,1,
146200,0.000000,0.500000,25.000000,1,1,1,0,1,
146300,0.000000,0.500000,25.000000,1,1,1,0,1,
146400,0.000000,0.500000,25.000000,1,1,1,0,1,
146500,0.000000,0.500000,25.000000,1,1,1,0,1,
146600,0.000000,0.500000,25.000000,1,1,1,0,1,
146700,0.000000,0.500000,25.000000,1,1,1,0,1,
146800,0.000000,0.500000,25.000000,1,1,1,0,1,
146900,0.000000,0.500000,25.000000,1,1,1,0,1,
147000,0.000000,0.500000,25.000000,1,1,1,0,1,
147100,0.000000,0.500000,25.000000,1,1,1,0,1,
147200,0.000000,0.500000,25.000000,1,1,1,0,1,
147300,0.000000,0.500000,25.000000,1,1,1,0,1,
147400,0.000000,0.500000,25.000000,1,1,1,0,1,
147500,0.000000,0.500000,25.000000,1,1,1,0,1,
147600,0.000000,0.500000,25.000000,1,1,1,0,1,
147700,0.000000,0.500000,25.000000,1,1,1,0,1,
147800,0.000000,0.500000,25.000000,1,1,1,0,1,
147900,0.000000,0.500000,25.000000,1,1,1,0,1,
148000,0.000000,0.500000,25.000000,1,1,1,0,1,
148100,0.000000,0.500000,25.000000,1,1,1,0,1,
148200,0.000000,0.500000,25.000000,1,1,1,0,1,
148300,0.000000,0.500000,25.000000,1,1,1,0,1,
148400,0.000000,0.500000,25.000000,1,1,1,0,1,
148500,0.000000,0.500000,25.000000,1,1,1,0,1,
148600,0.000000,0.500000,25.000000,1,1,1,0,1,
148700,0.000000,0.500000,25.000000,1,1,1,0,1,
148800,0.000000,0.500000,25.000000,1,1,1,0,1,
148900,0.000000,0.500000,25.000000,1,1,1,0,1,
149000,0.000000,0.500000,25.000000,1,1,1,0,1,
149100,0.000000,0.500000,25.000000,1,1,1,0,1,
149200,0.000000,0.500000,25.000000,1,1,1,0,1,
149300,0.000000,0.500000,25.000000,1,1,1,0,1,
149400,0.000000,0.500000,25.000000,1,1,1,0,1,
149500,0.000000,0.500000,25.000000,1,1,1,0,1,
149600,0.000000,0.500000,25.000000,1,1,1,0,1,
149700,0.000000,0.500000,25.000000,1,1,1,0,1,
149800,0.000000,0.500000,25.000000,1,1,1,0,1,
149900,0.000000,0.500000,25.000000,1,1,1,0,1,
150000,0.000000,0.500000,25.000000,1,1,1,0,1,
150100,0.000000,0.500000,25.000000,1,1,1,0,1,
150200,0.000000,0.500000,25.000000,1,1,1,0,1,
150300,0.000000,0.500000,25.000000,1,1,1,0,1,
150400,0.000000,0.500000,25.000000,1,1,1,0,1,
150500,0.000000,0.500000,25.000000,1,1,1,0,1,
150600,0.000000,0.500000,25.000000,1,1,1,0,1,
150700,0.000000,0.500000,25.000000,1,1,1,0,1,
150800,0.000000,0.500000,25.000000,1,1,1,0,1,
150900,0.000000,0.500000,25.000000,1,1,1,0,1,
151000,0.000000,0.500000,25.000000,1,1,1,0,1,
151100,0.000000,0.500000,25.000000,1,1,1,0,1,
151200,0.000000,0.500000,25.000000,1,1,1,0,1,
151300,0.000000,0.500000,25.000000,1,1,1,0,1,
151400,0.000000,0.500000,25.000000,1,1,1,0,1,
151500,0.000000,0.500000,25.000000,1,1,1,0,1,
151600,0.000000,0.500000,25.000000,1,1,1,0,1,
151700,0.000000,0.500000,25.000000,1,1,1,0,1,
151800,0.000000,0.500000,25.000000,1,1,1,0,1,
151900,0.000000,0.500000,25.000000,1,1,1,0,1,
152000,0.000000,0.500000,25.000000,1,1,1,0,1,
152100,0.000000,0.500000,25.000000,1,1,1,0,1,
152200,0.000000,0.500000,25.000000,1,1,1,0,1,
152300,0.000000,0.500000,25.000000,1,1,1,0,1,
152400,0.000000,0.500000,25.000000,1,1,1,0,1,
152500,0.000000,0.500000,25.000000,1,1,1,0,1,
152600,0.000000,0.500000,25.000000,1,1,1,0,1,
152700,0.000000,0.500000,25.000000,1,1,1,0,1,
152800,0.000000,0.500000,25.000000,1,1,1,0,1,
152900,0.000000,0.500000,25.000000,1,1,1,0,1,
153000,0.000000,0.500000,25.000000,1,1,1,0,1,
153100,0.000000,0.500000,25.000000,1,1,1,0,1,
153200,0.000000,0.500000,25.000000,1,1,1,0,1,
153300,0.000000,0.500000,25.000000,1,1,1,0,1,
153400,0.000000,0.500000,25.000000,1,1,1,0,1,
153500,0.000000,0.500000,25.000000,1,1,1,0,1,
153600,0.000000,0.500000,25.000000,1,1,1,0,1,
153700,0.000000,0.500000,25.000000,1,1,1,0,1,
153800,0.000000,0.500000,25.000000,1,1,1,0,1,
153900,0.000000,0.500000,25.000000,1,1,1,0,1,
154000,0.000000,0.500000,25.000000,1,1,1,0,1,
154100,0.000000,0.500000,25.000000,1,1,1,0,1,
154200,0.000000,0.500000,25.000000,1,1,1,0,1,
154300,0.000000,0.500000,25.000000,1,1,1,0,1,
154400,0.000000,0.500000,25.000000,1,1,1,0,1,
154500,0.000000,0.500000,25.000000,1,1,1,0,1,
154600,0.000000,0.500000,25.000000,1,1,1,0,1,
154700,0.000000,0.500000,25.000000,1,1,1,0,1,
154800,0.000000,0.500000,25.000000,1,1,1,0,1,
154900,0.000000,0.500000,25.000000,1,1,1,0,1,
155000,0.000000,0.500000,25.000000,1,1,1,0,1,
155100,0.000000,0.500000,25.000000,1,1,1,0,1,
155200,0.000000,0.500000,25.000000,1,1,1,0,1,
155300,0.000000,0.500000,25.000000,1,1,1,0,1,
155400,0.000000,0.500000,25.000000,1,1,1,0,1,
155500,0.000000,0.500000,25.000000,1,1,1,0,1,
155600,0.000000,0.500000,25.000000,1,1,1,0,1,
155700,0.000000,0.500000,25.000000,1,1,1,0,1,
155800,0.000000,0.500000,25.000000,1,1,1,0,1,
155900,0.000000,0.500000,25.000000,1,1,1,0,1,
156000,0.000000,0.500000,25.000000,1,1,1,0,1,
156100,0.000000,0.500000,25.000000,1,1,1,0,1,
156200,0.000000,0.500000,25.000000,1,1,1,0,1,
156300,0.000000,0.500000,25.000000,1,1,1,0,1,
156400,0.000000,0.500000,25.000000,1,1,1,0,1,
156500,0.000000,0.500000,25.000000,1,1,1,0,1,
156600,0.000000,0.500000,25.000000,1,1,1,0,1,
156700,0.000000,0.500000,25.000000,1,1,1,0,1,
156800,0.000000,0.500000,25.000000,1,1,1,0,1,
156900,0.000000,0.500000,25.000000,1,1,1,0,1,
157000,0.000000,0.500000,25.000000,1,1,1,0,1,
157100,0.000000,0.500000,25.000000,1,1,1,0,1,
157200,0.000000,0.500000,25.000000,1,1,1,0,1,
157300,0.000000,0.500000,25.000000,1,1,1,0,1,
157400,0.000000,0.500000,25.000000,1,1,1,0,1,
157500,0.000000,0.500000,25.000000,1,1,1,0,1,
157600,0.000000,0.500000,25.000000,1,1,1,0,1,
157700,0.000000,0.500000,25.000000,1,1,1,0,1,
157800,0.000000,0.500000,25.000000,1,1,1,0,1,
157900,0.000000,0.500000,25.000000,1,1,1,0,1,
158000,0.000000,0.500000,25.000000,1,1,1,0,1,
158100,0.000000,0.500000,25.000000,1,1,1,0,1,
158200,0.000000,0.500000,25.000000,1,1,1,0,1,
158300,0.000000,0.500000,25.000000,1,1,1,0,1,
158400,0.000000,0.500000,25.000000,1,1,1,0,1,
158500,0.000000,0.500000,25.000000,1,1,1,0,1,
158600,0.000000,0.500000,25.000000,1,1,1,0,1,
158700,0.000000,0.500000,25.000000,1,1,1,0,1,
158800,0.000000,0.500000,25.000000,1,1,1,0,1,
158900,0.000000,0.500000,25.000000,1,1,1,0,1,
159000,0.000000,0.500000,25.000000,1,1,1,0,1,
159100,0.000000,0.500000,25.000000,1,1,1,0,1,
159200,0.000000,0.500000,25.000000,1,1,1,0,1,
159300,0.000000,0.500000,25.000000,1,1,1,0,1,
159400,0.000000,0.500000,25.000000,1,1,1,0,1,
159500,0.000000,0.500000,25.000000,1,1,1,0,1,
159600,0.000000,0.500000,25.000000,1,1,1,0,1,
159700,0.000000,0.500000,25.000000,1,1,1,0,1,
159800,0.000000,0.500000,25.000000,1,1,1,0,1,
159900,0.000000,0.500000,25.000000,1,1,1,0,1,
160000,0.000000,0.500000,25.000000,1,1,1,0,1,
160100,0.000000,0.500000,25.000000,1,1,1,0,1,
160200,0.000000,0.500000,25.000000,1,1,1,0,1,
160300,0.000000,0.500000,25.000000,1,1,1,0,1,
160400,0.000000,0.500000,25.000000,1,1,1,0,1,
160500,0.000000,0.500000,25.000000,1,1,1,0,1,
160600,0.000000,0.500000,25.000000,1,1,1,0,1,
160700,0.000000,0.500000,25.000000,1,1,1,0,1,
160800,0.000000,0.500000,25.000000,1,1,1,0,1,
160900,0.000000,0.500000,25.000000,1,1,1,0,1,
161000,0.000000,0.500000,25.000000,1,1,1,0,1,
161100,0.000000,0.500000,25.000000,1,1,1,0,1,
161200,0.000000,0.500000,25.000000,1,1,1,0,1,
161300,0.000000,0.500000,25.000000,1,1,1,0,1,
161400,0.000000,0.500000,25.000000,1,1,1,0,1,
161500,0.000000,0.500000,25.000000,1,1,1,0,1,
161600,0.000000,0.500000,25.000000,1,1,1,0,1,
161700,0.000000,0.500000,25.000000,1,1,1,0,1,
161800,0.000000,0.500000,25.000000,1,1,1,0,1,
161900,0.000000,0.500000,25.000000,1,1,1,0,1,
162000,0.000000,0.500000,25.000000,1,1,1,0,1,
162100,0.000000,0.500000,25.000000,1,1,1,0,1,
162200,0.000000,0.500000,25.000000,1,1,1,0,1,
162300,0.000000,0.500000,25.000000,1,1,1,0,1,
162400,0.000000,0.500000,25.000000,1,1,1,0,1,
162500,0.000000,0.500000,25.000000,1,1,1,0,1,
162600,0.000000,0.500000,25.000000,1,1,1,0,1,
162700,0.000000,0.500000,25.000000,1,1,1,0,1,
162800,0.000000,0.500000,25.000000,1,1,1,0,1,
162900,0.000000,0.500000,25.000000,1,1,1,0,1,
163000,0.000000,0.500000,25.000000,1,1,1,0,1,
163100,0.000000,0.500000,25.000000,1,1,1,0,1,
163200,0.000000,0.500000,25.000000,1,1,1,0,1,
163300,0.000000,0.500000,25.000000,1,1,1,0,1,
163400,0.000000,0.500000,25.000000,1,1,1,0,1,
163500,0.000000,0.500000,25.000000,1,1,1,0,1,
163600,0.000000,0.500000,25.000000,1,1,1,0,1,
163700,0.000000,0.500000,25.000000,1,1,1,0,1,
163800,0.000000,0.500000,25.000000,1,1,1,0,1,
163900,0.000000,0.500000,25.000000,1,1,1,0,1,
164000,0.000000,0.500000,25.000000,1,1,1,0,1,
164100,0.000000,0.500000,25.000000,1,1,1,0,1,
164200,0.000000,0.500000,25.000000,1,1,1,0,1,
164300,0.000000,0.500000,25.000000,1,1,1,0,1,
164400,0.000000,0.500000,25.000000,1,1,1,0,1,
164500,0.000000,0.500000,25.000000,1,1,1,0,1,
164600,0.000000,0.500000,25.000000,1,1,1,0,1,
164700,0.000000,0.500000,25.000000,1,1,1,0,1,
164800,0.000000,0.500000,25.000000,1,1,1,0,1,
164900,0.000000,0.500000,25.000000,1,1,1,0,1,
165000,0.000000,0.500000,25.000000,1,1,1,0,1,
165100,0.000000,0.500000,25.000000,1,1,1,0,1,
165200,0.000000,0.500000,25.000000,1,1,1,0,1,
165300,0.000000,0.500000,25.000000,1,1,1,0,1,
165400,0.000000,0.500000,25.000000,1,1,1,0,1,
165500,0.000000,0.500000,25.000000,1,1,1,0,1,
165600,0.000000,0.500000,25.000000,1,1,1,0,1,
165700,0.000000,0.500000,25.000000,1,1,1,0,1,
165800,0.000000,0.500000,25.000000,1,1,1,0,1,
165900,0.000000,0.500000,25.000000,1,1,1,0,1,
166000,0.000000,0.500000,25.000000,1,1,1,0,1,
166100,0.000000,0.500000,25.000000,1,1,1,0,1,
166200,0.000000,0.500000,25.000000,1,1,1,0,1,
166300,0.000000,0.500000,25.000000,1,1,1,0,1,
166400,0.000000,0.500000,25.000000,1,1,1,0,1,
166500,0.000000,0.500000,25.000000,1,1,1,0,1,
166600,0.000000,0.500000,25.000000,1,1,1,0,1,
166700,0.000000,0.500000,25.000000,1,1,1,0,1,
166800,0.000000,0.500000,25.000000,1,1,1,0,1,
166900,0.000000,0.500000,25.000000,1,1,1,0,1,
167000,0.000000,0.500000,25.000000,1,1,1,0,1,
167100,0.000000,0.500000,25.000000,1,1,1,0,1,
167200,0.000000,0.500000,25.000000,1,1,1,0,1,
167300,0.000000,0.500000,25.000000,1,1,1,0,1,
167400,0.000000,0.500000,25.000000,1,1,1,0,1,
167500,0.000000,0.500000,25.000000,1,1,1,0,1,
167600,0.000000,0.500000,25.000000,1,1,1,0,1,
167700,0.000000,0.500000,25.000000,1,1,1,0,1,
167800,0.000000,0.500000,25.000000,1,1,1,0,1,
167900,0.000000,0.500000,25.000000,1,1,1,0,1,
168000,0.000000,0.500000,25.000000,1,1,1,0,1,
168100,0.000000,0.500000,25.000000,1,1,1,0,1,
168200,0.000000,0.500000,25.000000,1,1,1,0,1,
168300,0.000000,0.500000,25.000000,1,1,1,0,1,
168400,0.000000,0.500000,25.000000,1,1,1,0,1,
168500,0.000000,0.500000,25.000000,1,1,1,0,1,
168600,0.000000,0.500000,25.000000,1,1,1,0,1,
168700,0.000000,0.500000,25.000000,1,1,1,0,1,
168800,0.000000,0.500000,25.000000,1,1,1,0,1,
168900,0.000000,0.500000,25.000000,1,1,1,0,1,
169000,0.000000,0.500000,25.000000,1,1,1,0,1,
169100,0.000000,0.500000,25.000000,1,1,1,0,1,
169200,0.000000,0.500000,25.000000,1,1,1,0,1,
169300,0.000000,0.500000,25.000000,1,1,1,0,1,
169400,0.000000,0.500000,25.000000,1,1,1,0,1,
169500,0.000000,0.500000,25.000000,1,1,1,0,1,
169600,0.000000,0.500000,25.000000,1,1,1,0,1,
169700,0.000000,0.500000,25.000000,1,1,1,0,1,
169800,0.000000,0.500000,25.000000,1,1,1,0,1,
169900,0.000000,0.500000,25.000000,1,1,1,0,1,
170000,0.000000,0.500000,25.000000,1,1,1,0,1,
170100,0.000000,0.500000,25.000000,1,1,1,0,1,
170200,0.000000,0.500000,25.000000,1,1,1,0,1,
170300,0.000000,0.500000,25.000000,1,1,1,0,1,
170400,0.000000,0.500000,25.000000,1,1,1,0,1,
170500,0.000000,0.500000,25.000000,1,1,1,0,1,
170600,0.000000,0.500000,25.000000,1,1,1,0,1,
170700,0.000000,0.500000,25.000000,1,1,1,0,1,
170800,0.000000,0.500000,25.000000,1,1,1,0,1,
170900,0.000000,0.500000,25.000000,1,1,1,0,1,
171000,0.000000,0.500000,25.000000,1,1,1,0,1,
171100,0.000000,0.500000,25.000000,1,1,1,0,1,
171200,0.000000,0.500000,25.000000,1,1,1,0,1,
171300,0.000000,0.500000,25.000000,1,1,1,0,1,
171400,0.000000,0.500000,25.000000,1,1,1,0,1,
171500,0.000000,0.500000,25.000000,1,1,1,0,1,
171600,0.000000,0.500000,25.000000,1,1,1,0,1,
171700,0.000000,0.500000,25.000000,1,1,1,0,1,
171800,0.000000,0.500000,25.000000,1,1,1,0,1,
171900,0.000000,0.500000,25.000000,1,1,1,0,1,
172000,0.000000,0.500000,25.000000,1,1,1,0,1,
172100,0.000000,0.500000,25.000000,1,1,1,0,1,
172200,0.000000,0.500000,25.000000,1,1,1,0,1,
172300,0.000000,0.500000,25.000000,1,1,1,0,1,
172400,0.000000,0.500000,25.000000,1,1,1,0,1,
172500,0.000000,0.500000,25.000000,1,1,1,0,1,
172600,0.000000,0.500000,25.000000,1,1,1,0,1,
172700,0.000000,0.500000,25.000000,1,1,1,0,1,
172800,0.000000,0.500000,25.000000,1,1,1,0,1,
172900,0.000000,0.500000,25.000000,1,1,1,0,1,
173000,0.000000,0.500000,25.000000,1,1,1,0,1,
173100,0.000000,0.500000,25.000000,1,1,1,0,1,
173200,0.000000,0.500000,25.000000,1,1,1,0,1,
173300,0.000000,0.500000,25.000000,1,1,1,0,1,
173400,0.000000,0.500000,25.000000,1,1,1,0,1,
173500,0.000000,0.500000,25.000000,1,1,1,0,1,
173600,0.000000,0.500000,25.000000,1,1,1,0,1,
173700,0.000000,0.500000,25.000000,1,1,1,0,1,
173800,0.000000,0.500000,25.000000,1,1,1,0,1,
173900,0.000000,0.500000,25.000000,1,1,1,0,1,
174000,0.000000,0.500000,25.000000,1,1,1,0,1,
174100,0.000000,0.500000,25.000000,1,1,1,0,1,
174200,0.000000,0.500000,25.000000,1,1,1,0,1,
174300,0.000000,0.500000,25.000000,1,1,1,0,1,
174400,0.000000,0.500000,25.000000,1,1,1,0,1,
174500,0.000000,0.500000,25.000000,1,1,1,0,1,
174600,0.000000,0.500000,25.000000,1,1,1,0,1,
174700,0.000000,0.500000,25.000000,1,1,1,0,1,
174800,0.000000,0.500000,25.000000,1,1,1,0,1,
174900,0.000000,0.500000,25.000000,1,1,1,0,1,
175000,0.000000,0.500000,25.000000,1,1,1,0,1,
175100,0.000000,0.500000,25.000000,1,1,1,0,1,
175200,0.000000,0.500000,25.000000,1,1,1,0,1,
175300,0.000000,0.500000,25.000000,1,1,1,0,1,
175400,0.000000,0.500000,25.000000,1,1,1,0,1,
175500,0.000000,0.500000,25.000000,1,1,1,0,1,
175600,0.000000,0.500000,25.000000,1,1,1,0,1,
175700,0.000000,0.500000,25.000000,1,1,1,0,1,
175800,0.000000,0.500000,25.000000,1,1,1,0,1,
175900,0.000000,0.500000,25.000000,1,1,1,0,1,
176000,0.000000,0.500000,25.000000,1,1,1,0,1,
176100,0.000000,0.500000,25.000000,1,1,1,0,1,
176200,0.000000,0.500000,25.000000,1,1,1,0,1,
176300,0.000000,0.500000,25.000000,1,1,1,0,1,
176400,0.000000,0.500000,25.000000,1,1,1,0,1,
176500,0.000000,0.500000,25.000000,1,1,1,0,1,
176600,0.000000,0.500000,25.000000,1,1,1,0,1,
176700,0.000000,0.500000,25.000000,1,1,1,0,1,
176800,0.000000,0.500000,25.000000,1,1,1,0,1,
176900,0.000000,0.500000,25.000000,1,1,1,0,1,
177000,0.000000,0.500000,25.000000,1,1,1,0,1,
177100,0.000000,0.500000,25.000000,1,1,1,0,1,
177200,0.000000,0.500000,25.000000,1,1,1,0,1,
177300,0.000000,0.500000,25.000000,1,1,1,0,1,
177400,0.000000,0.500000,25.000000,1,1,1,0,1,
177500,0.000000,0.500000,25.000000,1,1,1,0,1,
177600,0.000000,0.500000,25.000000,1,1,1,0,1,
177700,0.000000,0.500000,25.000000,1,1,1,0,1,
177800,0.000000,0.500000,25.000000,1,1,1,0,1,
177900,0.000000,0.500000,25.000000,1,1,1,0,1,
178000,0.000000,0.500000,25.000000,1,1,1,0,1,
178100,0.000000,0.500000,25.000000,1,1,1,0,1,
178200,0.000000,0.500000,25.000000,1,1,1,0,1,
178300,0.000000,0.500000,25.000000,1,1,1,0,1,
178400,0.000000,0.500000,25.000000,1,1,1,0,1,
178500,0.000000,0.500000,25.000000,1,1,1,0,1,
178600,0.000000,0.500000,25.000000,1,1,1,0,1,
178700,0.000000,0.500000,25.000000,1,1,1,0,1,
178800,0.000000,0.500000,25.000000,1,1,1,0,1,
178900,0.000000,0.500000,25.000000,1,1,1,0,1,
179000,0.000000,0.500000,25.000000,1,1,1,0,1,
179100,0.000000,0.500000,25.000000,1,1,1,0,1,
179200,0.000000,0.500000,25.000000,1,1,1,0,1,
179300,0.000000,0.500000,25.000000,1,1,1,0,1,
179400,0.000000,0.500000,25.000000,1,1,1,0,1,
179500,0.000000,0.500000,25.000000,1,1,1,0,1,
179600,0.000000,0.500000,25.000000,1,1,1,0,1,
179700,0.000000,0.500000,25.000000,1,1,1,0,1,
179800,0.000000,0.500000,25.000000,1,1,1,0,1,
179900,0.000000,0.500000,25.000000,1,1,1,0,1,
180000,0.000000,0.500000,25.000000,1,1,1,0,1,
180100,0.000000,0.500000,25.000000,1,1,1,0,1,
180200,0.000000,0.500000,25.000000,1,1,1,0,1,
180300,0.000000,0.500000,25.000000,1,1,1,0,1,
180400,0.000000,0.500000,25.000000,1,1,1,0,1,
180500,0.000000,0.500000,25.000000,1,1,1,0,1,
180600,0.000000,0.500000,25.000000,1,1,1,0,1,
180700,0.000000,0.500000,25.000000,1,1,1,0,1,
180800,0.000000,0.500000,25.000000,1,1,1,0,1,
180900,0.000000,0.500000,25.000000,1,1,1,0,1,
181000,0.000000,0.500000,25.000000,1,1,1,0,1,
181100,0.000000,0.500000,25.000000,1,1,1,0,1,
181200,0.000000,0.500000,25.000000,1,1,1,0,1,
181300,0.000000,0.500000,25.000000,1,1,1,0,1,
181400,0.000000,0.500000,25.000000,1,1,1,0,1,
181500,0.000000,0.500000,25.000000,1,1,1,0,1,
181600,0.000000,0.500000,25.000000,1,1,1,0,1,
181700,0.000000,0.500000,25.000000,1,1,1,0,1,
181800,0.000000,0.500000,25.000000,1,1,1,0,1,
181900,0.000000,0.500000,25.000000,1,1,1,0,1,
182000,0.000000,0.500000,25.000000,1,1,1,0,1,
182100,0.000000,0.500000,25.000000,1,1,1,0,1,
182200,0.000000,0.500000,25.000000,1,1,1,0,1,
182300,0.000000,0.500000,25.000000,1,1,1,0,1,
182400,0.000000,0.500000,25.000000,1,1,1,0,1,
182500,0.000000,0.500000,25.000000,1,1,1,0,1,
182600,0.000000,0.500000,25.000000,1,1,1,0,1,
182700,0.000000,0.500000,25.000000,1,1,1,0,1,
182800,0.000000,0.500000,25.000000,1,1,1,0,1,
182900,0.000000,0.500000,25.000000,1,1,1,0,1,
183000,0.000000,0.500000,25.000000,1,1,1,0,1,
183100,0.000000,0.500000,25.000000,1,1,1,0,1,
183200,0.000000,0.500000,25.000000,1,1,1,0,1,
183300,0.000000,0.500000,25.000000,1,1,1,0,1,
183400,0.000000,0.500000,25.000000,1,1,1,0,1,
183500,0.000000,0.500000,25.000000,1,1,1,0,1,
183600,0.000000,0.500000,25.000000,1,1,1,0,1,
183700,0.000000,0.500000,25.000000,1,1,1,0,1,
183800,0.000000,0.500000,25.000000,1,1,1,0,1,
183900,0.000000,0.500000,25.000000,1,1,1,0,1,
184000,0.000000,0.500000,25.000000,1,1,1,0,1,
184100,0.000000,0.500000,25.000000,1,1,1,0,1,
184200,0.000000,0.500000,25.000000,1,1,1,0,1,
184300,0.000000,0.500000,25.000000,1,1,1,0,1,
184400,0.000000,0.500000,25.000000,1,1,1,0,1,
184500,0.000000,0.500000,25.000000,1,1,1,0,1,
184600,0.000000,0.500000,25.000000,1,1,1,0,1,
184700,0.000000,0.500000,25.000000,1,1,1,0,1,
184800,0.000000,0.500000,25.000000,1,1,1,0,1,
184900,0.000000,0.500000,25.000000,1,1,1,0,1,
185000,0.000000,0.500000,25.000000,1,1,1,0,1,
185100,0.000000,0.500000,25.000000,1,1,1,0,1,
185200,0.000000,0.500000,25.000000,1,1,1,0,1,
185300,0.000000,0.500000,25.000000,1,1,1,0,1,
185400,0.000000,0.500000,25.000000,1,1,1,0,1,
185500,0.000000,0.500000,25.000000,1,1,1,0,1,
185600,0.000000,0.500000,25.000000,1,1,1,0,1,
185700,0.000000,0.500000,25.000000,1,1,1,0,1,
185800,0.000000,0.500000,25.000000,1,1,1,0,1,
185900,0.000000,0.500000,25.000000,1,1,1,0,1,
186000,0.000000,0.500000,25.000000,1,1,1,0,1,
186100,0.000000,0.500000,25.000000,1,1,1,0,1,
186200,0.000000,0.500000,25.000000,1,1,1,0,1,
186300,0.000000,0.500000,25.000000,1,1,1,0,1,
186400,0.000000,0.500000,25.000000,1,1,1,0,1,
186500,0.000000,0.500000,25.000000,1,1,1,0,1,
186600,0.000000,0.500000,25.000000,1,1,1,0,1,
186700,0.000000,0.500000,25.000000,1,1,1,0,1,
186800,0.000000,0.500000,25.000000,1,1,1,0,1,
186900,0.000000,0.500000,25.000000,1,1,1,0,1,
187000,0.000000,0.500000,25.000000,1,1,1,0,1,
187100,0.000000,0.500000,25.000000,1,1,1,0,1,
187200,0.000000,0.500000,25.000000,1,1,1,0,1,
187300,0.000000,0.500000,25.000000,1,1,1,0,1,
187400,0.000000,0.500000,25.000000,1,1,1,0,1,
187500,0.000000,0.500000,25.000000,1,1,1,0,1,
187600,0.000000,0.500000,25.000000,1,1,1,0,1,
187700,0.000000,0.500000,25.000000,1,1,1,0,1,
187800,0.000000,0.500000,25.000000,1,1,1,0,1,
187900,0.000000,0.500000,25.000000,1,1,1,0,1,
188000,0.000000,0.500000,25.000000,1,1,1,0,1,
188100,0.000000,0.500000,25.000000,1,1,1,0,1,
188200,0.000000,0.500000,25.000000,1,1,1,0,1,
188300,0.000000,0.500000,25.000000,1,1,1,0,1,
188400,0.000000,0.500000,25.000000,1,1,1,0,1,
188500,0.000000,0.500000,25.000000,1,1,1,0,1,
188600,0.000000,0.500000,25.000000,1,1,1,0,1,
188700,0.000000,0.500000,25.000000,1,1,1,0,1,
188800,0.000000,0.500000,25.000000,1,1,1,0,1,
188900,0.000000,0.500000,25.000000,1,1,1,0,1,
189000,0.000000,0.500000,25.000000,1,1,1,0,1,
189100,0.000000,0.500000,25.000000,1,1,1,0,1,
189200,0.000000,0.500000,25.000000,1,1,1,0,1,
189300,0.000000,0.500000,25.000000,1,1,1,0,1,
189400,0.000000,0.500000,25.000000,1,1,1,0,1,
189500,0.000000,0.500000,25.000000,1,1,1,0,1,
189600,0.000000,0.500000,25.000000,1,1,1,0,1,
189700,0.000000,0.500000,25.000000,1,1,1,0,1,
189800,0.000000,0.500000,25.000000,1,1,1,0,1,
189900,0.000000,0.500000,25.000000,1,1,1,0,1,
190000,0.000000,0.500000,25.000000,1,1,1,0,1,
190100,0.000000,0.500000,25.000000,1,1,1,0,1,
190200,0.000000,0.500000,25.000000,1,1,1,0,1,
190300,0.000000,0.500000,25.000000,1,1,1,0,1,
190400,0.000000,0.500000,25.000000,1,1,1,0,1,
190500,0.000000,0.500000,25.000000,1,1,1,0,1,
190600,0.000000,0.500000,25.000000,1,1,1,0,1,
190700,0.000000,0.500000,25.000000,1,1,1,0,1,
190800,0.000000,0.500000,25.000000,1,1,1,0,1,
190900,0.000000,0.500000,25.000000,1,1,1,0,1,
191000,0.000000,0.500000,25.000000,1,1,1,0,1,
191100,0.000000,0.500000,25.000000,1,1,1,0,1,
191200,0.000000,0.500000,25.000000,1,1,1,0,1,
191300,0.000000,0.500000,25.000000,1,1,1,0,1,
191400,0.000000,0.500000,25.000000,1,1,1,0,1,
191500,0.000000,0.500000,25.000000,1,1,1,0,1,
191600,0.000000,0.500000,25.000000,1,1,1,0,1,
191700,0.000000,0.500000,25.000000,1,1,1,0,1,
191800,0.000000,0.500000,25.000000,1,1,1,0,1,
191900,0.000000,0.500000,25.000000,1,1,1,0,1,
192000,0.000000,0.500000,25.000000,1,1,1,0,1,
192100,0.000000,0.500000,25.000000,1,1,1,0,1,
192200,0.000000,0.500000,25.000000,1,1,1,0,1,
192300,0.000000,0.500000,25.000000,1,1,1,0,1,
192400,0.000000,0.500000,25.000000,1,1,1,0,1,
192500,0.000000,0.500000,25.000000,1,1,1,0,1,
192600,0.000000,0.500000,25.000000,1,1,1,0,1,
192700,0.000000,0.500000,25.000000,1,1,1,0,1,
192800,0.000000,0.500000,25.000000,1,1,1,0,1,
192900,0.000000,0.500000,25.000000,1,1,1,0,1,
193000,0.000000,0.500000,25.000000,1,1,1,0,1,
193100,0.000000,0.500000,25.000000,1,1,1,0,1,
193200,0.000000,0.500000,25.000000,1,1,1,0,1,
193300,0.000000,0.500000,25.000000,1,1,1,0,1,
193400,0.000000,0.500000,25.000000,1,1,1,0,1,
193500,0.000000,0.500000,25.000000,1,1,1,0,1,
193600,0.000000,0.500000,25.000000,1,1,1,0,1,
193700,0.000000,0.500000,25.000000,1,1,1,0,1,
193800,0.000000,0.500000,25.000000,1,1,1,0,1,
193900,0.000000,0.500000,25.000000,1,1,1,0,1,
194000,0.000000,0.500000,25.000000,1,1,1,0,1,
194100,0.000000,0.500000,25.000000,1,1,1,0,1,
194200,0.000000,0.500000,25.000000,1,1,1,0,1,
194300,0.000000,0.500000,25.000000,1,1,1,0,1,
194400,0.000000,0.500000,25.000000,1,1,1,0,1,
194500,0.000000,0.500000,25.000000,1,1,1,0,1,
194600,0.000000,0.500000,25.000000,1,1,1,0,1,
194700,0.000000,0.500000,25.000000,1,1,1,0,1,
194800,0.000000,0.500000,25.000000,1,1,1,0,1,
194900,0.000000,0.500000,25.000000,1,1,1,0,1,
195000,0.000000,0.500000,25.000000,1,1,1,0,1,
195100,0.000000,0.500000,25.000000,1,1,1,0,1,
195200,0.000000,0.500000,25.000000,1,1,1,0,1,
195300,0.000000,0.500000,25.000000,1,1,1,0,1,
195400,0.000000,0.500000,25.000000,1,1,1,0,1,
195500,0.000000,0.500000,25.000000,1,1,1,0,1,
195600,0.000000,0.500000,25.000000,1,1,1,0,1,
195700,0.000000,0.500000,25.000000,1,1,1,0,1,
195800,0.000000,0.500000,25.000000,1,1,1,0,1,
195900,0.000000,0.500000,25.000000,1,1,1,0,1,
196000,0.000000,0.500000,25.000000,1,1,1,0,1,
196100,0.000000,0.500000,25.000000,1,1,1,0,1,
196200,0.000000,0.500000,25.000000,1,1,1,0,1,
196300,0.000000,0.500000,25.000000,1,1,1,0,1,
196400,0.000000,0.500000,25.000000,1,1,1,0,1,
196500,0.000000,0.500000,25.000000,1,1,1,0,1,
196600,0.000000,0.500000,25.000000,1,1,1,0,1,
196700,0.000000,0.500000,25.000000,1,1,1,0,1,
196800,0.000000,0.500000,25.000000,1,1,1,0,1,
196900,0.000000,0.500000,25.000000,1,1,1,0,1,
197000,0.000000,0.500000,25.000000,1,1,1,0,1,
197100,0.000000,0.500000,25.000000,1,1,1,0,1,
197200,0.000000,0.500000,25.000000,1,1,1,0,1,
197300,0.000000,0.500000,25.000000,1,1,1,0,1,
197400,0.000000,0.500000,25.000000,1,1,1,0,1,
197500,0.000000,0.500000,25.000000,1,1,1,0,1,
197600,0.000000,0.500000,25.000000,1,1,1,0,1,
197700,0.000000,0.500000,25.000000,1,1,1,0,1,
197800,0.000000,0.500000,25.000000,1,1,1,0,1,
197900,0.000000,0.500000,25.000000,1,1,1,0,1,
198000,0.000000,0.500000,25.000000,1,1,1,0,1,
198100,0.000000,0.500000,25.000000,1,1,1,0,1,
198200,0.000000,0.500000,25.000000,1,1,1,0,1,
198300,0.000000,0.500000,25.000000,1,1,1,0,1,
198400,0.000000,0.500000,25.000000,1,1,1,0,1,
198500,0.000000,0.500000,25.000000,1,1,1,0,1,
198600,0.000000,0.500000,25.000000,1,1,1,0,1,
198700,0.000000,0.500000,25.000000,1,1,1,0,1,
198800,0.000000,0.500000,25.000000,1,1,1,0,1,
198900,0.000000,0.500000,25.000000,1,1,1,0,1,
199000,0.000000,0.500000,25.000000,1,1,1,0,1,
199100,0.000000,0.500000,25.000000,1,1,1,0,1,
199200,0.000000,0.500000,25.000000,1,1,1,0,1,
199300,0.000000,0.500000,25.000000,1,1,1,0,1,
199400,0.000000,0.500000,25.000000,1,1,1,0,1,
199500,0.000000,0.500000,25.000000,1,1,1,0,1,
199600,0.000000,0.500000,25.000000,1,1,1,0,1,
199700,0.000000,0.500000,25.000000,1,1,1,0,1,
199800,0.000000,0.500000,25.000000,1,1,1,0,1,
199900,0.000000,0.500000,25.000000,1,1,1,0,1,
200000,0.000000,0.500000,25.000000,1,1,1,0,1,
200100,0.000000,0.500000,25.000000,1,1,1,0,1,
200200,0.000000,0.500000,25.000000,1,1,1,0,1,
200300,0.000000,0.500000,25.000000,1,1,1,0,1,
200400,0.000000,0.500000,25.000000,1,1,1,0,1,
200500,0.000000,0.500000,25.000000,1,1,1,0,1,
200600,0.000000,0.500000,25.000000,1,1,1,0,1,
200700,0.000000,0.500000,25.000000,1,1,1,0,1,
200800,0.000000,0.500000,25.000000,1,1,1,0,1,
200900,0.000000,0.500000,25.000000,1,1,1,0,1,
201000,0.000000,0.500000,25.000000,1,1,1,0,1,
201100,0.000000,0.500000,25.000000,1,1,1,0,1,
201200,0.000000,0.500000,25.000000,1,1,1,0,1,
201300,0.000000,0.500000,25.000000,1,1,1,0,1,
201400,0.000000,0.500000,25.000000,1,1,1,0,1,
201500,0.000000,0.500000,25.000000,1,1,1,0,1,
201600,0.000000,0.500000,25.000000,1,1,1,0,1,
201700,0.000000,0.500000,25.000000,1,1,1,0,1,
201800,0.000000,0.500000,25.000000,1,1,1,0,1,
201900,0.000000,0.500000,25.000000,1,1,1,0,1,
202000,0.000000,0.500000,25.000000,1,1,1,0,1,
202100,0.000000,0.500000,25.000000,1,1,1,0,1,
202200,0.000000,0.500000,25.000000,1,1,1,0,1,
202300,0.000000,0.500000,25.000000,1,1,1,0,1,
202400,0.000000,0.500000,25.000000,1,1,1,0,1,
202500,0.000000,0.500000,25.000000,1,1,1,0,1,
202600,0.000000,0.500000,25.000000,1,1,1,0,1,
202700,0.000000,0.500000,25.000000,1,1,1,0,1,
202800,0.000000,0.500000,25.000000,1,1,1,0,1,
202900,0.000000,0.500000,25.000000,1,1,1,0,1,
203000,0.000000,0.500000,25.000000,1,1,1,0,1,
203100,0.000000,0.500000,25.000000,1,1,1,0,1,
203200,0.000000,0.500000,25.000000,1,1,1,0,1,
203300,0.000000,0.500000,25.000000,1,1,1,0,1,
203400,0.000000,0.500000,25.000000,1,1,1,0,1,
203500,0.000000,0.500000,25.000000,1,1,1,0,1,
203600,0.000000,0.500000,25.000000,1,1,1,0,1,
203700,0.000000,0.500000,25.000000,1,1,1,0,1,
203800,0.000000,0.500000,25.000000,1,1,1,0,1,
203900,0.000000,0.500000,25.000000,1,1,1,0,1,
204000,0.000000,0.500000,25.000000,1,1,1,0,1,
204100,0.000000,0.500000,25.000000,1,1,1,0,1,
204200,0.000000,0.500000,25.000000,1,1,1,0,1,
204300,0.000000,0.500000,25.000000,1,1,1,0,1,
204400,0.000000,0.500000,25.000000,1,1,1,0,1,
204500,0.000000,0.500000,25.000000,1,1,1,0,1,
204600,0.000000,0.500000,25.000000,1,1,1,0,1,
204700,0.000000,0.500000,25.000000,1,1,1,0,1,
204800,0.000000,0.500000,25.000000,1,1,1,0,1,
204900,0.000000,0.500000,25.000000,1,1,1,0,1,
205000,0.000000,0.500000,25.000000,1,1,1,0,1,
205100,0.000000,0.500000,25.000000,1,1,1,0,1,
205200,0.000000,0.500000,25.000000,1,1,1,0,1,
205300,0.000000,0.500000,25.000000,1,1,1,0,1,
205400,0.000000,0.500000,25.000000,1,1,1,0,1,
205500,0.000000,0.500000,25.000000,1,1,1,0,1,
205600,0.000000,0.500000,25.000000,1,1,1,0,1,
205700,0.000000,0.500000,25.000000,1,1,1,0,1,
205800,0.000000,0.500000,25.000000,1,1,1,0,1,
205900,0.000000,0.500000,25.000000,1,1,1,0,1,
206000,0.000000,0.500000,25.000000,1,1,1,0,1,
206100,0.000000,0.500000,25.000000,1,1,1,0,1,
206200,0.000000,0.500000,25.000000,1,1,1,0,1,
206300,0.000000,0.500000,25.000000,1,1,1,0,1,
206400,0.000000,0.500000,25.000000,1,1,1,0,1,
206500,0.000000,0.500000,25.000000,1,1,1,0,1,
206600,0.000000,0.500000,25.000000,1,1,1,0,1,
206700,0.000000,0.500000,25.000000,1,1,1,0,1,
206800,0.000000,0.500000,25.000000,1,1,1,0,1,
206900,0.000000,0.500000,25.000000,1,1,1,0,1,
207000,0.000000,0.500000,25.000000,1,1,1,0,1,
207100,0.000000,0.500000,25.000000,1,1,1,0,1,
207200,0.000000,0.500000,25.000000,1,1,1,0,1,
207300,0.000000,0.500000,25.000000,1,1,1,0,1,
207400,0.000000,0.500000,25.000000,1,1,1,0,1,
207500,0.000000,0.500000,25.000000,1,1,1,0,1,
207600,0.000000,0.500000,25.000000,1,1,1,0,1,
207700,0.000000,0.500000,25.000000,1,1,1,0,1,
207800,0.000000,0.500000,25.000000,1,1,1,0,1,
207900,0.000000,0.500000,25.000000,1,1,1,0,1,
208000,0.000000,0.500000,25.000000,1,1,1,0,1,
208100,0.000000,0.500000,25.000000,1,1,1,0,1,
208200,0.000000,0.500000,25.000000,1,1,1,0,1,
208300,0.000000,0.500000,25.000000,1,1,1,0,1,
208400,0.000000,0.500000,25.000000,1,1,1,0,1,
208500,0.000000,0.500000,25.000000,1,1,1,0,1,
208600,0.000000,0.500000,25.000000,1,1,1,0,1,
208700,0.000000,0.500000,25.000000,1,1,1,0,1,
208800,0.000000,0.500000,25.000000,1,1,1,0,1,
208900,0.000000,0.500000,25.000000,1,1,1,0,1,
209000,0.000000,0.500000,25.000000,1,1,1,0,1,
209100,0.000000,0.500000,25.000000,1,1,1,0,1,
209200,0.000000,0.500000,25.000000,1,1,1,0,1,
209300,0.000000,0.500000,25.000000,1,1,1,0,1,
209400,0.000000,0.500000,25.000000,1,1,1,0,1,
209500,0.000000,0.500000,25.000000,1,1,1,0,1,
209600,0.000000,0.500000,25.000000,1,1,1,0,1,
209700,0.000000,0.500000,25.000000,1,1,1,0,1,
209800,0.000000,0.500000,25.000000,1,1,1,0,1,
209900,0.000000,0.500000,25.000000,1,1,1,0,1,
210000,0.000000,0.500000,25.000000,1,1,1,0,1,
210100,0.000000,0.500000,25.000000,1,1,1,0,1,
210200,0.000000,0.500000,25.000000,1,1,1,0,1,
210300,0.000000,0.500000,25.000000,1,1,1,0,1,
210400,0.000000,0.500000,25.000000,1,1,1,0,1,
210500,0.000000,0.500000,25.000000,1,1,1,0,1,
210600,0.000000,0.500000,25.000000,1,1,1,0,1,
210700,0.000000,0.500000,25.000000,1,1,1,0,1,
210800,0.000000,0.500000,25.000000,1,1,1,0,1,
210900,0.000000,0.500000,25.000000,1,1,1,0,1,
211000,0.000000,0.500000,25.000000,1,1,1,0,1,
211100,0.000000,0.500000,25.000000,1,1,1,0,1,
211200,0.000000,0.500000,25.000000,1,1,1,0,1,
211300,0.000000,0.500000,25.000000,1,1,1,0,1,
211400,0.000000,0.500000,25.000000,1,1,1,0,1,
211500,0.000000,0.500000,25.000000,1,1,1,0,1,
211600,0.000000,0.500000,25.000000,1,1,1,0,1,
211700,0.000000,0.500000,25.000000,1,1,1,0,1,
211800,0.000000,0.500000,25.000000,1,1,1,0,1,
211900,0.000000,0.500000,25.000000,1,1,1,0,1,
212000,0.000000,0.500000,25.000000,1,1,1,0,1,
212100,0.000000,0.500000,25.000000,1,1,1,0,1,
212200,0.000000,0.500000,25.000000,1,1,1,0,1,
212300,0.000000,0.500000,25.000000,1,1,1,0,1,
212400,0.000000,0.500000,25.000000,1,1,1,0,1,
212500,0.000000,0.500000,25.000000,1,1,1,0,1,
212600,0.000000,0.500000,25.000000,1,1,1,0,1,
212700,0.000000,0.500000,25.000000,1,1,1,0,1,
212800,0.000000,0.500000,25.000000,1,1,1,0,1,
212900,0.000000,0.500000,25.000000,1,1,1,0,1,
213000,0.000000,0.500000,25.000000,1,1,1,0,1,
213100,0.000000,0.500000,25.000000,1,1,1,0,1,
213200,0.000000,0.500000,25.000000,1,1,1,0,1,
213300,0.000000,0.500000,25.000000,1,1,1,0,1,
213400,0.000000,0.500000,25.000000,1,1,1,0,1,
213500,0.000000,0.500000,25.000000,1,1,1,0,1,
213600,0.000000,0.500000,25.000000,1,1,1,0,1,
213700,0.000000,0.500000,25.000000,1,1,1,0,1,
213800,0.000000,0.500000,25.000000,1,1,1,0,1,
213900,0.000000,0.500000,25.000000,1,1,1,0,1,
214000,0.000000,0.500000,25.000000,1,1,1,0,1,
214100,0.000000,0.500000,25.000000,1,1,1,0,1,
214200,0.000000,0.500000,25.000000,1,1,1,0,1,
214300,0.000000,0.500000,25.000000,1,1,1,0,1,
214400,0.000000,0.500000,25.000000,1,1,1,0,1,
214500,0.000000,0.500000,25.000000,1,1,1,0,1,
214600,0.000000,0.500000,25.000000,1,1,1,0,1,
214700,0.000000,0.500000,25.000000,1,1,1,0,1,
214800,0.000000,0.500000,25.000000,1,1,1,0,1,
214900,0.000000,0.500000,25.000000,1,1,1,0,1,
215000,0.000000,0.500000,25.000000,1,1,1,0,1,
215100,0.000000,0.500000,25.000000,1,1,1,0,1,
215200,0.000000,0.500000,25.000000,1,1,1,0,1,
215300,0.000000,0.500000,25.000000,1,1,1,0,1,
215400,0.000000,0.500000,25.000000,1,1,1,0,1,
215500,0.000000,0.500000,25.000000,1,1,1,0,1,
215600,0.000000,0.500000,25.000000,1,1,1,0,1,
215700,0.000000,0.500000,25.000000,1,1,1,0,1,
215800,0.000000,0.500000,25.000000,1,1,1,0,1,
215900,0.000000,0.500000,25.000000,1,1,1,0,1,
216000,0.000000,0.500000,25.000000,1,1,1,0,1,
216100,0.000000,0.500000,25.000000,1,1,1,0,1,
216200,0.000000,0.500000,25.000000,1,1,1,0,1,
216300,0.000000,0.500000,25.000000,1,1,1,0,1,
216400,0.000000,0.500000,25.000000,1,1,1,0,1,
216500,0.000000,0.500000,25.000000,1,1,1,0,1,
216600,0.000000,0.500000,25.000000,1,1,1,0,1,
216700,0.000000,0.500000,25.000000,1,1,1,0,1,
216800,0.000000,0.500000,25.000000,1,1,1,0,1,
216900,0.000000,0.500000,25.000000,1,1,1,0,1,
217000,0.000000,0.500000,25.000000,1,1,1,0,1,
217100,0.000000,0.500000,25.000000,1,1,1,0,1,
217200,0.000000,0.500000,25.000000,1,1,1,0,1,
217300,0.000000,0.500000,25.000000,1,1,1,0,1,
217400,0.000000,0.500000,25.000000,1,1,1,0,1,
217500,0.000000,0.500000,25.000000,1,1,1,0,1,
217600,0.000000,0.500000,25.000000,1,1,1,0,1,
217700,0.000000,0.500000,25.000000,1,1,1,0,1,
217800,0.000000,0.500000,25.000000,1,1,1,0,1,
217900,0.000000,0.500000,25.000000,1,1,1,0,1,
218000,0.000000,0.500000,25.000000,1,1,1,0,1,
218100,0.000000,0.500000,25.000000,1,1,1,0,1,
218200,0.000000,0.500000,25.000000,1,1,1,0,1,
218300,0.000000,0.500000,25.000000,1,1,1,0,1,
218400,0.000000,0.500000,25.000000,1,1,1,0,1,
218500,0.000000,0.500000,25.000000,1,1,1,0,1,
218600,0.000000,0.500000,25.000000,1,1,1,0,1,
218700,0.000000,0.500000,25.000000,1,1,1,0,1,
218800,0.000000,0.500000,25.000000,1,1,1,0,1,
218900,0.000000,0.500000,25.000000,1,1,1,0,1,
219000,0.000000,0.500000,25.000000,1,1,1,0,1,
219100,0.000000,0.500000,25.000000,1,1,1,0,1,
219200,0.000000,0.500000,25.000000,1,1,1,0,1,
219300,0.000000,0.500000,25.000000,1,1,1,0,1,
219400,0.000000,0.500000,25.000000,1,1,1,0,1,
219500,0.000000,0.500000,25.000000,1,1,1,0,1,
219600,0.000000,0.500000,25.000000,1,1,1,0,1,
219700,0.000000,0.500000,25.000000,1,1,1,0,1,
219800,0.000000,0.500000,25.000000,1,1,1,0,1,
219900,0.000000,0.500000,25.000000,1,1,1,0,1,
220000,0.000000,0.500000,25.000000,1,1,1,0,1,
220100,0.000000,0.500000,25.000000,1,1,1,0,1,
220200,0.000000,0.500000,25.000000,1,1,1,0,1,
220300,0.000000,0.500000,25.000000,1,1,1,0,1,
220400,0.000000,0.500000,25.000000,1,1,1,0,1,
220500,0.000000,0.500000,25.000000,1,1,1,0,1,
220600,0.000000,0.500000,25.000000,1,1,1,0,1,
220700,0.000000,0.500000,25.000000,1,1,1,0,1,
220800,0.000000,0.500000,25.000000,1,1,1,0,1,
220900,0.000000,0.500000,25.000000,1,1,1,0,1,
221000,0.000000,0.500000,25.000000,1,1,1,0,1,
221100,0.000000,0.500000,25.000000,1,1,1,0,1,
221200,0.000000,0.500000,25.000000,1,1,1,0,1,
221300,0.000000,0.500000,25.000000,1,1,1,0,1,
221400,0.000000,0.500000,25.000000,1,1,1,0,1,
221500,0.000000,0.500000,25.000000,1,1,1,0,1,
221600,0.000000,0.500000,25.000000,1,1,1,0,1,
221700,0.000000,0.500000,25.000000,1,1,1,0,1,
221800,0.000000,0.500000,25.000000,1,1,1,0,1,
221900,0.000000,0.500000,25.000000,1,1,1,0,1,
222000,0.000000,0.500000,25.000000,1,1,1,0,1,
222100,0.000000,0.500000,25.000000,1,1,1,0,1,
222200,0.000000,0.500000,25.000000,1,1,1,0,1,
222300,0.000000,0.500000,25.000000,1,1,1,0,1,
222400,0.000000,0.500000,25.000000,1,1,1,0,1,
222500,0.000000,0.500000,25.000000,1,1,1,0,1,
222600,0.000000,0.500000,25.000000,1,1,1,0,1,
222700,0.000000,0.500000,25.000000,1,1,1,0,1,
222800,0.000000,0.500000,25.000000,1,1,1,0,1,
222900,0.000000,0.500000,25.000000,1,1,1,0,1,
223000,0.000000,0.500000,25.000000,1,1,1,0,1,
223100,0.000000,0.500000,25.000000,1,1,1,0,1,
223200,0.000000,0.500000,25.000000,1,1,1,0,1,
223300,0.000000,0.500000,25.000000,1,1,1,0,1,
223400,0.000000,0.500000,25.000000,1,1,1,0,1,
223500,0.000000,0.500000,25.000000,1,1,1,0,1,
223600,0.000000,0.500000,25.000000,1,1,1,0,1,
223700,0.000000,0.500000,25.000000,1,1,1,0,1,
223800,0.000000,0.500000,25.000000,1,1,1,0,1,
223900,0.000000,0.500000,25.000000,1,1,1,0,1,
224000,0.000000,0.500000,25.000000,1,1,1,0,1,
224100,0.000000,0.500000,25.000000,1,1,1,0,1,
224200,0.000000,0.500000,25.000000,1,1,1,0,1,
224300,0.000000,0.500000,25.000000,1,1,1,0,1,
224400,0.000000,0.500000,25.000000,1,1,1,0,1,
224500,0.000000,0.500000,25.000000,1,1,1,0,1,
224600,0.000000,0.500000,25.000000,1,1,1,0,1,
224700,0.000000,0.500000,25.000000,1,1,1,0,1,
224800,0.000000,0.500000,25.000000,1,1,1,0,1,
224900,0.000000,0.500000,25.000000,1,1,1,0,1,
225000,0.000000,0.500000,25.000000,1,1,1,0,1,
225100,0.000000,0.500000,25.000000,1,1,1,0,1,
225200,0.000000,0.500000,25.000000,1,1,1,0,1,
225300,0.000000,0.500000,25.000000,1,1,1,0,1,
225400,0.000000,0.500000,25.000000,1,1,1,0,1,
225500,0.000000,0.500000,25.000000,1,1,1,0,1,
225600,0.000000,0.500000,25.000000,1,1,1,0,1,
225700,0.000000,0.500000,25.000000,1,1,1,0,1,
225800,0.000000,0.500000,25.000000,1,1,1,0,1,
225900,0.000000,0.500000,25.000000,1,1,1,0,1,
226000,0.000000,0.500000,25.000000,1,1,1,0,1,
226100,0.000000,0.500000,25.000000,1,1,1,0,1,
226200,0.000000,0.500000,25.000000,1,1,1,0,1,
226300,0.000000,0.500000,25.000000,1,1,1,0,1,
226400,0.000000,0.500000,25.000000,1,1,1,0,1,
226500,0.000000,0.500000,25.000000,1,1,1,0,1,
226600,0.000000,0.500000,25.000000,1,1,1,0,1,
226700,0.000000,0.500000,25.000000,1,1,1,0,1,
226800,0.000000,0.500000,25.000000,1,1,1,0,1,
226900,0.000000,0.500000,25.000000,1,1,1,0,1,
227000,0.000000,0.500000,25.000000,1,1,1,0,1,
227100,0.000000,0.500000,25.000000,1,1,1,0,1,
227200,0.000000,0.500000,25.000000,1,1,1,0,1,
227300,0.000000,0.500000,25.000000,1,1,1,0,1,
227400,0.000000,0.500000,25.000000,1,1,1,0,1,
227500,0.000000,0.500000,25.000000,1,1,1,0,1,
227600,0.000000,0.500000,25.000000,1,1,1,0,1,
227700,0.000000,0.500000,25.000000,1,1,1,0,1,
227800,0.000000,0.500000,25.000000,1,1,1,0,1,
227900,0.000000,0.500000,25.000000,1,1,1,0,1,
228000,0.000000,0.500000,25.000000,1,1,1,0,1,
228100,0.000000,0.500000,25.000000,1,1,1,0,1,
228200,0.000000,0.500000,25.000000,1,1,1,0,1,
228300,0.000000,0.500000,25.000000,1,1,1,0,1,
228400,0.000000,0.500000,25.000000,1,1,1,0,1,
228500,0.000000,0.500000,25.000000,1,1,1,0,1,
228600,0.000000,0.500000,25.000000,1,1,1,0,1,
228700,0.000000,0.500000,25.000000,1,1,1,0,1,
228800,0.000000,0.500000,25.000000,1,1,1,0,1,
228900,0.000000,0.500000,25.000000,1,1,1,0,1,
229000,0.000000,0.500000,25.000000,1,1,1,0,1,
229100,0.000000,0.500000,25.000000,1,1,1,0,1,
229200,0.000000,0.500000,25.000000,1,1,1,0,1,
229300,0.000000,0.500000,25.000000,1,1,1,0,1,
229400,0.000000,0.500000,25.000000,1,1,1,0,1,
229500,0.000000,0.500000,25.000000,1,1,1,0,1,
229600,0.000000,0.500000,25.000000,1,1,1,0,1,
229700,0.000000,0.500000,25.000000,1,1,1,0,1,
229800,0.000000,0.500000,25.000000,1,1,1,0,1,
229900,0.000000,0.500000,25.000000,1,1,1,0,1,
230000,0.000000,0.500000,25.000000,1,1,1,0,1,
230100,0.000000,0.500000,25.000000,1,1,1,0,1,
230200,0.000000,0.500000,25.000000,1,1,1,0,1,
230300,0.000000,0.500000,25.000000,1,1,1,0,1,
230400,0.000000,0.500000,25.000000,1,1,1,0,1,
230500,0.000000,0.500000,25.000000,1,1,1,0,1,
230600,0.000000,0.500000,25.000000,1,1,1,0,1,
230700,0.000000,0.500000,25.000000,1,1,1,0,1,
230800,0.000000,0.500000,25.000000,1,1,1,0,1,
230900,0.000000,0.500000,25.000000,1,1,1,0,1,
231000,0.000000,0.500000,25.000000,1,1,1,0,1,
231100,0.000000,0.500000,25.000000,1,1,1,0,1,
231200,0.000000,0.500000,25.000000,1,1,1,0,1,
231300,0.000000,0.500000,25.000000,1,1,1,0,1,
231400,0.000000,0.500000,25.000000,1,1,1,0,1,
231500,0.000000,0.500000,25.000000,1,1,1,0,1,
231600,0.000000,0.500000,25.000000,1,1,1,0,1,
231700,0.000000,0.500000,25.000000,1,1,1,0,1,
231800,0.000000,0.500000,25.000000,1,1,1,0,1,
231900,0.000000,0.500000,25.000000,1,1,1,0,1,
232000,0.000000,0.500000,25.000000,1,1,1,0,1,
232100,0.000000,0.500000,25.000000,1,1,1,0,1,
232200,0.000000,0.500000,25.000000,1,1,1,0,1,
232300,0.000000,0.500000,25.000000,1,1,1,0,1,
232400,0.000000,0.500000,25.000000,1,1,1,0,1,
232500,0.000000,0.500000,25.000000,1,1,1,0,1,
232600,0.000000,0.500000,25.000000,1,1,1,0,1,
232700,0.000000,0.500000,25.000000,1,1,1,0,1,
232800,0.000000,0.500000,25.000000,1,1,1,0,1,
232900,0.000000,0.500000,25.000000,1,1,1,0,1,
233000,0.000000,0.500000,25.000000,1,1,1,0,1,
233100,0.000000,0.500000,25.000000,1,1,1,0,1,
233200,0.000000,0.500000,25.000000,1,1,1,0,1,
233300,0.000000,0.500000,25.000000,1,1,1,0,1,
233400,0.000000,0.500000,25.000000,1,1,1,0,1,
233500,0.000000,0.500000,25.000000,1,1,1,0,1,
233600,0.000000,0.500000,25.000000,1,1,1,0,1,
233700,0.000000,0.500000,25.000000,1,1,1,0,1,
233800,0.000000,0.500000,25.000000,1,1,1,0,1,
233900,0.000000,0.500000,25.000000,1,1,1,0,1,
234000,0.000000,0.500000,25.000000,1,1,1,0,1,
234100,0.000000,0.500000,25.000000,1,1,1,0,1,
234200,0.000000,0.500000,25.000000,1,1,1,0,1,
234300,0.000000,0.500000,25.000000,1,1,1,0,1,
234400,0.000000,0.500000,25.000000,1,1,1,0,1,
234500,0.000000,0.500000,25.000000,1,1,1,0,1,
234600,0.000000,0.500000,25.000000,1,1,1,0,1,
234700,0.000000,0.500000,25.000000,1,1,1,0,1,
234800,0.000000,0.500000,25.000000,1,1,1,0,1,
234900,0.000000,0.500000,25.000000,1,1,1,0,1,
235000,0.000000,0.500000,25.000000,1,1,1,0,1,
235100,0.000000,0.500000,25.000000,1,1,1,0,1,
235200,0.000000,0.500000,25.000000,1,1,1,0,1,
235300,0.000000,0.500000,25.000000,1,1,1,0,1,
235400,0.000000,0.500000,25.000000,1,1,1,0,1,
235500,0.000000,0.500000,25.000000,1,1,1,0,1,
235600,0.000000,0.500000,25.000000,1,1,1,0,1,
235700,0.000000,0.500000,25.000000,1,1,1,0,1,
235800,0.000000,0.500000,25.000000,1,1,1,0,1,
235900,0.000000,0.500000,25.000000,1,1,1,0,1,
236000,0.000000,0.500000,25.000000,1,1,1,0,1,
236100,0.000000,0.500000,25.000000,1,1,1,0,1,
236200,0.000000,0.500000,25.000000,1,1,1,0,1,
236300,0.000000,0.500000,25.000000,1,1,1,0,1,
236400,0.000000,0.500000,25.000000,1,1,1,0,1,
236500,0.000000,0.500000,25.000000,1,1,1,0,1,
236600,0.000000,0.500000,25.000000,1,1,1,0,1,
236700,0.000000,0.500000,25.000000,1,1,1,0,1,
236800,0.000000,0.500000,25.000000,1,1,1,0,1,
236900,0.000000,0.500000,25.000000,1,1,1,0,1,
237000,0.000000,0.500000,25.000000,1,1,1,0,1,
237100,0.000000,0.500000,25.000000,1,1,1,0,1,
237200,0.000000,0.500000,25.000000,1,1,1,0,1,
237300,0.000000,0.500000,25.000000,1,1,1,0,1,
237400,0.000000,0.500000,25.000000,1,1,1,0,1,
237500,0.000000,0.500000,25.000000,1,1,1,0,1,
237600,0.000000,0.500000,25.000000,1,1,1,0,1,
237700,0.000000,0.500000,25.000000,1,1,1,0,1,
237800,0.000000,0.500000,25.000000,1,1,1,0,1,
237900,0.000000,0.500000,25.000000,1,1,1,0,1,
238000,0.000000,0.500000,25.000000,1,1,1,0,1,
238100,0.000000,0.500000,25.000000,1,1,1,0,1,
238200,0.000000,0.500000,25.000000,1,1,1,0,1,
238300,0.000000,0.500000,25.000000,1,1,1,0,1,
238400,0.000000,0.500000,25.000000,1,1,1,0,1,
238500,0.000000,0.500000,25.000000,1,1,1,0,1,
238600,0.000000,0.500000,25.000000,1,1,1,0,1,
238700,0.000000,0.500000,25.000000,1,1,1,0,1,
238800,0.000000,0.500000,25.000000,1,1,1,0,1,
238900,0.000000,0.500000,25.000000,1,1,1,0,1,
239000,0.000000,0.500000,25.000000,1,1,1,0,1,
239100,0.000000,0.500000,25.000000,1,1,1,0,1,
239200,0.000000,0.500000,25.000000,1,1,1,0,1,
239300,0.000000,0.500000,25.000000,1,1,1,0,1,
239400,0.000000,0.500000,25.000000,1,1,1,0,1,
239500,0.000000,0.500000,25.000000,1,1,1,0,1,
239600,0.000000,0.500000,25.000000,1,1,1,0,1,
239700,0.000000,0.500000,25.000000,1,1,1,0,1,
239800,0.000000,0.500000,25.000000,1,1,1,0,1,
239900,0.000000,0.500000,25.000000,1,1,1,0,1,
240000,0.000000,0.500000,25.000000,1,1,1,0,1,
240100,0.000000,0.500000,25.000000,1,1,1,0,1,
240200,0.000000,0.500000,25.000000,1,1,1,0,1,
240300,0.000000,0.500000,25.000000,1,1,1,0,1,
240400,0.000000,0.500000,25.000000,1,1,1,0,1,
240500,0.000000,0.500000,25.000000,1,1,1,0,1,
240600,0.000000,0.500000,25.000000,1,1,1,0,1,
240700,0.000000,0.500000,25.000000,1,1,1,0,1,
240800,0.000000,0.500000,25.000000,1,1,1,0,1,
240900,0.000000,0.500000,25.000000,1,1,1,0,1,
241000,0.000000,0.500000,25.000000,1,1,1,0,1,
241100,0.000000,0.500000,25.000000,1,1,1,0,1,
241200,0.000000,0.500000,25.000000,1,1,1,0,1,
241300,0.000000,0.500000,25.000000,1,1,1,0,1,
241400,0.000000,0.500000,25.000000,1,1,1,0,1,
241500,0.000000,0.500000,25.000000,1,1,1,0,1,
241600,0.000000,0.500000,25.000000,1,1,1,0,1,
241700,0.000000,0.500000,25.000000,1,1,1,0,1,
241800,0.000000,0.500000,25.000000,1,1,1,0,1,
241900,0.000000,0.500000,25.000000,1,1,1,0,1,
242000,0.000000,0.500000,25.000000,1,1,1,0,1,
242100,0.000000,0.500000,25.000000,1,1,1,0,1,
242200,0.000000,0.500000,25.000000,1,1,1,0,1,
242300,0.000000,0.500000,25.000000,1,1,1,0,1,
242400,0.000000,0.500000,25.000000,1,1,1,0,1,
242500,0.000000,0.500000,25.000000,1,1,1,0,1,
242600,0.000000,0.500000,25.000000,1,1,1,0,1,
242700,0.000000,0.500000,25.000000,1,1,1,0,1,
242800,0.000000,0.500000,25.000000,1,1,1,0,1,
242900,0.000000,0.500000,25.000000,1,1,1,0,1,
243000,0.000000,0.500000,25.000000,1,1,1,0,1,
243100,0.000000,0.500000,25.000000,1,1,1,0,1,
243200,0.000000,0.500000,25.000000,1,1,1,0,1,
243300,0.000000,0.500000,25.000000,1,1,1,0,1,
243400,0.000000,0.500000,25.000000,1,1,1,0,1,
243500,0.000000,0.500000,25.000000,1,1,1,0,1,
243600,0.000000,0.500000,25.000000,1,1,1,0,1,
243700,0.000000,0.500000,25.000000,1,1,1,0,1,
243800,0.000000,0.500000,25.000000,1,1,1,0,1,
243900,0.000000,0.500000,25.000000,1,1,1,0,1,
244000,0.000000,0.500000,25.000000,1,1,1,0,1,
244100,0.000000,0.500000,25.000000,1,1,1,0,1,
244200,0.000000,0.500000,25.000000,1,1,1,0,1,
244300,0.000000,0.500000,25.000000,1,1,1,0,1,
244400,0.000000,0.500000,25.000000,1,1,1,0,1,
244500,0.000000,0.500000,25.000000,1,1,1,0,1,
244600,0.000000,0.500000,25.000000,1,1,1,0,1,
244700,0.000000,0.500000,25.000000,1,1,1,0,1,
244800,0.000000,0.500000,25.000000,1,1,1,0,1,
244900,0.000000,0.500000,25.000000,1,1,1,0,1,
245000,0.000000,0.500000,25.000000,1,1,1,0,1,
245100,0.000000,0.500000,25.000000,1,1,1,0,1,
245200,0.000000,0.500000,25.000000,1,1,1,0,1,
245300,0.000000,0.500000,25.000000,1,1,1,0,1,
245400,0.000000,0.500000,25.000000,1,1,1,0,1,
245500,0.000000,0.500000,25.000000,1,1,1,0,1,
245600,0.000000,0.500000,25.000000,1,1,1,0,1,
245700,0.000000,0.500000,25.000000,1,1,1,0,1,
245800,0.000000,0.500000,25.000000,1,1,1,0,1,
245900,0.000000,0.500000,25.000000,1,1,1,0,1,
246000,0.000000,0.500000,25.000000,1,1,1,0,1,
246100,0.000000,0.500000,25.000000,1,1,1,0,1,
246200,0.000000,0.500000,25.000000,1,1,1,0,1,
246300,0.000000,0.500000,25.000000,1,1,1,0,1,
246400,0.000000,0.500000,25.000000,1,1,1,0,1,
246500,0.000000,0.500000,25.000000,1,1,1,0,1,
246600,0.000000,0.500000,25.000000,1,1,1,0,1,
246700,0.000000,0.500000,25.000000,1,1,1,0,1,
246800,0.000000,0.500000,25.000000,1,1,1,0,1,
246900,0.000000,0.500000,25.000000,1,1,1,0,1,
247000,0.000000,0.500000,25.000000,1,1,1,0,1,
247100,0.000000,0.500000,25.000000,1,1,1,0,1,
247200,0.000000,0.500000,25.000000,1,1,1,0,1,
247300,0.000000,0.500000,25.000000,1,1,1,0,1,
247400,0.000000,0.500000,25.000000,1,1,1,0,1,
247500,0.000000,0.500000,25.000000,1,1,1,0,1,
247600,0.000000,0.500000,25.000000,1,1,1,0,1,
247700,0.000000,0.500000,25.000000,1,1,1,0,1,
247800,0.000000,0.500000,25.000000,1,1,1,0,1,
247900,0.000000,0.500000,25.000000,1,1,1,0,1,
248000,0.000000,0.500000,25.000000,1,1,1,0,1,
248100,0.000000,0.500000,25.000000,1,1,1,0,1,
248200,0.000000,0.500000,25.000000,1,1,1,0,1,
248300,0.000000,0.500000,25.000000,1,1,1,0,1,
248400,0.000000,0.500000,25.000000,1,1,1,0,1,
248500,0.000000,0.500000,25.000000,1,1,1,0,1,
248600,0.000000,0.500000,25.000000,1,1,1,0,1,
248700,0.000000,0.500000,25.000000,1,1,1,0,1,
248800,0.000000,0.500000,25.000000,1,1,1,0,1,
248900,0.000000,0.500000,25.000000,1,1,1,0,1,
249000,0.000000,0.500000,25.000000,1,1,1,0,1,
249100,0.000000,0.500000,25.000000,1,1,1,0,1,
249200,0.000000,0.500000,25.000000,1,1,1,0,1,
249300,0.000000,0.500000,25.000000,1,1,1,0,1,
249400,0.000000,0.500000,25.000000,1,1,1,0,1,
249500,0.000000,0.500000,25.000000,1,1,1,0,1,
249600,0.000000,0.500000,25.000000,1,1,1,0,1,
249700,0.000000,0.500000,25.000000,1,1,1,0,1,
249800,0.000000,0.500000,25.000000,1,1,1,0,1,
249900,0.000000,0.500000,25.000000,1,1,1,0,1,
250000,0.000000,0.500000,25.000000,1,1,1,0,1,
250100,0.000000,0.500000,25.000000,1,1,1,0,1,
250200,0.000000,0.500000,25.000000,1,1,1,0,1,
250300,0.000000,0.500000,25.000000,1,1,1,0,1,
250400,0.000000,0.500000,25.000000,1,1,1,0,1,
250500,0.000000,0.500000,25.000000,1,1,1,0,1,
250600,0.000000,0.500000,25.000000,1,1,1,0,1,
250700,0.000000,0.500000,25.000000,1,1,1,0,1,
250800,0.000000,0.500000,25.000000,1,1,1,0,1,
250900,0.000000,0.500000,25.000000,1,1,1,0,1,
251000,0.000000,0.500000,25.000000,1,1,1,0,1,
251100,0.000000,0.500000,25.000000,1,1,1,0,1,
251200,0.000000,0.500000,25.000000,1,1,1,0,1,
251300,0.000000,0.500000,25.000000,1,1,1,0,1,
251400,0.000000,0.500000,25.000000,1,1,1,0,1,
251500,0.000000,0.500000,25.000000,1,1,1,0,1,
251600,0.000000,0.500000,25.000000,1,1,1,0,1,
251700,0.000000,0.500000,25.000000,1,1,1,0,1,
251800,0.000000,0.500000,25.000000,1,1,1,0,1,
251900,0.000000,0.500000,25.000000,1,1,1,0,1,
252000,0.000000,0.500000,25.000000,1,1,1,0,1,
252100,0.000000,0.500000,25.000000,1,1,1,0,1,
252200,0.000000,0.500000,25.000000,1,1,1,0,1,
252300,0.000000,0.500000,25.000000,1,1,1,0,1,
252400,0.000000,0.500000,25.000000,1,1,1,0,1,
252500,0.000000,0.500000,25.000000,1,1,1,0,1,
252600,0.000000,0.500000,25.000000,1,1,1,0,1,
252700,0.000000,0.500000,25.000000,1,1,1,0,1,
252800,0.000000,0.500000,25.000000,1,1,1,0,1,
252900,0.000000,0.500000,25.000000,1,1,1,0,1,
253000,0.000000,0.500000,25.000000,1,1,1,0,1,
253100,0.000000,0.500000,25.000000,1,1,1,0,1,
253200,0.000000,0.500000,25.000000,1,1,1,0,1,
253300,0.000000,0.500000,25.000000,1,1,1,0,1,
253400,0.000000,0.500000,25.000000,1,1,1,0,1,
253500,0.000000,0.500000,25.000000,1,1,1,0,1,
253600,0.000000,0.500000,25.000000,1,1,1,0,1,
253700,0.000000,0.500000,25.000000,1,1,1,0,1,
253800,0.000000,0.500000,25.000000,1,1,1,0,1,
253900,0.000000,0.500000,25.000000,1,1,1,0,1,
254000,0.000000,0.500000,25.000000,1,1,1,0,1,
254100,0.000000,0.500000,25.000000,1,1,1,0,1,
254200,0.000000,0.500000,25.000000,1,1,1,0,1,
254300,0.000000,0.500000,25.000000,1,1,1,0,1,
254400,0.000000,0.500000,25.000000,1,1,1,0,1,
254500,0.000000,0.500000,25.000000,1,1,1,0,1,
254600,0.000000,0.500000,25.000000,1,1,1,0,1,
254700,0.000000,0.500000,25.000000,1,1,1,0,1,
254800,0.000000,0.500000,25.000000,1,1,1,0,1,
254900,0.000000,0.500000,25.000000,1,1,1,0,1,
255000,0.000000,0.500000,25.000000,1,1,1,0,1,
255100,0.000000,0.500000,25.000000,1,1,1,0,1,
255200,0.000000,0.500000,25.000000,1,1,1,0,1,
255300,0.000000,0.500000,25.000000,1,1,1,0,1,
255400,0.000000,0.500000,25.000000,1,1,1,0,1,
255500,0.000000,0.500000,25.000000,1,1,1,0,1,
255600,0.000000,0.500000,25.000000,1,1,1,0,1,
255700,0.000000,0.500000,25.000000,1,1,1,0,1,
255800,0.000000,0.500000,25.000000,1,1,1,0,1,
255900,0.000000,0.500000,25.000000,1,1,1,0,1,
256000,0.000000,0.500000,25.000000,1,1,1,0,1,
256100,0.000000,0.500000,25.000000,1,1,1,0,1,
256200,0.000000,0.500000,25.000000,1,1,1,0,1,
256300,0.000000,0.500000,25.000000,1,1,1,0,1,
256400,0.000000,0.500000,25.000000,1,1,1,0,1,
256500,0.000000,0.500000,25.000000,1,1,1,0,1,
256600,0.000000,0.500000,25.000000,1,1,1,0,1,
256700,0.000000,0.500000,25.000000,1,1,1,0,1,
256800,0.000000,0.500000,25.000000,1,1,1,0,1,
256900,0.000000,0.500000,25.000000,1,1,1,0,1,
257000,0.000000,0.500000,25.000000,1,1,1,0,1,
257100,0.000000,0.500000,25.000000,1,1,1,0,1,
257200,0.000000,0.500000,25.000000,1,1,1,0,1,
257300,0.000000,0.500000,25.000000,1,1,1,0,1,
257400,0.000000,0.500000,25.000000,1,1,1,0,1,
257500,0.000000,0.500000,25.000000,1,1,1,0,1,
257600,0.000000,0.500000,25.000000,1,1,1,0,1,
257700,0.000000,0.500000,25.000000,1,1,1,0,1,
257800,0.000000,0.500000,25.000000,1,1,1,0,1,
257900,0.000000,0.500000,25.000000,1,1,1,0,1,
258000,0.000000,0.500000,25.000000,1,1,1,0,1,
258100,0.000000,0.500000,25.000000,1,1,1,0,1,
258200,0.000000,0.500000,25.000000,1,1,1,0,1,
258300,0.000000,0.500000,25.000000,1,1,1,0,1,
258400,0.000000,0.500000,25.000000,1,1,1,0,1,
258500,0.000000,0.500000,25.000000,1,1,1,0,1,
258600,0.000000,0.500000,25.000000,1,1,1,0,1,
258700,0.000000,0.500000,25.000000,1,1,1,0,1,
258800,0.000000,0.500000,25.000000,1,1,1,0,1,
258900,0.000000,0.500000,25.000000,1,1,1,0,1,
259000,0.000000,0.500000,25.000000,1,1,1,0,1,
259100,0.000000,0.500000,25.000000,1,1,1,0,1,
259200,0.000000,0.500000,25.000000,1,1,1,0,1,
259300,0.000000,0.500000,25.000000,1,1,1,0,1,
259400,0.000000,0.500000,25.000000,1,1,1,0,1,
259500,0.000000,0.500000,25.000000,1,1,1,0,1,
259600,0.000000,0.500000,25.000000,1,1,1,0,1,
259700,0.000000,0.500000,25.000000,1,1,1,0,1,
259800,0.000000,0.500000,25.000000,1,1,1,0,1,
259900,0.000000,0.500000,25.000000,1,1,1,0,1,
260000,0.000000,0.500000,25.000000,1,1,1,0,1,
260100,0.000000,0.500000,25.000000,1,1,1,0,1,
260200,0.000000,0.500000,25.000000,1,1,1,0,1,
260300,0.000000,0.500000,25.000000,1,1,1,0,1,
260400,0.000000,0.500000,25.000000,1,1,1,0,1,
260500,0.000000,0.500000,25.000000,1,1,1,0,1,
260600,0.000000,0.500000,25.000000,1,1,1,0,1,
260700,0.000000,0.500000,25.000000,1,1,1,0,1,
260800,0.000000,0.500000,25.000000,1,1,1,0,1,
260900,0.000000,0.500000,25.000000,1,1,1,0,1,
261000,0.000000,0.500000,25.000000,1,1,1,0,1,
261100,0.000000,0.500000,25.000000,1,1,1,0,1,
261200,0.000000,0.500000,25.000000,1,1,1,0,1,
261300,0.000000,0.500000,25.000000,1,1,1,0,1,
261400,0.000000,0.500000,25.000000,1,1,1,0,1,
261500,0.000000,0.500000,25.000000,1,1,1,0,1,
261600,0.000000,0.500000,25.000000,1,1,1,0,1,
261700,0.000000,0.500000,25.000000,1,1,1,0,1,
261800,0.000000,0.500000,25.000000,1,1,1,0,1,
261900,0.000000,0.500000,25.000000,1,1,1,0,1,
262000,0.000000,0.500000,25.000000,1,1,1,0,1,
262100,0.000000,0.500000,25.000000,1,1,1,0,1,
262200,0.000000,0.500000,25.000000,1,1,1,0,1,
262300,0.000000,0.500000,25.000000,1,1,1,0,1,
262400,0.000000,0.500000,25.000000,1,1,1,0,1,
262500,0.000000,0.500000,25.000000,1,1,1,0,1,
262600,0.000000,0.500000,25.000000,1,1,1,0,1,
262700,0.000000,0.500000,25.000000,1,1,1,0,1,
262800,0.000000,0.500000,25.000000,1,1,1,0,1,
262900,0.000000,0.500000,25.000000,1,1,1,0,1,
263000,0.000000,0.500000,25.000000,1,1,1,0,1,
263100,0.000000,0.500000,25.000000,1,1,1,0,1,
263200,0.000000,0.500000,25.000000,1,1,1,0,1,
263300,0.000000,0.500000,25.000000,1,1,1,0,1,
263400,0.000000,0.500000,25.000000,1,1,1,0,1,
263500,0.000000,0.500000,25.000000,1,1,1,0,1,
263600,0.000000,0.500000,25.000000,1,1,1,0,1,
263700,0.000000,0.500000,25.000000,1,1,1,0,1,
263800,0.000000,0.500000,25.000000,1,1,1,0,1,
263900,0.000000,0.500000,25.000000,1,1,1,0,1,
264000,0.000000,0.500000,25.000000,1,1,1,0,1,
264100,0.000000,0.500000,25.000000,1,1,1,0,1,
264200,0.000000,0.500000,25.000000,1,1,1,0,1,
264300,0.000000,0.500000,25.000000,1,1,1,0,1,
264400,0.000000,0.500000,25.000000,1,1,1,0,1,
264500,0.000000,0.500000,25.000000,1,1,1,0,1,
264600,0.000000,0.500000,25.000000,1,1,1,0,1,
264700,0.000000,0.500000,25.000000,1,1,1,0,1,
264800,0.000000,0.500000,25.000000,1,1,1,0,1,
264900,0.000000,0.500000,25.000000,1,1,1,0,1,
265000,0.000000,0.500000,25.000000,1,1,1,0,1,
265100,0.000000,0.500000,25.000000,1,1,1,0,1,
265200,0.000000,0.500000,25.000000,1,1,1,0,1,
265300,0.000000,0.500000,25.000000,1,1,1,0,1,
265400,0.000000,0.500000,25.000000,1,1,1,0,1,
265500,0.000000,0.500000,25.000000,1,1,1,0,1,
265600,0.000000,0.500000,25.000000,1,1,1,0,1,
265700,0.000000,0.500000,25.000000,1,1,1,0,1,
265800,0.000000,0.500000,25.000000,1,1,1,0,1,
265900,0.000000,0.500000,25.000000,1,1,1,0,1,
266000,0.000000,0.500000,25.000000,1,1,1,0,1,
266100,0.000000,0.500000,25.000000,1,1,1,0,1,
266200,0.000000,0.500000,25.000000,1,1,1,0,1,
266300,0.000000,0.500000,25.000000,1,1,1,0,1,
266400,0.000000,0.500000,25.000000,1,1,1,0,1,
266500,0.000000,0.500000,25.000000,1,1,1,0,1,
266600,0.000000,0.500000,25.000000,1,1,1,0,1,
266700,0.000000,0.500000,25.000000,1,1,1,0,1,
266800,0.000000,0.500000,25.000000,1,1,1,0,1,
266900,0.000000,0.500000,25.000000,1,1,1,0,1,
267000,0.000000,0.500000,25.000000,1,1,1,0,1,
267100,0.000000,0.500000,25.000000,1,1,1,0,1,
267200,0.000000,0.500000,25.000000,1,1,1,0,1,
267300,0.000000,0.500000,25.000000,1,1,1,0,1,
267400,0.000000,0.500000,25.000000,1,1,1,0,1,
267500,0.000000,0.500000,25.000000,1,1,1,0,1,
267600,0.000000,0.500000,25.000000,1,1,1,0,1,
267700,0.000000,0.500000,25.000000,1,1,1,0,1,
267800,0.000000,0.500000,25.000000,1,1,1,0,1,
267900,0.000000,0.500000,25.000000,1,1,1,0,1,
268000,0.000000,0.500000,25.000000,1,1,1,0,1,
268100,0.000000,0.500000,25.000000,1,1,1,0,1,
268200,0.000000,0.500000,25.000000,1,1,1,0,1,
268300,0.000000,0.500000,25.000000,1,1,1,0,1,
268400,0.000000,0.500000,25.000000,1,1,1,0,1,
268500,0.000000,0.500000,25.000000,1,1,1,0,1,
268600,0.000000,0.500000,25.000000,1,1,1,0,1,
268700,0.000000,0.500000,25.000000,1,1,1,0,1,
268800,0.000000,0.500000,25.000000,1,1,1,0,1,
268900,0.000000,0.500000,25.000000,1,1,1,0,1,
269000,0.000000,0.500000,25.000000,1,1,1,0,1,
269100,0.000000,0.500000,25.000000,1,1,1,0,1,
269200,0.000000,0.500000,25.000000,1,1,1,0,1,
269300,0.000000,0.500000,25.000000,1,1,1,0,1,
269400,0.000000,0.500000,25.000000,1,1,1,0,1,
269500,0.000000,0.500000,25.000000,1,1,1,0,1,
269600,0.000000,0.500000,25.000000,1,1,1,0,1,
269700,0.000000,0.500000,25.000000,1,1,1,0,1,
269800,0.000000,0.500000,25.000000,1,1,1,0,1,
269900,0.000000,0.500000,25.000000,1,1,1,0,1,
270000,0.000000,0.500000,25.000000,1,1,1,0,1,
270100,0.000000,0.500000,25.000000,1,1,1,0,1,
270200,0.000000,0.500000,25.000000,1,1,1,0,1,
270300,0.000000,0.500000,25.000000,1,1,1,0,1,
270400,0.000000,0.500000,25.000000,1,1,1,0,1,
270500,0.000000,0.500000,25.000000,1,1,1,0,1,
270600,0.000000,0.500000,25.000000,1,1,1,0,1,
270700,0.000000,0.500000,25.000000,1,1,1,0,1,
270800,0.000000,0.500000,25.000000,1,1,1,0,1,
270900,0.000000,0.500000,25.000000,1,1,1,0,1,
271000,0.000000,0.500000,25.000000,1,1,1,0,1,
271100,0.000000,0.500000,25.000000,1,1,1,0,1,
271200,0.000000,0.500000,25.000000,1,1,1,0,1,
271300,0.000000,0.500000,25.000000,1,1,1,0,1,
271400,0.000000,0.500000,25.000000,1,1,1,0,1,
271500,0.000000,0.500000,25.000000,1,1,1,0,1,
271600,0.000000,0.500000,25.000000,1,1,1,0,1,
271700,0.000000,0.500000,25.000000,1,1,1,0,1,
271800,0.000000,0.500000,25.000000,1,1,1,0,1,
271900,0.000000,0.500000,25.000000,1,1,1,0,1,
272000,0.000000,0.500000,25.000000,1,1,1,0,1,
272100,0.000000,0.500000,25.000000,1,1,1,0,1,
272200,0.000000,0.500000,25.000000,1,1,1,0,1,
272300,0.000000,0.500000,25.000000,1,1,1,0,1,
272400,0.000000,0.500000,25.000000,1,1,1,0,1,
272500,0.000000,0.500000,25.000000,1,1,1,0,1,
272600,0.000000,0.500000,25.000000,1,1,1,0,1,
272700,0.000000,0.500000,25.000000,1,1,1,0,1,
272800,0.000000,0.500000,25.000000,1,1,1,0,1,
272900,0.000000,0.500000,25.000000,1,1,1,0,1,
273000,0.000000,0.500000,25.000000,1,1,1,0,1,
273100,0.000000,0.500000,25.000000,1,1,1,0,1,
273200,0.000000,0.500000,25.000000,1,1,1,0,1,
273300,0.000000,0.500000,25.000000,1,1,1,0,1,
273400,0.000000,0.500000,25.000000,1,1,1,0,1,
273500,0.000000,0.500000,25.000000,1,1,1,0,1,
273600,0.000000,0.500000,25.000000,1,1,1,0,1,
273700,0.000000,0.500000,25.000000,1,1,1,0,1,
273800,0.000000,0.500000,25.000000,1,1,1,0,1,
273900,0.000000,0.500000,25.000000,1,1,1,0,1,
274000,0.000000,0.500000,25.000000,1,1,1,0,1,
274100,0.000000,0.500000,25.000000,1,1,1,0,1,
274200,0.000000,0.500000,25.000000,1,1,1,0,1,
274300,0.000000,0.500000,25.000000,1,1,1,0,1,
274400,0.000000,0.500000,25.000000,1,1,1,0,1,
274500,0.000000,0.500000,25.000000,1,1,1,0,1,
274600,0.000000,0.500000,25.000000,1,1,1,0,1,
274700,0.000000,0.500000,25.000000,1,1,1,0,1,
274800,0.000000,0.500000,25.000000,1,1,1,0,1,
274900,0.000000,0.500000,25.000000,1,1,1,0,1,
275000,0.000000,0.500000,25.000000,1,1,1,0,1,
275100,0.000000,0.500000,25.000000,1,1,1,0,1,
275200,0.000000,0.500000,25.000000,1,1,1,0,1,
275300,0.000000,0.500000,25.000000,1,1,1,0,1,
275400,0.000000,0.500000,25.000000,1,1,1,0,1,
275500,0.000000,0.500000,25.000000,1,1,1,0,1,
275600,0.000000,0.500000,25.000000,1,1,1,0,1,
275700,0.000000,0.500000,25.000000,1,1,1,0,1,
275800,0.000000,0.500000,25.000000,1,1,1,0,1,
275900,0.000000,0.500000,25.000000,1,1,1,0,1,
276000,0.000000,0.500000,25.000000,1,1,1,0,1,
276100,0.000000,0.500000,25.000000,1,1,1,0,1,
276200,0.000000,0.500000,25.000000,1,1,1,0,1,
276300,0.000000,0.500000,25.000000,1,1,1,0,1,
276400,0.000000,0.500000,25.000000,1,1,1,0,1,
276500,0.000000,0.500000,25.000000,1,1,1,0,1,
276600,0.000000,0.500000,25.000000,1,1,1,0,1,
276700,0.000000,0.500000,25.000000,1,1,1,0,1,
276800,0.000000,0.500000,25.000000,1,1,1,0,1,
276900,0.000000,0.500000,25.000000,1,1,1,0,1,
277000,0.000000,0.500000,25.000000,1,1,1,0,1,
277100,0.000000,0.500000,25.000000,1,1,1,0,1,
277200,0.000000,0.500000,25.000000,1,1,1,0,1,
277300,0.000000,0.500000,25.000000,1,1,1,0,1,
277400,0.000000,0.500000,25.000000,1,1,1,0,1,
277500,0.000000,0.500000,25.000000,1,1,1,0,1,
277600,0.000000,0.500000,25.000000,1,1,1,0,1,
277700,0.000000,0.500000,25.000000,1,1,1,0,1,
277800,0.000000,0.500000,25.000000,1,1,1,0,1,
277900,0.000000,0.500000,25.000000,1,1,1,0,1,
278000,0.000000,0.500000,25.000000,1,1,1,0,1,
278100,0.000000,0.500000,25.000000,1,1,1,0,1,
278200,0.000000,0.500000,25.000000,1,1,1,0,1,
278300,0.000000,0.500000,25.000000,1,1,1,0,1,
278400,0.000000,0.500000,25.000000,1,1,1,0,1,
278500,0.000000,0.500000,25.000000,1,1,1,0,1,
278600,0.000000,0.500000,25.000000,1,1,1,0,1,
278700,0.000000,0.500000,25.000000,1,1,1,0,1,
278800,0.000000,0.500000,25.000000,1,1,1,0,1,
278900,0.000000,0.500000,25.000000,1,1,1,0,1,
279000,0.000000,0.500000,25.000000,1,1,1,0,1,
279100,0.000000,0.500000,25.000000,1,1,1,0,1,
279200,0.000000,0.500000,25.000000,1,1,1,0,1,
279300,0.000000,0.500000,25.000000,1,1,1,0,1,
279400,0.000000,0.500000,25.000000,1,1,1,0,1,
279500,0.000000,0.500000,25.000000,1,1,1,0,1,
279600,0.000000,0.500000,25.000000,1,1,1,0,1,
279700,0.000000,0.500000,25.000000,1,1,1,0,1,
279800,0.000000,0.500000,25.000000,1,1,1,0,1,
279900,0.000000,0.500000,25.000000,1,1,1,0,1,
280000,0.000000,0.500000,25.000000,1,1,1,0,1,
280100,0.000000,0.500000,25.000000,1,1,1,0,1,
280200,0.000000,0.500000,25.000000,1,1,1,0,1,
280300,0.000000,0.500000,25.000000,1,1,1,0,1,
280400,0.000000,0.500000,25.000000,1,1,1,0,1,
280500,0.000000,0.500000,25.000000,1,1,1,0,1,
280600,0.000000,0.500000,25.000000,1,1,1,0,1,
280700,0.000000,0.500000,25.000000,1,1,1,0,1,
280800,0.000000,0.500000,25.000000,1,1,1,0,1,
280900,0.000000,0.500000,25.000000,1,1,1,0,1,
281000,0.000000,0.500000,25.000000,1,1,1,0,1,
281100,0.000000,0.500000,25.000000,1,1,1,0,1,
281200,0.000000,0.500000,25.000000,1,1,1,0,1,
281300,0.000000,0.500000,25.000000,1,1,1,0,1,
281400,0.000000,0.500000,25.000000,1,1,1,0,1,
281500,0.000000,0.500000,25.000000,1,1,1,0,1,
281600,0.000000,0.500000,25.000000,1,1,1,0,1,
281700,0.000000,0.500000,25.000000,1,1,1,0,1,
281800,0.000000,0.500000,25.000000,1,1,1,0,1,
281900,0.000000,0.500000,25.000000,1,1,1,0,1,
282000,0.000000,0.500000,25.000000,1,1,1,0,1,
282100,0.000000,0.500000,25.000000,1,1,1,0,1,
282200,0.000000,0.500000,25.000000,1,1,1,0,1,
282300,0.000000,0.500000,25.000000,1,1,1,0,1,
282400,0.000000,0.500000,25.000000,1,1,1,0,1,
282500,0.000000,0.500000,25.000000,1,1,1,0,1,
282600,0.000000,0.500000,25.000000,1,1,1,0,1,
282700,0.000000,0.500000,25.000000,1,1,1,0,1,
282800,0.000000,0.500000,25.000000,1,1,1,0,1,
282900,0.000000,0.500000,25.000000,1,1,1,0,1,
283000,0.000000,0.500000,25.000000,1,1,1,0,1,
283100,0.000000,0.500000,25.000000,1,1,1,0,1,
283200,0.000000,0.500000,25.000000,1,1,1,0,1,
283300,0.000000,0.500000,25.000000,1,1,1,0,1,
283400,0.000000,0.500000,25.000000,1,1,1,0,1,
283500,0.000000,0.500000,25.000000,1,1,1,0,1,
283600,0.000000,0.500000,25.000000,1,1,1,0,1,
283700,0.000000,0.500000,25.000000,1,1,1,0,1,
283800,0.000000,0.500000,25.000000,1,1,1,0,1,
283900,0.000000,0.500000,25.000000,1,1,1,0,1,
284000,0.000000,0.500000,25.000000,1,1,1,0,1,
284100,0.000000,0.500000,25.000000,1,1,1,0,1,
284200,0.000000,0.500000,25.000000,1,1,1,0,1,
284300,0.000000,0.500000,25.000000,1,1,1,0,1,
284400,0.000000,0.500000,25.000000,1,1,1,0,1,
284500,0.000000,0.500000,25.000000,1,1,1,0,1,
284600,0.000000,0.500000,25.000000,1,1,1,0,1,
284700,0.000000,0.500000,25.000000,1,1,1,0,1,
284800,0.000000,0.500000,25.000000,1,1,1,0,1,
284900,0.000000,0.500000,25.000000,1,1,1,0,1,
285000,0.000000,0.500000,25.000000,1,1,1,0,1,
285100,0.000000,0.500000,25.000000,1,1,1,0,1,
285200,0.000000,0.500000,25.000000,1,1,1,0,1,
285300,0.000000,0.500000,25.000000,1,1,1,0,1,
285400,0.000000,0.500000,25.000000,1,1,1,0,1,
285500,0.000000,0.500000,25.000000,1,1,1,0,1,
285600,0.000000,0.500000,25.000000,1,1,1,0,1,
285700,0.000000,0.500000,25.000000,1,1,1,0,1,
285800,0.000000,0.500000,25.000000,1,1,1,0,1,
285900,0.000000,0.500000,25.000000,1,1,1,0,1,
286000,0.000000,0.500000,25.000000,1,1,1,0,1,
286100,0.000000,0.500000,25.000000,1,1,1,0,1,
286200,0.000000,0.500000,25.000000,1,1,1,0,1,
286300,0.000000,0.500000,25.000000,1,1,1,0,1,
286400,0.000000,0.500000,25.000000,1,1,1,0,1,
286500,0.000000,0.500000,25.000000,1,1,1,0,1,
286600,0.000000,0.500000,25.000000,1,1,1,0,1,
286700,0.000000,0.500000,25.000000,1,1,1,0,1,
286800,0.000000,0.500000,25.000000,1,1,1,0,1,
286900,0.000000,0.500000,25.000000,1,1,1,0,1,
287000,0.000000,0.500000,25.000000,1,1,1,0,1,
287100,0.000000,0.500000,25.000000,1,1,1,0,1,
287200,0.000000,0.500000,25.000000,1,1,1,0,1,
287300,0.000000,0.500000,25.000000,1,1,1,0,1,
287400,0.000000,0.500000,25.000000,1,1,1,0,1,
287500,0.000000,0.500000,25.000000,1,1,1,0,1,
287600,0.000000,0.500000,25.000000,1,1,1,0,1,
287700,0.000000,0.500000,25.000000,1,1,1,0,1,
287800,0.000000,0.500000,25.000000,1,1,1,0,1,
287900,0.000000,0.500000,25.000000,1,1,1,0,1,
288000,0.000000,0.500000,25.000000,1,1,1,0,1,
288100,0.000000,0.500000,25.000000,1,1,1,0,1,
288200,0.000000,0.500000,25.000000,1,1,1,0,1,
288300,0.000000,0.500000,25.000000,1,1,1,0,1,
288400,0.000000,0.500000,25.000000,1,1,1,0,1,
288500,0.000000,0.500000,25.000000,1,1,1,0,1,
288600,0.000000,0.500000,25.000000,1,1,1,0,1,
288700,0.000000,0.500000,25.000000,1,1,1,0,1,
288800,0.000000,0.500000,25.000000,1,1,1,0,1,
288900,0.000000,0.500000,25.000000,1,1,1,0,1,
289000,0.000000,0.500000,25.000000,1,1,1,0,1,
289100,0.000000,0.500000,25.000000,1,1,1,0,1,
289200,0.000000,0.500000,25.000000,1,1,1,0,1,
289300,0.000000,0.500000,25.000000,1,1,1,0,1,
289400,0.000000,0.500000,25.000000,1,1,1,0,1,
289500,0.000000,0.500000,25.000000,1,1,1,0,1,
289600,0.000000,0.500000,25.000000,1,1,1,0,1,
289700,0.000000,0.500000,25.000000,1,1,1,0,1,
289800,0.000000,0.500000,25.000000,1,1,1,0,1,
289900,0.000000,0.500000,25.000000,1,1,1,0,1,
290000,0.000000,0.500000,25.000000,1,1,1,0,1,
290100,0.000000,0.500000,25.000000,1,1,1,0,1,
290200,0.000000,0.500000,25.000000,1,1,1,0,1,
290300,0.000000,0.500000,25.000000,1,1,1,0,1,
290400,0.000000,0.500000,25.000000,1,1,1,0,1,
290500,0.000000,0.500000,25.000000,1,1,1,0,1,
290600,0.000000,0.500000,25.000000,1,1,1,0,1,
290700,0.000000,0.500000,25.000000,1,1,1,0,1,
290800,0.000000,0.500000,25.000000,1,1,1,0,1,
290900,0.000000,0.500000,25.000000,1,1,1,0,1,
291000,0.000000,0.500000,25.000000,1,1,1,0,1,
291100,0.000000,0.500000,25.000000,1,1,1,0,1,
291200,0.000000,0.500000,25.000000,1,1,1,0,1,
291300,0.000000,0.500000,25.000000,1,1,1,0,1,
291400,0.000000,0.500000,25.000000,1,1,1,0,1,
291500,0.000000,0.500000,25.000000,1,1,1,0,1,
291600,0.000000,0.500000,25.000000,1,1,1,0,1,
291700,0.000000,0.500000,25.000000,1,1,1,0,1,
291800,0.000000,0.500000,25.000000,1,1,1,0,1,
291900,0.000000,0.500000,25.000000,1,1,1,0,1,
292000,0.000000,0.500000,25.000000,1,1,1,0,1,
292100,0.000000,0.500000,25.000000,1,1,1,0,1,
292200,0.000000,0.500000,25.000000,1,1,1,0,1,
292300,0.000000,0.500000,25.000000,1,1,1,0,1,
292400,0.000000,0.500000,25.000000,1,1,1,0,1,
292500,0.000000,0.500000,25.000000,1,1,1,0,1,
292600,0.000000,0.500000,25.000000,1,1,1,0,1,
292700,0.000000,0.500000,25.000000,1,1,1,0,1,
292800,0.000000,0.500000,25.000000,1,1,1,0,1,
292900,0.000000,0.500000,25.000000,1,1,1,0,1,
293000,0.000000,0.500000,25.000000,1,1,1,0,1,
293100,0.000000,0.500000,25.000000,1,1,1,0,1,
293200,0.000000,0.500000,25.000000,1,1,1,0,1,
293300,0.000000,0.500000,25.000000,1,1,1,0,1,
293400,0.000000,0.500000,25.000000,1,1,1,0,1,
293500,0.000000,0.500000,25.000000,1,1,1,0,1,
293600,0.000000,0.500000,25.000000,1,1,1,0,1,
293700,0.000000,0.500000,25.000000,1,1,1,0,1,
293800,0.000000,0.500000,25.000000,1,1,1,0,1,
293900,0.000000,0.500000,25.000000,1,1,1,0,1,
294000,0.000000,0.500000,25.000000,1,1,1,0,1,
294100,0.000000,0.500000,25.000000,1,1,1,0,1,
294200,0.000000,0.500000,25.000000,1,1,1,0,1,
294300,0.000000,0.500000,25.000000,1,1,1,0,1,
294400,0.000000,0.500000,25.000000,1,1,1,0,1,
294500,0.000000,0.500000,25.000000,1,1,1,0,1,
294600,0.000000,0.500000,25.000000,1,1,1,0,1,
294700,0.000000,0.500000,25.000000,1,1,1,0,1,
294800,0.000000,0.500000,25.000000,1,1,1,0,1,
294900,0.000000,0.500000,25.000000,1,1,1,0,1,
295000,0.000000,0.500000,25.000000,1,1,1,0,1,
295100,0.000000,0.500000,25.000000,1,1,1,0,1,
295200,0.000000,0.500000,25.000000,1,1,1,0,1,
295300,0.000000,0.500000,25.000000,1,1,1,0,1,
295400,0.000000,0.500000,25.000000,1,1,1,0,1,
295500,0.000000,0.500000,25.000000,1,1,1,0,1,
295600,0.000000,0.500000,25.000000,1,1,1,0,1,
295700,0.000000,0.500000,25.000000,1,1,1,0,1,
295800,0.000000,0.500000,25.000000,1,1,1,0,1,
295900,0.000000,0.500000,25.000000,1,1,1,0,1,
296000,0.000000,0.500000,25.000000,1,1,1,0,1,
296100,0.000000,0.500000,25.000000,1,1,1,0,1,
296200,0.000000,0.500000,25.000000,1,1,1,0,1,
296300,0.000000,0.500000,25.000000,1,1,1,0,1,
296400,0.000000,0.500000,25.000000,1,1,1,0,1,
296500,0.000000,0.500000,25.000000,1,1,1,0,1,
296600,0.000000,0.500000,25.000000,1,1,1,0,1,
296700,0.000000,0.500000,25.000000,1,1,1,0,1,
296800,0.000000,0.500000,25.000000,1,1,1,0,1,
296900,0.000000,0.500000,25.000000,1,1,1,0,1,
297000,0.000000,0.500000,25.000000,1,1,1,0,1,
297100,0.000000,0.500000,25.000000,1,1,1,0,1,
297200,0.000000,0.500000,25.000000,1,1,1,0,1,
297300,0.000000,0.500000,25.000000,1,1,1,0,1,
297400,0.000000,0.500000,25.000000,1,1,1,0,1,
297500,0.000000,0.500000,25.000000,1,1,1,0,1,
297600,0.000000,0.500000,25.000000,1,1,1,0,1,
297700,0.000000,0.500000,25.000000,1,1,1,0,1,
297800,0.000000,0.500000,25.000000,1,1,1,0,1,
297900,0.000000,0.500000,25.000000,1,1,1,0,1,
298000,0.000000,0.500000,25.000000,1,1,1,0,1,
298100,0.000000,0.500000,25.000000,1,1,1,0,1,
298200,0.000000,0.500000,25.000000,1,1,1,0,1,
298300,0.000000,0.500000,25.000000,1,1,1,0,1,
298400,0.000000,0.500000,25.000000,1,1,1,0,1,
298500,0.000000,0.500000,25.000000,1,1,1,0,1,
298600,0.000000,0.500000,25.000000,1,1,1,0,1,
298700,0.000000,0.500000,25.000000,1,1,1,0,1,
298800,0.000000,0.500000,25.000000,1,1,1,0,1,
298900,0.000000,0.500000,25.000000,1,1,1,0,1,
299000,0.000000,0.500000,25.000000,1,1,1,0,1,
299100,0.000000,0.500000,25.000000,1,1,1,0,1,
299200,0.000000,0.500000,25.000000,1,1,1,0,1,
299300,0.000000,0.500000,25.000000,1,1,1,0,1,
299400,0.000000,0.500000,25.000000,1,1,1,0,1,
299500,0.000000,0.500000,25.000000,1,1,1,0,1,
299600,0.000000,0.500000,25.000000,1,1,1,0,1,
299700,0.000000,0.500000,25.000000,1,1,1,0,1,
299800,0.000000,0.500000,25.000000,1,1,1,0,1,
299900,0.000000,0.500000,25.000000,1,1,1,0,1,
300000,0.000000,0.500000,25.000000,1,1,1,0,1,
300100,0.000000,0.500000,25.000000,1,1,1,0,1,
300200,0.000000,0.500000,25.000000,1,1,1,0,1,
300300,0.000000,0.500000,25.000000,1,1,1,0,1,
300400,0.000000,0.500000,25.000000,1,1,1,0,1,
300500,0.000000,0.500000,25.000000,1,1,1,0,1,
300600,0.000000,0.500000,25.000000,1,1,1,0,1,
300700,0.000000,0.500000,25.000000,1,1,1,0,1,
300800,0.000000,0.500000,25.000000,1,1,1,0,1,
300900,0.000000,0.500000,25.000000,1,1,1,0,1,
301000,0.000000,0.500000,25.000000,1,1,1,0,1,
301100,0.000000,0.500000,25.000000,1,1,1,0,1,
301200,0.000000,0.500000,25.000000,1,1,1,0,1,
301300,0.000000,0.500000,25.000000,1,1,1,0,1,
301400,0.000000,0.500000,25.000000,1,1,1,0,1,
301500,0.000000,0.500000,25.000000,1,1,1,0,1,
301600,0.000000,0.500000,25.000000,1,1,1,0,1,
301700,0.000000,0.500000,25.000000,1,1,1,0,1,
301800,0.000000,0.500000,25.000000,1,1,1,0,1,
301900,0.000000,0.500000,25.000000,1,1,1,0,1,
302000,0.000000,0.500000,25.000000,1,1,1,0,1,
302100,0.000000,0.500000,25.000000,1,1,1,0,1,
302200,0.000000,0.500000,25.000000,1,1,1,0,1,
302300,0.000000,0.500000,25.000000,1,1,1,0,1,
302400,0.000000,0.500000,25.000000,1,1,1,0,1,
302500,0.000000,0.500000,25.000000,1,1,1,0,1,
302600,0.000000,0.500000,25.000000,1,1,1,0,1,
302700,0.000000,0.500000,25.000000,1,1,1,0,1,
302800,0.000000,0.500000,25.000000,1,1,1,0,1,
302900,0.000000,0.500000,25.000000,1,1,1,0,1,
303000,0.000000,0.500000,25.000000,1,1,1,0,1,
303100,0.000000,0.500000,25.000000,1,1,1,0,1,
303200,0.000000,0.500000,25.000000,1,1,1,0,1,
303300,0.000000,0.500000,25.000000,1,1,1,0,1,
303400,0.000000,0.500000,25.000000,1,1,1,0,1,
303500,0.000000,0.500000,25.000000,1,1,1,0,1,
303600,0.000000,0.500000,25.000000,1,1,1,0,1,
303700,0.000000,0.500000,25.000000,1,1,1,0,1,
303800,0.000000,0.500000,25.000000,1,1,1,0,1,
303900,0.000000,0.500000,25.000000,1,1,1,0,1,
304000,0.000000,0.500000,25.000000,1,1,1,0,1,
304100,0.000000,0.500000,25.000000,1,1,1,0,1,
304200,0.000000,0.500000,25.000000,1,1,1,0,1,
304300,0.000000,0.500000,25.000000,1,1,1,0,1,
304400,0.000000,0.500000,25.000000,1,1,1,0,1,
304500,0.000000,0.500000,25.000000,1,1,1,0,1,
304600,0.000000,0.500000,25.000000,1,1,1,0,1,
304700,0.000000,0.500000,25.000000,1,1,1,0,1,
304800,0.000000,0.500000,25.000000,1,1,1,0,1,
304900,0.000000,0.500000,25.000000,1,1,1,0,1,
305000,95.000000,0.500000,25.000000,1,1,1,0,1,
305100,95.000000,0.500000,25.001800,1,1,1,0,1,
305200,95.000000,0.500000,25.003600,1,1,1,0,1,
305300,95.000000,0.500000,25.005400,1,1,1,0,1,
305400,95.000000,0.500000,25.007200,1,1,1,0,1,
305500,95.000000,0.500000,25.009000,1,1,1,0,1,
305600,95.000000,0.500000,25.010800,1,1,1,0,1,
305700,95.000000,0.500000,25.012600,1,1,1,0,1,
305800,95.000000,0.500000,25.014400,1,1,1,0,1,
305900,95.000000,0.500000,25.016200,1,1,1,0,1,
306000,95.000000,0.500000,25.018000,1,1,1,0,1,
306100,95.000000,0.500000,25.019800,1,1,1,0,1,
306200,95.000000,0.500000,25.021600,1,1,1,0,1,
306300,95.000000,0.500000,25.023400,1,1,1,0,1,
306400,95.000000,0.500000,25.025200,1,1,1,0,1,
306500,95.000000,0.500000,25.027000,1,1,1,0,1,
306600,95.000000,0.500000,25.028800,1,1,1,0,1,
306700,95.000000,0.500000,25.030600,1,1,1,0,1,
306800,95.000000,0.500000,25.032400,1,1,1,0,1,
306900,95.000000,0.500000,25.034200,1,1,1,0,1,
307000,68.000000,0.500000,25.036000,1,1,1,0,1,
307100,68.000000,0.500000,25.037800,1,1,1,0,1,
307200,68.000000,0.500000,25.039600,1,1,1,0,1,
307300,68.000000,0.500000,25.041400,1,1,1,0,1,
307400,68.000000,0.500000,25.043200,1,1,1,0,1,
307500,68.000000,0.500000,25.045000,1,1,1,0,1,
307600,68.000000,0.500000,25.046800,1,1,1,0,1,
307700,68.000000,0.500000,25.048600,1,1,1,0,1,
307800,68.000000,0.500000,25.050400,1,1,1,0,1,
307900,68.000000,0.500000,25.052200,1,1,1,0,1,
308000,68.000000,0.500000,25.054000,1,1,1,0,1,
308100,68.000000,0.500000,25.055800,1,1,1,0,1,
308200,68.000000,0.500000,25.057600,1,1,1,0,1,
308300,68.000000,0.500000,25.059400,1,1,1,0,1,
308400,68.000000,0.500000,25.061200,1,1,1,0,1,
308500,68.000000,0.500000,25.063000,1,1,1,0,1,
308600,68.000000,0.500000,25.064800,1,1,1,0,1,
308700,68.000000,0.500000,25.066600,1,1,1,0,1,
308800,68.000000,0.500000,25.068400,1,1,1,0,1,
308900,68.000000,0.500000,25.070200,1,1,1,0,1,
309000,68.000000,0.500000,25.072000,1,1,1,0,1,
309100,68.000000,0.500000,25.073800,1,1,1,0,1,
309200,68.000000,0.500000,25.075600,1,1,1,0,1,
309300,68.000000,0.500000,25.077400,1,1,1,0,1,
309400,68.000000,0.500000,25.079200,1,1,1,0,1,
309500,68.000000,0.500000,25.081000,1,1,1,0,1,
309600,68.000000,0.500000,25.082800,1,1,1,0,1,
309700,68.000000,0.500000,25.084600,1,1,1,0,1,
309800,68.000000,0.500000,25.086400,1,1,1,0,1,
309900,68.000000,0.500000,25.088200,1,1,1,0,1,
310000,-25.000000,0.500000,25.090000,1,1,1,0,1,
310100,-25.000000,0.500000,25.091800,1,1,1,0,1,
310200,-25.000000,0.500000,25.093600,1,1,1,0,1,
310300,-25.000000,0.500000,25.095400,1,1,1,0,1,
310400,-25.000000,0.500000,25.097200,1,1,1,0,1,
310500,-25.000000,0.500000,25.099000,1,1,1,0,1,
310600,-25.000000,0.500000,25.100800,1,1,1,0,1,
310700,-25.000000,0.500000,25.102600,1,1,1,0,1,
310800,-25.000000,0.500000,25.104400,1,1,1,0,1,
310900,-25.000000,0.500000,25.106200,1,1,1,0,1,
311000,55.000000,0.500000,25.108000,1,1,1,0,1,
311100,55.000000,0.500000,25.109800,1,1,1,0,1,
311200,55.000000,0.500000,25.111600,1,1,1,0,1,
311300,55.000000,0.500000,25.113400,1,1,1,0,1,
311400,55.000000,0.500000,25.115200,1,1,1,0,1,
311500,55.000000,0.500000,25.117000,1,1,1,0,1,
311600,55.000000,0.500000,25.118800,1,1,1,0,1,
311700,55.000000,0.500000,25.120600,1,1,1,0,1,
311800,55.000000,0.500000,25.122400,1,1,1,0,1,
311900,55.000000,0.500000,25.124200,1,1,1,0,1,
312000,55.000000,0.500000,25.126000,1,1,1,0,1,
312100,55.000000,0.500000,25.127800,1,1,1,0,1,
312200,55.000000,0.500000,25.129600,1,1,1,0,1,
312300,55.000000,0.500000,25.131400,1,1,1,0,1,
312400,55.000000,0.500000,25.133200,1,1,1,0,1,
312500,55.000000,0.500000,25.135000,1,1,1,0,1,
312600,55.000000,0.500000,25.136800,1,1,1,0,1,
312700,55.000000,0.500000,25.138600,1,1,1,0,1,
312800,55.000000,0.500000,25.140400,1,1,1,0,1,
312900,55.000000,0.500000,25.142200,1,1,1,0,1,
313000,55.000000,0.500000,25.144000,1,1,1,0,1,
313100,55.000000,0.500000,25.145800,1,1,1,0,1,
313200,55.000000,0.500000,25.147600,1,1,1,0,1,
313300,55.000000,0.500000,25.149400,1,1,1,0,1,
313400,55.000000,0.500000,25.151200,1,1,1,0,1,
313500,55.000000,0.500000,25.153000,1,1,1,0,1,
313600,55.000000,0.500000,25.154800,1,1,1,0,1,
313700,55.000000,0.500000,25.156600,1,1,1,0,1,
313800,55.000000,0.500000,25.158400,1,1,1,0,1,
313900,55.000000,0.500000,25.160200,1,1,1,0,1,
314000,55.000000,0.500000,25.162000,1,1,1,0,1,
314100,55.000000,0.500000,25.163800,1,1,1,0,1,
314200,55.000000,0.500000,25.165600,1,1,1,0,1,
314300,55.000000,0.500000,25.167400,1,1,1,0,1,
314400,55.000000,0.500000,25.169200,1,1,1,0,1,
314500,55.000000,0.500000,25.171000,1,1,1,0,1,
314600,55.000000,0.500000,25.172800,1,1,1,0,1,
314700,55.000000,0.500000,25.174600,1,1,1,0,1,
314800,55.000000,0.500000,25.176400,1,1,1,0,1,
314900,55.000000,0.500000,25.178200,1,1,1,0,1,
315000,55.000000,0.500000,25.180000,1,1,1,0,1,
315100,55.000000,0.500000,25.181800,1,1,1,0,1,
315200,55.000000,0.500000,25.183600,1,1,1,0,1,
315300,55.000000,0.500000,25.185400,1,1,1,0,1,
315400,55.000000,0.500000,25.187200,1,1,1,0,1,
315500,55.000000,0.500000,25.189000,1,1,1,0,1,
315600,55.000000,0.500000,25.190800,1,1,1,0,1,
315700,55.000000,0.500000,25.192600,1,1,1,0,1,
315800,55.000000,0.500000,25.194400,1,1,1,0,1,
315900,55.000000,0.500000,25.196200,1,1,1,0,1,
316000,55.000000,0.500000,25.198000,1,1,1,0,1,
316100,55.000000,0.500000,25.199800,1,1,1,0,1,
316200,55.000000,0.500000,25.201600,1,1,1,0,1,
316300,55.000000,0.500000,25.203400,1,1,1,0,1,
316400,55.000000,0.500000,25.205200,1,1,1,0,1,
316500,55.000000,0.500000,25.207000,1,1,1,0,1,
316600,55.000000,0.500000,25.208800,1,1,1,0,1,
316700,55.000000,0.500000,25.210600,1,1,1,0,1,
316800,55.000000,0.500000,25.212400,1,1,1,0,1,
316900,55.000000,0.500000,25.214200,1,1,1,0,1,
317000,82.000000,0.500000,25.216000,1,1,1,0,1,
317100,82.000000,0.500000,25.217800,1,1,1,0,1,
317200,82.000000,0.500000,25.219600,1,1,1,0,1,
317300,82.000000,0.500000,25.221400,1,1,1,0,1,
317400,82.000000,0.500000,25.223200,1,1,1,0,1,
317500,82.000000,0.500000,25.225000,1,1,1,0,1,
317600,82.000000,0.500000,25.226800,1,1,1,0,1,
317700,82.000000,0.500000,25.228600,1,1,1,0,1,
317800,82.000000,0.500000,25.230400,1,1,1,0,1,
317900,82.000000,0.500000,25.232200,1,1,1,0,1,
318000,82.000000,0.500000,25.234000,1,1,1,0,1,
318100,82.000000,0.500000,25.235800,1,1,1,0,1,
318200,82.000000,0.500000,25.237600,1,1,1,0,1,
318300,82.000000,0.500000,25.239400,1,1,1,0,1,
318400,82.000000,0.500000,25.241200,1,1,1,0,1,
318500,82.000000,0.500000,25.243000,1,1,1,0,1,
318600,82.000000,0.500000,25.244800,1,1,1,0,1,
318700,82.000000,0.500000,25.246600,1,1,1,0,1,
318800,82.000000,0.500000,25.248400,1,1,1,0,1,
318900,82.000000,0.500000,25.250200,1,1,1,0,1,
319000,-15.000000,0.500000,25.252000,1,1,1,0,1,
319100,-15.000000,0.500000,25.253800,1,1,1,0,1,
319200,-15.000000,0.500000,25.255600,1,1,1,0,1,
319300,-15.000000,0.500000,25.257400,1,1,1,0,1,
319400,-15.000000,0.500000,25.259200,1,1,1,0,1,
319500,-15.000000,0.500000,25.261000,1,1,1,0,1,
319600,-15.000000,0.500000,25.262800,1,1,1,0,1,
319700,-15.000000,0.500000,25.264600,1,1,1,0,1,
319800,-15.000000,0.500000,25.266400,1,1,1,0,1,
319900,-15.000000,0.500000,25.268200,1,1,1,0,1,
320000,42.000000,0.500000,25.270000,1,1,1,0,1,
320100,42.000000,0.500000,25.271800,1,1,1,0,1,
320200,42.000000,0.500000,25.273600,1,1,1,0,1,
320300,42.000000,0.500000,25.275400,1,1,1,0,1,
320400,42.000000,0.500000,25.277200,1,1,1,0,1,
320500,42.000000,0.500000,25.279000,1,1,1,0,1,
320600,42.000000,0.500000,25.280800,1,1,1,0,1,
320700,42.000000,0.500000,25.282600,1,1,1,0,1,
320800,42.000000,0.500000,25.284400,1,1,1,0,1,
320900,42.000000,0.500000,25.286200,1,1,1,0,1,
321000,42.000000,0.500000,25.288000,1,1,1,0,1,
321100,42.000000,0.500000,25.289800,1,1,1,0,1,
321200,42.000000,0.500000,25.291600,1,1,1,0,1,
321300,42.000000,0.500000,25.293400,1,1,1,0,1,
321400,42.000000,0.500000,25.295200,1,1,1,0,1,
321500,42.000000,0.500000,25.297000,1,1,1,0,1,
321600,42.000000,0.500000,25.298800,1,1,1,0,1,
321700,42.000000,0.500000,25.300600,1,1,1,0,1,
321800,42.000000,0.500000,25.302400,1,1,1,0,1,
321900,42.000000,0.500000,25.304200,1,1,1,0,1,
322000,42.000000,0.500000,25.306000,1,1,1,0,1,
322100,42.000000,0.500000,25.307800,1,1,1,0,1,
322200,42.000000,0.500000,25.309600,1,1,1,0,1,
322300,42.000000,0.500000,25.311400,1,1,1,0,1,
322400,42.000000,0.500000,25.313200,1,1,1,0,1,
322500,42.000000,0.500000,25.315000,1,1,1,0,1,
322600,42.000000,0.500000,25.316800,1,1,1,0,1,
322700,42.000000,0.500000,25.318600,1,1,1,0,1,
322800,42.000000,0.500000,25.320400,1,1,1,0,1,
322900,42.000000,0.500000,25.322200,1,1,1,0,1,
323000,42.000000,0.500000,25.324000,1,1,1,0,1,
323100,42.000000,0.500000,25.325800,1,1,1,0,1,
323200,42.000000,0.500000,25.327600,1,1,1,0,1,
323300,42.000000,0.500000,25.329400,1,1,1,0,1,
323400,42.000000,0.500000,25.331200,1,1,1,0,1,
323500,42.000000,0.500000,25.333000,1,1,1,0,1,
323600,42.000000,0.500000,25.334800,1,1,1,0,1,
323700,42.000000,0.500000,25.336600,1,1,1,0,1,
323800,42.000000,0.500000,25.338400,1,1,1,0,1,
323900,42.000000,0.500000,25.340200,1,1,1,0,1,
324000,42.000000,0.500000,25.342000,1,1,1,0,1,
324100,42.000000,0.500000,25.343800,1,1,1,0,1,
324200,42.000000,0.500000,25.345600,1,1,1,0,1,
324300,42.000000,0.500000,25.347400,1,1,1,0,1,
324400,42.000000,0.500000,25.349200,1,1,1,0,1,
324500,42.000000,0.500000,25.351000,1,1,1,0,1,
324600,42.000000,0.500000,25.352800,1,1,1,0,1,
324700,42.000000,0.500000,25.354600,1,1,1,0,1,
324800,42.000000,0.500000,25.356400,1,1,1,0,1,
324900,42.000000,0.500000,25.358200,1,1,1,0,1,
325000,95.000000,0.500000,25.360000,1,1,1,0,1,
325100,95.000000,0.500000,25.361800,1,1,1,0,1,
325200,95.000000,0.500000,25.363600,1,1,1,0,1,
325300,95.000000,0.500000,25.365400,1,1,1,0,1,
325400,95.000000,0.500000,25.367200,1,1,1,0,1,
325500,95.000000,0.500000,25.369000,1,1,1,0,1,
325600,95.000000,0.500000,25.370800,1,1,1,0,1,
325700,95.000000,0.500000,25.372600,1,1,1,0,1,
325800,95.000000,0.500000,25.374400,1,1,1,0,1,
325900,95.000000,0.500000,25.376200,1,1,1,0,1,
326000,95.000000,0.500000,25.378000,1,1,1,0,1,
326100,95.000000,0.500000,25.379800,1,1,1,0,1,
326200,95.000000,0.500000,25.381600,1,1,1,0,1,
326300,95.000000,0.500000,25.383400,1,1,1,0,1,
326400,95.000000,0.500000,25.385200,1,1,1,0,1,
326500,95.000000,0.500000,25.387000,1,1,1,0,1,
326600,95.000000,0.500000,25.388800,1,1,1,0,1,
326700,95.000000,0.500000,25.390600,1,1,1,0,1,
326800,95.000000,0.500000,25.392400,1,1,1,0,1,
326900,95.000000,0.500000,25.394200,1,1,1,0,1,
327000,68.000000,0.500000,25.396000,1,1,1,0,1,
327100,68.000000,0.500000,25.397800,1,1,1,0,1,
327200,68.000000,0.500000,25.399600,1,1,1,0,1,
327300,68.000000,0.500000,25.401400,1,1,1,0,1,
327400,68.000000,0.500000,25.403200,1,1,1,0,1,
327500,68.000000,0.500000,25.405000,1,1,1,0,1,
327600,68.000000,0.500000,25.406800,1,1,1,0,1,
327700,68.000000,0.500000,25.408600,1,1,1,0,1,
327800,68.000000,0.500000,25.410400,1,1,1,0,1,
327900,68.000000,0.500000,25.412200,1,1,1,0,1,
328000,68.000000,0.500000,25.414000,1,1,1,0,1,
328100,68.000000,0.500000,25.415800,1,1,1,0,1,
328200,68.000000,0.500000,25.417600,1,1,1,0,1,
328300,68.000000,0.500000,25.419400,1,1,1,0,1,
328400,68.000000,0.500000,25.421200,1,1,1,0,1,
328500,68.000000,0.500000,25.423000,1,1,1,0,1,
328600,68.000000,0.500000,25.424800,1,1,1,0,1,
328700,68.000000,0.500000,25.426600,1,1,1,0,1,
328800,68.000000,0.500000,25.428400,1,1,1,0,1,
328900,68.000000,0.500000,25.430200,1,1,1,0,1,
329000,68.000000,0.500000,25.432000,1,1,1,0,1,
329100,68.000000,0.500000,25.433800,1,1,1,0,1,
329200,68.000000,0.500000,25.435600,1,1,1,0,1,
329300,68.000000,0.500000,25.437400,1,1,1,0,1,
329400,68.000000,0.500000,25.439200,1,1,1,0,1,
329500,68.000000,0.500000,25.441000,1,1,1,0,1,
329600,68.000000,0.500000,25.442800,1,1,1,0,1,
329700,68.000000,0.500000,25.444600,1,1,1,0,1,
329800,68.000000,0.500000,25.446400,1,1,1,0,1,
329900,68.000000,0.500000,25.448200,1,1,1,0,1,
330000,-25.000000,0.500000,25.450000,1,1,1,0,1,
330100,-25.000000,0.500000,25.451800,1,1,1,0,1,
330200,-25.000000,0.500000,25.453600,1,1,1,0,1,
330300,-25.000000,0.500000,25.455400,1,1,1,0,1,
330400,-25.000000,0.500000,25.457200,1,1,1,0,1,
330500,-25.000000,0.500000,25.459000,1,1,1,0,1,
330600,-25.000000,0.500000,25.460800,1,1,1,0,1,
330700,-25.000000,0.500000,25.462600,1,1,1,0,1,
330800,-25.000000,0.500000,25.464400,1,1,1,0,1,
330900,-25.000000,0.500000,25.466200,1,1,1,0,1,
331000,55.000000,0.500000,25.468000,1,1,1,0,1,
331100,55.000000,0.500000,25.469800,1,1,1,0,1,
331200,55.000000,0.500000,25.471600,1,1,1,0,1,
331300,55.000000,0.500000,25.473400,1,1,1,0,1,
331400,55.000000,0.500000,25.475200,1,1,1,0,1,
331500,55.000000,0.500000,25.477000,1,1,1,0,1,
331600,55.000000,0.500000,25.478800,1,1,1,0,1,
331700,55.000000,0.500000,25.480600,1,1,1,0,1,
331800,55.000000,0.500000,25.482400,1,1,1,0,1,
331900,55.000000,0.500000,25.484200,1,1,1,0,1,
332000,55.000000,0.500000,25.486000,1,1,1,0,1,
332100,55.000000,0.500000,25.487800,1,1,1,0,1,
332200,55.000000,0.500000,25.489600,1,1,1,0,1,
332300,55.000000,0.500000,25.491400,1,1,1,0,1,
332400,55.000000,0.500000,25.493200,1,1,1,0,1,
332500,55.000000,0.500000,25.495000,1,1,1,0,1,
332600,55.000000,0.500000,25.496800,1,1,1,0,1,
332700,55.000000,0.500000,25.498600,1,1,1,0,1,
332800,55.000000,0.500000,25.500400,1,1,1,0,1,
332900,55.000000,0.500000,25.502200,1,1,1,0,1,
333000,55.000000,0.500000,25.504000,1,1,1,0,1,
333100,55.000000,0.500000,25.505800,1,1,1,0,1,
333200,55.000000,0.500000,25.507600,1,1,1,0,1,
333300,55.000000,0.500000,25.509400,1,1,1,0,1,
333400,55.000000,0.500000,25.511200,1,1,1,0,1,
333500,55.000000,0.500000,25.513000,1,1,1,0,1,
333600,55.000000,0.500000,25.514800,1,1,1,0,1,
333700,55.000000,0.500000,25.516600,1,1,1,0,1,
333800,55.000000,0.500000,25.518400,1,1,1,0,1,
333900,55.000000,0.500000,25.520200,1,1,1,0,1,
334000,55.000000,0.500000,25.522000,1,1,1,0,1,
334100,55.000000,0.500000,25.523800,1,1,1,0,1,
334200,55.000000,0.500000,25.525600,1,1,1,0,1,
334300,55.000000,0.500000,25.527400,1,1,1,0,1,
334400,55.000000,0.500000,25.529200,1,1,1,0,1,
334500,55.000000,0.500000,25.531000,1,1,1,0,1,
334600,55.000000,0.500000,25.532800,1,1,1,0,1,
334700,55.000000,0.500000,25.534600,1,1,1,0,1,
334800,55.000000,0.500000,25.536400,1,1,1,0,1,
334900,55.000000,0.500000,25.538200,1,1,1,0,1,
335000,55.000000,0.500000,25.540000,1,1,1,0,1,
335100,55.000000,0.500000,25.541800,1,1,1,0,1,
335200,55.000000,0.500000,25.543600,1,1,1,0,1,
335300,55.000000,0.500000,25.545400,1,1,1,0,1,
335400,55.000000,0.500000,25.547200,1,1,1,0,1,
335500,55.000000,0.500000,25.549000,1,1,1,0,1,
335600,55.000000,0.500000,25.550800,1,1,1,0,1,
335700,55.000000,0.500000,25.552600,1,1,1,0,1,
335800,55.000000,0.500000,25.554400,1,1,1,0,1,
335900,55.000000,0.500000,25.556200,1,1,1,0,1,
336000,55.000000,0.500000,25.558000,1,1,1,0,1,
336100,55.000000,0.500000,25.559800,1,1,1,0,1,
336200,55.000000,0.500000,25.561600,1,1,1,0,1,
336300,55.000000,0.500000,25.563400,1,1,1,0,1,
336400,55.000000,0.500000,25.565200,1,1,1,0,1,
336500,55.000000,0.500000,25.567000,1,1,1,0,1,
336600,55.000000,0.500000,25.568800,1,1,1,0,1,
336700,55.000000,0.500000,25.570600,1,1,1,0,1,
336800,55.000000,0.500000,25.572400,1,1,1,0,1,
336900,55.000000,0.500000,25.574200,1,1,1,0,1,
337000,82.000000,0.500000,25.576000,1,1,1,0,1,
337100,82.000000,0.500000,25.577800,1,1,1,0,1,
337200,82.000000,0.500000,25.579600,1,1,1,0,1,
337300,82.000000,0.500000,25.581400,1,1,1,0,1,
337400,82.000000,0.500000,25.583200,1,1,1,0,1,
337500,82.000000,0.500000,25.585000,1,1,1,0,1,
337600,82.000000,0.500000,25.586800,1,1,1,0,1,
337700,82.000000,0.500000,25.588600,1,1,1,0,1,
337800,82.000000,0.500000,25.590400,1,1,1,0,1,
337900,82.000000,0.500000,25.592200,1,1,1,0,1,
338000,82.000000,0.500000,25.594000,1,1,1,0,1,
338100,82.000000,0.500000,25.595800,1,1,1,0,1,
338200,82.000000,0.500000,25.597600,1,1,1,0,1,
338300,82.000000,0.500000,25.599400,1,1,1,0,1,
338400,82.000000,0.500000,25.601200,1,1,1,0,1,
338500,82.000000,0.500000,25.603000,1,1,1,0,1,
338600,82.000000,0.500000,25.604800,1,1,1,0,1,
338700,82.000000,0.500000,25.606600,1,1,1,0,1,
338800,82.000000,0.500000,25.608400,1,1,1,0,1,
338900,82.000000,0.500000,25.610200,1,1,1,0,1,
339000,-15.000000,0.500000,25.612000,1,1,1,0,1,
339100,-15.000000,0.500000,25.613800,1,1,1,0,1,
339200,-15.000000,0.500000,25.615600,1,1,1,0,1,
339300,-15.000000,0.500000,25.617400,1,1,1,0,1,
339400,-15.000000,0.500000,25.619200,1,1,1,0,1,
339500,-15.000000,0.500000,25.621000,1,1,1,0,1,
339600,-15.000000,0.500000,25.622800,1,1,1,0,1,
339700,-15.000000,0.500000,25.624600,1,1,1,0,1,
339800,-15.000000,0.500000,25.626400,1,1,1,0,1,
339900,-15.000000,0.500000,25.628200,1,1,1,0,1,
340000,42.000000,0.500000,25.630000,1,1,1,0,1,
340100,42.000000,0.500000,25.631800,1,1,1,0,1,
340200,42.000000,0.500000,25.633600,1,1,1,0,1,
340300,42.000000,0.500000,25.635400,1,1,1,0,1,
340400,42.000000,0.500000,25.637200,1,1,1,0,1,
340500,42.000000,0.500000,25.639000,1,1,1,0,1,
340600,42.000000,0.500000,25.640800,1,1,1,0,1,
340700,42.000000,0.500000,25.642600,1,1,1,0,1,
340800,42.000000,0.500000,25.644400,1,1,1,0,1,
340900,42.000000,0.500000,25.646200,1,1,1,0,1,
341000,42.000000,0.500000,25.648000,1,1,1,0,1,
341100,42.000000,0.500000,25.649800,1,1,1,0,1,
341200,42.000000,0.500000,25.651600,1,1,1,0,1,
341300,42.000000,0.500000,25.653400,1,1,1,0,1,
341400,42.000000,0.500000,25.655200,1,1,1,0,1,
341500,42.000000,0.500000,25.657000,1,1,1,0,1,
341600,42.000000,0.500000,25.658800,1,1,1,0,1,
341700,42.000000,0.500000,25.660600,1,1,1,0,1,
341800,42.000000,0.500000,25.662400,1,1,1,0,1,
341900,42.000000,0.500000,25.664200,1,1,1,0,1,
342000,42.000000,0.500000,25.666000,1,1,1,0,1,
342100,42.000000,0.500000,25.667800,1,1,1,0,1,
342200,42.000000,0.500000,25.669600,1,1,1,0,1,
342300,42.000000,0.500000,25.671400,1,1,1,0,1,
342400,42.000000,0.500000,25.673200,1,1,1,0,1,
342500,42.000000,0.500000,25.675000,1,1,1,0,1,
342600,42.000000,0.500000,25.676800,1,1,1,0,1,
342700,42.000000,0.500000,25.678600,1,1,1,0,1,
342800,42.000000,0.500000,25.680400,1,1,1,0,1,
342900,42.000000,0.500000,25.682200,1,1,1,0,1,
343000,42.000000,0.500000,25.684000,1,1,1,0,1,
343100,42.000000,0.500000,25.685800,1,1,1,0,1,
343200,42.000000,0.500000,25.687600,1,1,1,0,1,
343300,42.000000,0.500000,25.689400,1,1,1,0,1,
343400,42.000000,0.500000,25.691200,1,1,1,0,1,
343500,42.000000,0.500000,25.693000,1,1,1,0,1,
343600,42.000000,0.500000,25.694800,1,1,1,0,1,
343700,42.000000,0.500000,25.696600,1,1,1,0,1,
343800,42.000000,0.500000,25.698400,1,1,1,0,1,
343900,42.000000,0.500000,25.700200,1,1,1,0,1,
344000,42.000000,0.500000,25.702000,1,1,1,0,1,
344100,42.000000,0.500000,25.703800,1,1,1,0,1,
344200,42.000000,0.500000,25.705600,1,1,1,0,1,
344300,42.000000,0.500000,25.707400,1,1,1,0,1,
344400,42.000000,0.500000,25.709200,1,1,1,0,1,
344500,42.000000,0.500000,25.711000,1,1,1,0,1,
344600,42.000000,0.500000,25.712800,1,1,1,0,1,
344700,42.000000,0.500000,25.714600,1,1,1,0,1,
344800,42.000000,0.500000,25.716400,1,1,1,0,1,
344900,42.000000,0.500000,25.718200,1,1,1,0,1,
345000,95.000000,0.500000,25.720000,1,1,1,0,1,
345100,95.000000,0.500000,25.721800,1,1,1,0,1,
345200,95.000000,0.500000,25.723600,1,1,1,0,1,
345300,95.000000,0.500000,25.725400,1,1,1,0,1,
345400,95.000000,0.500000,25.727200,1,1,1,0,1,
345500,95.000000,0.500000,25.729000,1,1,1,0,1,
345600,95.000000,0.500000,25.730800,1,1,1,0,1,
345700,95.000000,0.500000,25.732600,1,1,1,0,1,
345800,95.000000,0.500000,25.734400,1,1,1,0,1,
345900,95.000000,0.500000,25.736200,1,1,1,0,1,
346000,95.000000,0.500000,25.738000,1,1,1,0,1,
346100,95.000000,0.500000,25.739800,1,1,1,0,1,
346200,95.000000,0.500000,25.741600,1,1,1,0,1,
346300,95.000000,0.500000,25.743400,1,1,1,0,1,
346400,95.000000,0.500000,25.745200,1,1,1,0,1,
346500,95.000000,0.500000,25.747000,1,1,1,0,1,
346600,95.000000,0.500000,25.748800,1,1,1,0,1,
346700,95.000000,0.500000,25.750600,1,1,1,0,1,
346800,95.000000,0.500000,25.752400,1,1,1,0,1,
346900,95.000000,0.500000,25.754200,1,1,1,0,1,
347000,68.000000,0.500000,25.756000,1,1,1,0,1,
347100,68.000000,0.500000,25.757800,1,1,1,0,1,
347200,68.000000,0.500000,25.759600,1,1,1,0,1,
347300,68.000000,0.500000,25.761400,1,1,1,0,1,
347400,68.000000,0.500000,25.763200,1,1,1,0,1,
347500,68.000000,0.500000,25.765000,1,1,1,0,1,
347600,68.000000,0.500000,25.766800,1,1,1,0,1,
347700,68.000000,0.500000,25.768600,1,1,1,0,1,
347800,68.000000,0.500000,25.770400,1,1,1,0,1,
347900,68.000000,0.500000,25.772200,1,1,1,0,1,
348000,68.000000,0.500000,25.774000,1,1,1,0,1,
348100,68.000000,0.500000,25.775800,1,1,1,0,1,
348200,68.000000,0.500000,25.777600,1,1,1,0,1,
348300,68.000000,0.500000,25.779400,1,1,1,0,1,
348400,68.000000,0.500000,25.781200,1,1,1,0,1,
348500,68.000000,0.500000,25.783000,1,1,1,0,1,
348600,68.000000,0.500000,25.784800,1,1,1,0,1,
348700,68.000000,0.500000,25.786600,1,1,1,0,1,
348800,68.000000,0.500000,25.788400,1,1,1,0,1,
348900,68.000000,0.500000,25.790200,1,1,1,0,1,
349000,68.000000,0.500000,25.792000,1,1,1,0,1,
349100,68.000000,0.500000,25.793800,1,1,1,0,1,
349200,68.000000,0.500000,25.795600,1,1,1,0,1,
349300,68.000000,0.500000,25.797400,1,1,1,0,1,
349400,68.000000,0.500000,25.799200,1,1,1,0,1,
349500,68.000000,0.500000,25.801000,1,1,1,0,1,
349600,68.000000,0.500000,25.802800,1,1,1,0,1,
349700,68.000000,0.500000,25.804600,1,1,1,0,1,
349800,68.000000,0.500000,25.806400,1,1,1,0,1,
349900,68.000000,0.500000,25.808200,1,1,1,0,1,
350000,-25.000000,0.500000,25.810000,1,1,1,0,1,
350100,-25.000000,0.500000,25.811800,1,1,1,0,1,
350200,-25.000000,0.500000,25.813600,1,1,1,0,1,
350300,-25.000000,0.500000,25.815400,1,1,1,0,1,
350400,-25.000000,0.500000,25.817200,1,1,1,0,1,
350500,-25.000000,0.500000,25.819000,1,1,1,0,1,
350600,-25.000000,0.500000,25.820800,1,1,1,0,1,
350700,-25.000000,0.500000,25.822600,1,1,1,0,1,
350800,-25.000000,0.500000,25.824400,1,1,1,0,1,
350900,-25.000000,0.500000,25.826200,1,1,1,0,1,
351000,55.000000,0.500000,25.828000,1,1,1,0,1,
351100,55.000000,0.500000,25.829800,1,1,1,0,1,
351200,55.000000,0.500000,25.831600,1,1,1,0,1,
351300,55.000000,0.500000,25.833400,1,1,1,0,1,
351400,55.000000,0.500000,25.835200,1,1,1,0,1,
351500,55.000000,0.500000,25.837000,1,1,1,0,1,
351600,55.000000,0.500000,25.838800,1,1,1,0,1,
351700,55.000000,0.500000,25.840600,1,1,1,0,1,
351800,55.000000,0.500000,25.842400,1,1,1,0,1,
351900,55.000000,0.500000,25.844200,1,1,1,0,1,
352000,55.000000,0.500000,25.846000,1,1,1,0,1,
352100,55.000000,0.500000,25.847800,1,1,1,0,1,
352200,55.000000,0.500000,25.849600,1,1,1,0,1,
352300,55.000000,0.500000,25.851400,1,1,1,0,1,
352400,55.000000,0.500000,25.853200,1,1,1,0,1,
352500,55.000000,0.500000,25.855000,1,1,1,0,1,
352600,55.000000,0.500000,25.856800,1,1,1,0,1,
352700,55.000000,0.500000,25.858600,1,1,1,0,1,
352800,55.000000,0.500000,25.860400,1,1,1,0,1,
352900,55.000000,0.500000,25.862200,1,1,1,0,1,
353000,55.000000,0.500000,25.864000,1,1,1,0,1,
353100,55.000000,0.500000,25.865800,1,1,1,0,1,
353200,55.000000,0.500000,25.867600,1,1,1,0,1,
353300,55.000000,0.500000,25.869400,1,1,1,0,1,
353400,55.000000,0.500000,25.871200,1,1,1,0,1,
353500,55.000000,0.500000,25.873000,1,1,1,0,1,
353600,55.000000,0.500000,25.874800,1,1,1,0,1,
353700,55.000000,0.500000,25.876600,1,1,1,0,1,
353800,55.000000,0.500000,25.878400,1,1,1,0,1,
353900,55.000000,0.500000,25.880200,1,1,1,0,1,
354000,55.000000,0.500000,25.882000,1,1,1,0,1,
354100,55.000000,0.500000,25.883800,1,1,1,0,1,
354200,55.000000,0.500000,25.885600,1,1,1,0,1,
354300,55.000000,0.500000,25.887400,1,1,1,0,1,
354400,55.000000,0.500000,25.889200,1,1,1,0,1,
354500,55.000000,0.500000,25.891000,1,1,1,0,1,
354600,55.000000,0.500000,25.892800,1,1,1,0,1,
354700,55.000000,0.500000,25.894600,1,1,1,0,1,
354800,55.000000,0.500000,25.896400,1,1,1,0,1,
354900,55.000000,0.500000,25.898200,1,1,1,0,1,
355000,55.000000,0.500000,25.900000,1,1,1,0,1,
355100,55.000000,0.500000,25.901800,1,1,1,0,1,
355200,55.000000,0.500000,25.903600,1,1,1,0,1,
355300,55.000000,0.500000,25.905400,1,1,1,0,1,
355400,55.000000,0.500000,25.907200,1,1,1,0,1,
355500,55.000000,0.500000,25.909000,1,1,1,0,1,
355600,55.000000,0.500000,25.910800,1,1,1,0,1,
355700,55.000000,0.500000,25.912600,1,1,1,0,1,
355800,55.000000,0.500000,25.914400,1,1,1,0,1,
355900,55.000000,0.500000,25.916200,1,1,1,0,1,
356000,55.000000,0.500000,25.918000,1,1,1,0,1,
356100,55.000000,0.500000,25.919800,1,1,1,0,1,
356200,55.000000,0.500000,25.921600,1,1,1,0,1,
356300,55.000000,0.500000,25.923400,1,1,1,0,1,
356400,55.000000,0.500000,25.925200,1,1,1,0,1,
356500,55.000000,0.500000,25.927000,1,1,1,0,1,
356600,55.000000,0.500000,25.928800,1,1,1,0,1,
356700,55.000000,0.500000,25.930600,1,1,1,0,1,
356800,55.000000,0.500000,25.932400,1,1,1,0,1,
356900,55.000000,0.500000,25.934200,1,1,1,0,1,
357000,82.000000,0.500000,25.936000,1,1,1,0,1,
357100,82.000000,0.500000,25.937800,1,1,1,0,1,
357200,82.000000,0.500000,25.939600,1,1,1,0,1,
357300,82.000000,0.500000,25.941400,1,1,1,0,1,
357400,82.000000,0.500000,25.943200,1,1,1,0,1,
357500,82.000000,0.500000,25.945000,1,1,1,0,1,
357600,82.000000,0.500000,25.946800,1,1,1,0,1,
357700,82.000000,0.500000,25.948600,1,1,1,0,1,
357800,82.000000,0.500000,25.950400,1,1,1,0,1,
357900,82.000000,0.500000,25.952200,1,1,1,0,1,
358000,82.000000,0.500000,25.954000,1,1,1,0,1,
358100,82.000000,0.500000,25.955800,1,1,1,0,1,
358200,82.000000,0.500000,25.957600,1,1,1,0,1,
358300,82.000000,0.500000,25.959400,1,1,1,0,1,
358400,82.000000,0.500000,25.961200,1,1,1,0,1,
358500,82.000000,0.500000,25.963000,1,1,1,0,1,
358600,82.000000,0.500000,25.964800,1,1,1,0,1,
358700,82.000000,0.500000,25.966600,1,1,1,0,1,
358800,82.000000,0.500000,25.968400,1,1,1,0,1,
358900,82.000000,0.500000,25.970200,1,1,1,0,1,
359000,-15.000000,0.500000,25.972000,1,1,1,0,1,
359100,-15.000000,0.500000,25.973800,1,1,1,0,1,
359200,-15.000000,0.500000,25.975600,1,1,1,0,1,
359300,-15.000000,0.500000,25.977400,1,1,1,0,1,
359400,-15.000000,0.500000,25.979200,1,1,1,0,1,
359500,-15.000000,0.500000,25.981000,1,1,1,0,1,
359600,-15.000000,0.500000,25.982800,1,1,1,0,1,
359700,-15.000000,0.500000,25.984600,1,1,1,0,1,
359800,-15.000000,0.500000,25.986400,1,1,1,0,1,
359900,-15.000000,0.500000,25.988200,1,1,1,0,1,
360000,42.000000,0.500000,25.990000,1,1,1,0,1,
360100,42.000000,0.500000,25.991800,1,1,1,0,1,
360200,42.000000,0.500000,25.993600,1,1,1,0,1,
360300,42.000000,0.500000,25.995400,1,1,1,0,1,
360400,42.000000,0.500000,25.997200,1,1,1,0,1,
360500,42.000000,0.500000,25.999000,1,1,1,0,1,
360600,42.000000,0.500000,26.000800,1,1,1,0,1,
360700,42.000000,0.500000,26.002600,1,1,1,0,1,
360800,42.000000,0.500000,26.004400,1,1,1,0,1,
360900,42.000000,0.500000,26.006200,1,1,1,0,1,
361000,42.000000,0.500000,26.008000,1,1,1,0,1,
361100,42.000000,0.500000,26.009800,1,1,1,0,1,
361200,42.000000,0.500000,26.011600,1,1,1,0,1,
361300,42.000000,0.500000,26.013400,1,1,1,0,1,
361400,42.000000,0.500000,26.015200,1,1,1,0,1,
361500,42.000000,0.500000,26.017000,1,1,1,0,1,
361600,42.000000,0.500000,26.018800,1,1,1,0,1,
361700,42.000000,0.500000,26.020600,1,1,1,0,1,
361800,42.000000,0.500000,26.022400,1,1,1,0,1,
361900,42.000000,0.500000,26.024200,1,1,1,0,1,
362000,42.000000,0.500000,26.026000,1,1,1,0,1,
362100,42.000000,0.500000,26.027800,1,1,1,0,1,
362200,42.000000,0.500000,26.029600,1,1,1,0,1,
362300,42.000000,0.500000,26.031400,1,1,1,0,1,
362400,42.000000,0.500000,26.033200,1,1,1,0,1,
362500,42.000000,0.500000,26.035000,1,1,1,0,1,
362600,42.000000,0.500000,26.036800,1,1,1,0,1,
362700,42.000000,0.500000,26.038600,1,1,1,0,1,
362800,42.000000,0.500000,26.040400,1,1,1,0,1,
362900,42.000000,0.500000,26.042200,1,1,1,0,1,
363000,42.000000,0.500000,26.044000,1,1,1,0,1,
363100,42.000000,0.500000,26.045800,1,1,1,0,1,
363200,42.000000,0.500000,26.047600,1,1,1,0,1,
363300,42.000000,0.500000,26.049400,1,1,1,0,1,
363400,42.000000,0.500000,26.051200,1,1,1,0,1,
363500,42.000000,0.500000,26.053000,1,1,1,0,1,
363600,42.000000,0.500000,26.054800,1,1,1,0,1,
363700,42.000000,0.500000,26.056600,1,1,1,0,1,
363800,42.000000,0.500000,26.058400,1,1,1,0,1,
363900,42.000000,0.500000,26.060200,1,1,1,0,1,
364000,42.000000,0.500000,26.062000,1,1,1,0,1,
364100,42.000000,0.500000,26.063800,1,1,1,0,1,
364200,42.000000,0.500000,26.065600,1,1,1,0,1,
364300,42.000000,0.500000,26.067400,1,1,1,0,1,
364400,42.000000,0.500000,26.069200,1,1,1,0,1,
364500,42.000000,0.500000,26.071000,1,1,1,0,1,
364600,42.000000,0.500000,26.072800,1,1,1,0,1,
364700,42.000000,0.500000,26.074600,1,1,1,0,1,
364800,42.000000,0.500000,26.076400,1,1,1,0,1,
364900,42.000000,0.500000,26.078200,1,1,1,0,1,
365000,95.000000,0.500000,26.080000,1,1,1,0,1,
365100,95.000000,0.500000,26.081800,1,1,1,0,1,
365200,95.000000,0.500000,26.083600,1,1,1,0,1,
365300,95.000000,0.500000,26.085400,1,1,1,0,1,
365400,95.000000,0.500000,26.087200,1,1,1,0,1,
365500,95.000000,0.500000,26.089000,1,1,1,0,1,
365600,95.000000,0.500000,26.090800,1,1,1,0,1,
365700,95.000000,0.500000,26.092600,1,1,1,0,1,
365800,95.000000,0.500000,26.094400,1,1,1,0,1,
365900,95.000000,0.500000,26.096200,1,1,1,0,1,
366000,95.000000,0.500000,26.098000,1,1,1,0,1,
366100,95.000000,0.500000,26.099800,1,1,1,0,1,
366200,95.000000,0.500000,26.101600,1,1,1,0,1,
366300,95.000000,0.500000,26.103400,1,1,1,0,1,
366400,95.000000,0.500000,26.105200,1,1,1,0,1,
366500,95.000000,0.500000,26.107000,1,1,1,0,1,
366600,95.000000,0.500000,26.108800,1,1,1,0,1,
366700,95.000000,0.500000,26.110600,1,1,1,0,1,
366800,95.000000,0.500000,26.112400,1,1,1,0,1,
366900,95.000000,0.500000,26.114200,1,1,1,0,1,
367000,68.000000,0.500000,26.116000,1,1,1,0,1,
367100,68.000000,0.500000,26.117800,1,1,1,0,1,
367200,68.000000,0.500000,26.119600,1,1,1,0,1,
367300,68.000000,0.500000,26.121400,1,1,1,0,1,
367400,68.000000,0.500000,26.123200,1,1,1,0,1,
367500,68.000000,0.500000,26.125000,1,1,1,0,1,
367600,68.000000,0.500000,26.126800,1,1,1,0,1,
367700,68.000000,0.500000,26.128600,1,1,1,0,1,
367800,68.000000,0.500000,26.130400,1,1,1,0,1,
367900,68.000000,0.500000,26.132200,1,1,1,0,1,
368000,68.000000,0.500000,26.134000,1,1,1,0,1,
368100,68.000000,0.500000,26.135800,1,1,1,0,1,
368200,68.000000,0.500000,26.137600,1,1,1,0,1,
368300,68.000000,0.500000,26.139400,1,1,1,0,1,
368400,68.000000,0.500000,26.141200,1,1,1,0,1,
368500,68.000000,0.500000,26.143000,1,1,1,0,1,
368600,68.000000,0.500000,26.144800,1,1,1,0,1,
368700,68.000000,0.500000,26.146600,1,1,1,0,1,
368800,68.000000,0.500000,26.148400,1,1,1,0,1,
368900,68.000000,0.500000,26.150200,1,1,1,0,1,
369000,68.000000,0.500000,26.152000,1,1,1,0,1,
369100,68.000000,0.500000,26.153800,1,1,1,0,1,
369200,68.000000,0.500000,26.155600,1,1,1,0,1,
369300,68.000000,0.500000,26.157400,1,1,1,0,1,
369400,68.000000,0.500000,26.159200,1,1,1,0,1,
369500,68.000000,0.500000,26.161000,1,1,1,0,1,
369600,68.000000,0.500000,26.162800,1,1,1,0,1,
369700,68.000000,0.500000,26.164600,1,1,1,0,1,
369800,68.000000,0.500000,26.166400,1,1,1,0,1,
369900,68.000000,0.500000,26.168200,1,1,1,0,1,
370000,-25.000000,0.500000,26.170000,1,1,1,0,1,
370100,-25.000000,0.500000,26.171800,1,1,1,0,1,
370200,-25.000000,0.500000,26.173600,1,1,1,0,1,
370300,-25.000000,0.500000,26.175400,1,1,1,0,1,
370400,-25.000000,0.500000,26.177200,1,1,1,0,1,
370500,-25.000000,0.500000,26.179000,1,1,1,0,1,
370600,-25.000000,0.500000,26.180800,1,1,1,0,1,
370700,-25.000000,0.500000,26.182600,1,1,1,0,1,
370800,-25.000000,0.500000,26.184400,1,1,1,0,1,
370900,-25.000000,0.500000,26.186200,1,1,1,0,1,
371000,55.000000,0.500000,26.188000,1,1,1,0,1,
371100,55.000000,0.500000,26.189800,1,1,1,0,1,
371200,55.000000,0.500000,26.191600,1,1,1,0,1,
371300,55.000000,0.500000,26.193400,1,1,1,0,1,
371400,55.000000,0.500000,26.195200,1,1,1,0,1,
371500,55.000000,0.500000,26.197000,1,1,1,0,1,
371600,55.000000,0.500000,26.198800,1,1,1,0,1,
371700,55.000000,0.500000,26.200600,1,1,1,0,1,
371800,55.000000,0.500000,26.202400,1,1,1,0,1,
371900,55.000000,0.500000,26.204200,1,1,1,0,1,
372000,55.000000,0.500000,26.206000,1,1,1,0,1,
372100,55.000000,0.500000,26.207800,1,1,1,0,1,
372200,55.000000,0.500000,26.209600,1,1,1,0,1,
372300,55.000000,0.500000,26.211400,1,1,1,0,1,
372400,55.000000,0.500000,26.213200,1,1,1,0,1,
372500,55.000000,0.500000,26.215000,1,1,1,0,1,
372600,55.000000,0.500000,26.216800,1,1,1,0,1,
372700,55.000000,0.500000,26.218600,1,1,1,0,1,
372800,55.000000,0.500000,26.220400,1,1,1,0,1,
372900,55.000000,0.500000,26.222200,1,1,1,0,1,
373000,55.000000,0.500000,26.224000,1,1,1,0,1,
373100,55.000000,0.500000,26.225800,1,1,1,0,1,
373200,55.000000,0.500000,26.227600,1,1,1,0,1,
373300,55.000000,0.500000,26.229400,1,1,1,0,1,
373400,55.000000,0.500000,26.231200,1,1,1,0,1,
373500,55.000000,0.500000,26.233000,1,1,1,0,1,
373600,55.000000,0.500000,26.234800,1,1,1,0,1,
373700,55.000000,0.500000,26.236600,1,1,1,0,1,
373800,55.000000,0.500000,26.238400,1,1,1,0,1,
373900,55.000000,0.500000,26.240200,1,1,1,0,1,
374000,55.000000,0.500000,26.242000,1,1,1,0,1,
374100,55.000000,0.500000,26.243800,1,1,1,0,1,
374200,55.000000,0.500000,26.245600,1,1,1,0,1,
374300,55.000000,0.500000,26.247400,1,1,1,0,1,
374400,55.000000,0.500000,26.249200,1,1,1,0,1,
374500,55.000000,0.500000,26.251000,1,1,1,0,1,
374600,55.000000,0.500000,26.252800,1,1,1,0,1,
374700,55.000000,0.500000,26.254600,1,1,1,0,1,
374800,55.000000,0.500000,26.256400,1,1,1,0,1,
374900,55.000000,0.500000,26.258200,1,1,1,0,1,
375000,55.000000,0.500000,26.260000,1,1,1,0,1,
375100,55.000000,0.500000,26.261800,1,1,1,0,1,
375200,55.000000,0.500000,26.263600,1,1,1,0,1,
375300,55.000000,0.500000,26.265400,1,1,1,0,1,
375400,55.000000,0.500000,26.267200,1,1,1,0,1,
375500,55.000000,0.500000,26.269000,1,1,1,0,1,
375600,55.000000,0.500000,26.270800,1,1,1,0,1,
375700,55.000000,0.500000,26.272600,1,1,1,0,1,
375800,55.000000,0.500000,26.274400,1,1,1,0,1,
375900,55.000000,0.500000,26.276200,1,1,1,0,1,
376000,55.000000,0.500000,26.278000,1,1,1,0,1,
376100,55.000000,0.500000,26.279800,1,1,1,0,1,
376200,55.000000,0.500000,26.281600,1,1,1,0,1,
376300,55.000000,0.500000,26.283400,1,1,1,0,1,
376400,55.000000,0.500000,26.285200,1,1,1,0,1,
376500,55.000000,0.500000,26.287000,1,1,1,0,1,
376600,55.000000,0.500000,26.288800,1,1,1,0,1,
376700,55.000000,0.500000,26.290600,1,1,1,0,1,
376800,55.000000,0.500000,26.292400,1,1,1,0,1,
376900,55.000000,0.500000,26.294200,1,1,1,0,1,
377000,82.000000,0.500000,26.296000,1,1,1,0,1,
377100,82.000000,0.500000,26.297800,1,1,1,0,1,
377200,82.000000,0.500000,26.299600,1,1,1,0,1,
377300,82.000000,0.500000,26.301400,1,1,1,0,1,
377400,82.000000,0.500000,26.303200,1,1,1,0,1,
377500,82.000000,0.500000,26.305000,1,1,1,0,1,
377600,82.000000,0.500000,26.306800,1,1,1,0,1,
377700,82.000000,0.500000,26.308600,1,1,1,0,1,
377800,82.000000,0.500000,26.310400,1,1,1,0,1,
377900,82.000000,0.500000,26.312200,1,1,1,0,1,
378000,82.000000,0.500000,26.314000,1,1,1,0,1,
378100,82.000000,0.500000,26.315800,1,1,1,0,1,
378200,82.000000,0.500000,26.317600,1,1,1,0,1,
378300,82.000000,0.500000,26.319400,1,1,1,0,1,
378400,82.000000,0.500000,26.321200,1,1,1,0,1,
378500,82.000000,0.500000,26.323000,1,1,1,0,1,
378600,82.000000,0.500000,26.324800,1,1,1,0,1,
378700,82.000000,0.500000,26.326600,1,1,1,0,1,
378800,82.000000,0.500000,26.328400,1,1,1,0,1,
378900,82.000000,0.500000,26.330200,1,1,1,0,1,
379000,-15.000000,0.500000,26.332000,1,1,1,0,1,
379100,-15.000000,0.500000,26.333800,1,1,1,0,1,
379200,-15.000000,0.500000,26.335600,1,1,1,0,1,
379300,-15.000000,0.500000,26.337400,1,1,1,0,1,
379400,-15.000000,0.500000,26.339200,1,1,1,0,1,
379500,-15.000000,0.500000,26.341000,1,1,1,0,1,
379600,-15.000000,0.500000,26.342800,1,1,1,0,1,
379700,-15.000000,0.500000,26.344600,1,1,1,0,1,
379800,-15.000000,0.500000,26.346400,1,1,1,0,1,
379900,-15.000000,0.500000,26.348200,1,1,1,0,1,
380000,42.000000,0.500000,26.350000,1,1,1,0,1,
380100,42.000000,0.500000,26.351800,1,1,1,0,1,
380200,42.000000,0.500000,26.353600,1,1,1,0,1,
380300,42.000000,0.500000,26.355400,1,1,1,0,1,
380400,42.000000,0.500000,26.357200,1,1,1,0,1,
380500,42.000000,0.500000,26.359000,1,1,1,0,1,
380600,42.000000,0.500000,26.360800,1,1,1,0,1,
380700,42.000000,0.500000,26.362600,1,1,1,0,1,
380800,42.000000,0.500000,26.364400,1,1,1,0,1,
380900,42.000000,0.500000,26.366200,1,1,1,0,1,
381000,42.000000,0.500000,26.368000,1,1,1,0,1,
381100,42.000000,0.500000,26.369800,1,1,1,0,1,
381200,42.000000,0.500000,26.371600,1,1,1,0,1,
381300,42.000000,0.500000,26.373400,1,1,1,0,1,
381400,42.000000,0.500000,26.375200,1,1,1,0,1,
381500,42.000000,0.500000,26.377000,1,1,1,0,1,
381600,42.000000,0.500000,26.378800,1,1,1,0,1,
381700,42.000000,0.500000,26.380600,1,1,1,0,1,
381800,42.000000,0.500000,26.382400,1,1,1,0,1,
381900,42.000000,0.500000,26.384200,1,1,1,0,1,
382000,42.000000,0.500000,26.386000,1,1,1,0,1,
382100,42.000000,0.500000,26.387800,1,1,1,0,1,
382200,42.000000,0.500000,26.389600,1,1,1,0,1,
382300,42.000000,0.500000,26.391400,1,1,1,0,1,
382400,42.000000,0.500000,26.393200,1,1,1,0,1,
382500,42.000000,0.500000,26.395000,1,1,1,0,1,
382600,42.000000,0.500000,26.396800,1,1,1,0,1,
382700,42.000000,0.500000,26.398600,1,1,1,0,1,
382800,42.000000,0.500000,26.400400,1,1,1,0,1,
382900,42.000000,0.500000,26.402200,1,1,1,0,1,
383000,42.000000,0.500000,26.404000,1,1,1,0,1,
383100,42.000000,0.500000,26.405800,1,1,1,0,1,
383200,42.000000,0.500000,26.407600,1,1,1,0,1,
383300,42.000000,0.500000,26.409400,1,1,1,0,1,
383400,42.000000,0.500000,26.411200,1,1,1,0,1,
383500,42.000000,0.500000,26.413000,1,1,1,0,1,
383600,42.000000,0.500000,26.414800,1,1,1,0,1,
383700,42.000000,0.500000,26.416600,1,1,1,0,1,
383800,42.000000,0.500000,26.418400,1,1,1,0,1,
383900,42.000000,0.500000,26.420200,1,1,1,0,1,
384000,42.000000,0.500000,26.422000,1,1,1,0,1,
384100,42.000000,0.500000,26.423800,1,1,1,0,1,
384200,42.000000,0.500000,26.425600,1,1,1,0,1,
384300,42.000000,0.500000,26.427400,1,1,1,0,1,
384400,42.000000,0.500000,26.429200,1,1,1,0,1,
384500,42.000000,0.500000,26.431000,1,1,1,0,1,
384600,42.000000,0.500000,26.432800,1,1,1,0,1,
384700,42.000000,0.500000,26.434600,1,1,1,0,1,
384800,42.000000,0.500000,26.436400,1,1,1,0,1,
384900,42.000000,0.500000,26.438200,1,1,1,0,1,
385000,95.000000,0.500000,26.440000,1,1,1,0,1,
385100,95.000000,0.500000,26.441800,1,1,1,0,1,
385200,95.000000,0.500000,26.443600,1,1,1,0,1,
385300,95.000000,0.500000,26.445400,1,1,1,0,1,
385400,95.000000,0.500000,26.447200,1,1,1,0,1,
385500,95.000000,0.500000,26.449000,1,1,1,0,1,
385600,95.000000,0.500000,26.450800,1,1,1,0,1,
385700,95.000000,0.500000,26.452600,1,1,1,0,1,
385800,95.000000,0.500000,26.454400,1,1,1,0,1,
385900,95.000000,0.500000,26.456200,1,1,1,0,1,
386000,95.000000,0.500000,26.458000,1,1,1,0,1,
386100,95.000000,0.500000,26.459800,1,1,1,0,1,
386200,95.000000,0.500000,26.461600,1,1,1,0,1,
386300,95.000000,0.500000,26.463400,1,1,1,0,1,
386400,95.000000,0.500000,26.465200,1,1,1,0,1,
386500,95.000000,0.500000,26.467000,1,1,1,0,1,
386600,95.000000,0.500000,26.468800,1,1,1,0,1,
386700,95.000000,0.500000,26.470600,1,1,1,0,1,
386800,95.000000,0.500000,26.472400,1,1,1,0,1,
386900,95.000000,0.500000,26.474200,1,1,1,0,1,
387000,68.000000,0.500000,26.476000,1,1,1,0,1,
387100,68.000000,0.500000,26.477800,1,1,1,0,1,
387200,68.000000,0.500000,26.479600,1,1,1,0,1,
387300,68.000000,0.500000,26.481400,1,1,1,0,1,
387400,68.000000,0.500000,26.483200,1,1,1,0,1,
387500,68.000000,0.500000,26.485000,1,1,1,0,1,
387600,68.000000,0.500000,26.486800,1,1,1,0,1,
387700,68.000000,0.500000,26.488600,1,1,1,0,1,
387800,68.000000,0.500000,26.490400,1,1,1,0,1,
387900,68.000000,0.500000,26.492200,1,1,1,0,1,
388000,68.000000,0.500000,26.494000,1,1,1,0,1,
388100,68.000000,0.500000,26.495800,1,1,1,0,1,
388200,68.000000,0.500000,26.497600,1,1,1,0,1,
388300,68.000000,0.500000,26.499400,1,1,1,0,1,
388400,68.000000,0.500000,26.501200,1,1,1,0,1,
388500,68.000000,0.500000,26.503000,1,1,1,0,1,
388600,68.000000,0.500000,26.504800,1,1,1,0,1,
388700,68.000000,0.500000,26.506600,1,1,1,0,1,
388800,68.000000,0.500000,26.508400,1,1,1,0,1,
388900,68.000000,0.500000,26.510200,1,1,1,0,1,
389000,68.000000,0.500000,26.512000,1,1,1,0,1,
389100,68.000000,0.500000,26.513800,1,1,1,0,1,
389200,68.000000,0.500000,26.515600,1,1,1,0,1,
389300,68.000000,0.500000,26.517400,1,1,1,0,1,
389400,68.000000,0.500000,26.519200,1,1,1,0,1,
389500,68.000000,0.500000,26.521000,1,1,1,0,1,
389600,68.000000,0.500000,26.522800,1,1,1,0,1,
389700,68.000000,0.500000,26.524600,1,1,1,0,1,
389800,68.000000,0.500000,26.526400,1,1,1,0,1,
389900,68.000000,0.500000,26.528200,1,1,1,0,1,
390000,-25.000000,0.500000,26.530000,1,1,1,0,1,
390100,-25.000000,0.500000,26.531800,1,1,1,0,1,
390200,-25.000000,0.500000,26.533600,1,1,1,0,1,
390300,-25.000000,0.500000,26.535400,1,1,1,0,1,
390400,-25.000000,0.500000,26.537200,1,1,1,0,1,
390500,-25.000000,0.500000,26.539000,1,1,1,0,1,
390600,-25.000000,0.500000,26.540800,1,1,1,0,1,
390700,-25.000000,0.500000,26.542600,1,1,1,0,1,
390800,-25.000000,0.500000,26.544400,1,1,1,0,1,
390900,-25.000000,0.500000,26.546200,1,1,1,0,1,
391000,55.000000,0.500000,26.548000,1,1,1,0,1,
391100,55.000000,0.500000,26.549800,1,1,1,0,1,
391200,55.000000,0.500000,26.551600,1,1,1,0,1,
391300,55.000000,0.500000,26.553400,1,1,1,0,1,
391400,55.000000,0.500000,26.555200,1,1,1,0,1,
391500,55.000000,0.500000,26.557000,1,1,1,0,1,
391600,55.000000,0.500000,26.558800,1,1,1,0,1,
391700,55.000000,0.500000,26.560600,1,1,1,0,1,
391800,55.000000,0.500000,26.562400,1,1,1,0,1,
391900,55.000000,0.500000,26.564200,1,1,1,0,1,
392000,55.000000,0.500000,26.566000,1,1,1,0,1,
392100,55.000000,0.500000,26.567800,1,1,1,0,1,
392200,55.000000,0.500000,26.569600,1,1,1,0,1,
392300,55.000000,0.500000,26.571400,1,1,1,0,1,
392400,55.000000,0.500000,26.573200,1,1,1,0,1,
392500,55.000000,0.500000,26.575000,1,1,1,0,1,
392600,55.000000,0.500000,26.576800,1,1,1,0,1,
392700,55.000000,0.500000,26.578600,1,1,1,0,1,
392800,55.000000,0.500000,26.580400,1,1,1,0,1,
392900,55.000000,0.500000,26.582200,1,1,1,0,1,
393000,55.000000,0.500000,26.584000,1,1,1,0,1,
393100,55.000000,0.500000,26.585800,1,1,1,0,1,
393200,55.000000,0.500000,26.587600,1,1,1,0,1,
393300,55.000000,0.500000,26.589400,1,1,1,0,1,
393400,55.000000,0.500000,26.591200,1,1,1,0,1,
393500,55.000000,0.500000,26.593000,1,1,1,0,1,
393600,55.000000,0.500000,26.594800,1,1,1,0,1,
393700,55.000000,0.500000,26.596600,1,1,1,0,1,
393800,55.000000,0.500000,26.598400,1,1,1,0,1,
393900,55.000000,0.500000,26.600200,1,1,1,0,1,
394000,55.000000,0.500000,26.602000,1,1,1,0,1,
394100,55.000000,0.500000,26.603800,1,1,1,0,1,
394200,55.000000,0.500000,26.605600,1,1,1,0,1,
394300,55.000000,0.500000,26.607400,1,1,1,0,1,
394400,55.000000,0.500000,26.609200,1,1,1,0,1,
394500,55.000000,0.500000,26.611000,1,1,1,0,1,
394600,55.000000,0.500000,26.612800,1,1,1,0,1,
394700,55.000000,0.500000,26.614600,1,1,1,0,1,
394800,55.000000,0.500000,26.616400,1,1,1,0,1,
394900,55.000000,0.500000,26.618200,1,1,1,0,1,
395000,55.000000,0.500000,26.620000,1,1,1,0,1,
395100,55.000000,0.500000,26.621800,1,1,1,0,1,
395200,55.000000,0.500000,26.623600,1,1,1,0,1,
395300,55.000000,0.500000,26.625400,1,1,1,0,1,
395400,55.000000,0.500000,26.627200,1,1,1,0,1,
395500,55.000000,0.500000,26.629000,1,1,1,0,1,
395600,55.000000,0.500000,26.630800,1,1,1,0,1,
395700,55.000000,0.500000,26.632600,1,1,1,0,1,
395800,55.000000,0.500000,26.634400,1,1,1,0,1,
395900,55.000000,0.500000,26.636200,1,1,1,0,1,
396000,55.000000,0.500000,26.638000,1,1,1,0,1,
396100,55.000000,0.500000,26.639800,1,1,1,0,1,
396200,55.000000,0.500000,26.641600,1,1,1,0,1,
396300,55.000000,0.500000,26.643400,1,1,1,0,1,
396400,55.000000,0.500000,26.645200,1,1,1,0,1,
396500,55.000000,0.500000,26.647000,1,1,1,0,1,
396600,55.000000,0.500000,26.648800,1,1,1,0,1,
396700,55.000000,0.500000,26.650600,1,1,1,0,1,
396800,55.000000,0.500000,26.652400,1,1,1,0,1,
396900,55.000000,0.500000,26.654200,1,1,1,0,1,
397000,82.000000,0.500000,26.656000,1,1,1,0,1,
397100,82.000000,0.500000,26.657800,1,1,1,0,1,
397200,82.000000,0.500000,26.659600,1,1,1,0,1,
397300,82.000000,0.500000,26.661400,1,1,1,0,1,
397400,82.000000,0.500000,26.663200,1,1,1,0,1,
397500,82.000000,0.500000,26.665000,1,1,1,0,1,
397600,82.000000,0.500000,26.666800,1,1,1,0,1,
397700,82.000000,0.500000,26.668600,1,1,1,0,1,
397800,82.000000,0.500000,26.670400,1,1,1,0,1,
397900,82.000000,0.500000,26.672200,1,1,1,0,1,
398000,82.000000,0.500000,26.674000,1,1,1,0,1,
398100,82.000000,0.500000,26.675800,1,1,1,0,1,
398200,82.000000,0.500000,26.677600,1,1,1,0,1,
398300,82.000000,0.500000,26.679400,1,1,1,0,1,
398400,82.000000,0.500000,26.681200,1,1,1,0,1,
398500,82.000000,0.500000,26.683000,1,1,1,0,1,
398600,82.000000,0.500000,26.684800,1,1,1,0,1,
398700,82.000000,0.500000,26.686600,1,1,1,0,1,
398800,82.000000,0.500000,26.688400,1,1,1,0,1,
398900,82.000000,0.500000,26.690200,1,1,1,0,1,
399000,-15.000000,0.500000,26.692000,1,1,1,0,1,
399100,-15.000000,0.500000,26.693800,1,1,1,0,1,
399200,-15.000000,0.500000,26.695600,1,1,1,0,1,
399300,-15.000000,0.500000,26.697400,1,1,1,0,1,
399400,-15.000000,0.500000,26.699200,1,1,1,0,1,
399500,-15.000000,0.500000,26.701000,1,1,1,0,1,
399600,-15.000000,0.500000,26.702800,1,1,1,0,1,
399700,-15.000000,0.500000,26.704600,1,1,1,0,1,
399800,-15.000000,0.500000,26.706400,1,1,1,0,1,
399900,-15.000000,0.500000,26.708200,1,1,1,0,1,
400000,42.000000,0.500000,26.710000,1,1,1,0,1,
400100,42.000000,0.500000,26.711800,1,1,1,0,1,
400200,42.000000,0.500000,26.713600,1,1,1,0,1,
400300,42.000000,0.500000,26.715400,1,1,1,0,1,
400400,42.000000,0.500000,26.717200,1,1,1,0,1,
400500,42.000000,0.500000,26.719000,1,1,1,0,1,
400600,42.000000,0.500000,26.720800,1,1,1,0,1,
400700,42.000000,0.500000,26.722600,1,1,1,0,1,
400800,42.000000,0.500000,26.724400,1,1,1,0,1,
400900,42.000000,0.500000,26.726200,1,1,1,0,1,
401000,42.000000,0.500000,26.728000,1,1,1,0,1,
401100,42.000000,0.500000,26.729800,1,1,1,0,1,
401200,42.000000,0.500000,26.731600,1,1,1,0,1,
401300,42.000000,0.500000,26.733400,1,1,1,0,1,
401400,42.000000,0.500000,26.735200,1,1,1,0,1,
401500,42.000000,0.500000,26.737000,1,1,1,0,1,
401600,42.000000,0.500000,26.738800,1,1,1,0,1,
401700,42.000000,0.500000,26.740600,1,1,1,0,1,
401800,42.000000,0.500000,26.742400,1,1,1,0,1,
401900,42.000000,0.500000,26.744200,1,1,1,0,1,
402000,42.000000,0.500000,26.746000,1,1,1,0,1,
402100,42.000000,0.500000,26.747800,1,1,1,0,1,
402200,42.000000,0.500000,26.749600,1,1,1,0,1,
402300,42.000000,0.500000,26.751400,1,1,1,0,1,
402400,42.000000,0.500000,26.753200,1,1,1,0,1,
402500,42.000000,0.500000,26.755000,1,1,1,0,1,
402600,42.000000,0.500000,26.756800,1,1,1,0,1,
402700,42.000000,0.500000,26.758600,1,1,1,0,1,
402800,42.000000,0.500000,26.760400,1,1,1,0,1,
402900,42.000000,0.500000,26.762200,1,1,1,0,1,
403000,42.000000,0.500000,26.764000,1,1,1,0,1,
403100,42.000000,0.500000,26.765800,1,1,1,0,1,
403200,42.000000,0.500000,26.767600,1,1,1,0,1,
403300,42.000000,0.500000,26.769400,1,1,1,0,1,
403400,42.000000,0.500000,26.771200,1,1,1,0,1,
403500,42.000000,0.500000,26.773000,1,1,1,0,1,
403600,42.000000,0.500000,26.774800,1,1,1,0,1,
403700,42.000000,0.500000,26.776600,1,1,1,0,1,
403800,42.000000,0.500000,26.778400,1,1,1,0,1,
403900,42.000000,0.500000,26.780200,1,1,1,0,1,
404000,42.000000,0.500000,26.782000,1,1,1,0,1,
404100,42.000000,0.500000,26.783800,1,1,1,0,1,
404200,42.000000,0.500000,26.785600,1,1,1,0,1,
404300,42.000000,0.500000,26.787400,1,1,1,0,1,
404400,42.000000,0.500000,26.789200,1,1,1,0,1,
404500,42.000000,0.500000,26.791000,1,1,1,0,1,
404600,42.000000,0.500000,26.792800,1,1,1,0,1,
404700,42.000000,0.500000,26.794600,1,1,1,0,1,
404800,42.000000,0.500000,26.796400,1,1,1,0,1,
404900,42.000000,0.500000,26.798200,1,1,1,0,1,
405000,95.000000,0.500000,26.800000,1,1,1,0,1,
405100,95.000000,0.500000,26.801800,1,1,1,0,1,
405200,95.000000,0.500000,26.803600,1,1,1,0,1,
405300,95.000000,0.500000,26.805400,1,1,1,0,1,
405400,95.000000,0.500000,26.807200,1,1,1,0,1,
405500,95.000000,0.500000,26.809000,1,1,1,0,1,
405600,95.000000,0.500000,26.810800,1,1,1,0,1,
405700,95.000000,0.500000,26.812600,1,1,1,0,1,
405800,95.000000,0.500000,26.814400,1,1,1,0,1,
405900,95.000000,0.500000,26.816200,1,1,1,0,1,
406000,95.000000,0.500000,26.818000,1,1,1,0,1,
406100,95.000000,0.500000,26.819800,1,1,1,0,1,
406200,95.000000,0.500000,26.821600,1,1,1,0,1,
406300,95.000000,0.500000,26.823400,1,1,1,0,1,
406400,95.000000,0.500000,26.825200,1,1,1,0,1,
406500,95.000000,0.500000,26.827000,1,1,1,0,1,
406600,95.000000,0.500000,26.828800,1,1,1,0,1,
406700,95.000000,0.500000,26.830600,1,1,1,0,1,
406800,95.000000,0.500000,26.832400,1,1,1,0,1,
406900,95.000000,0.500000,26.834200,1,1,1,0,1,
407000,68.000000,0.500000,26.836000,1,1,1,0,1,
407100,68.000000,0.500000,26.837800,1,1,1,0,1,
407200,68.000000,0.500000,26.839600,1,1,1,0,1,
407300,68.000000,0.500000,26.841400,1,1,1,0,1,
407400,68.000000,0.500000,26.843200,1,1,1,0,1,
407500,68.000000,0.500000,26.845000,1,1,1,0,1,
407600,68.000000,0.500000,26.846800,1,1,1,0,1,
407700,68.000000,0.500000,26.848600,1,1,1,0,1,
407800,68.000000,0.500000,26.850400,1,1,1,0,1,
407900,68.000000,0.500000,26.852200,1,1,1,0,1,
408000,68.000000,0.500000,26.854000,1,1,1,0,1,
408100,68.000000,0.500000,26.855800,1,1,1,0,1,
408200,68.000000,0.500000,26.857600,1,1,1,0,1,
408300,68.000000,0.500000,26.859400,1,1,1,0,1,
408400,68.000000,0.500000,26.861200,1,1,1,0,1,
408500,68.000000,0.500000,26.863000,1,1,1,0,1,
408600,68.000000,0.500000,26.864800,1,1,1,0,1,
408700,68.000000,0.500000,26.866600,1,1,1,0,1,
408800,68.000000,0.500000,26.868400,1,1,1,0,1,
408900,68.000000,0.500000,26.870200,1,1,1,0,1,
409000,68.000000,0.500000,26.872000,1,1,1,0,1,
409100,68.000000,0.500000,26.873800,1,1,1,0,1,
409200,68.000000,0.500000,26.875600,1,1,1,0,1,
409300,68.000000,0.500000,26.877400,1,1,1,0,1,
409400,68.000000,0.500000,26.879200,1,1,1,0,1,
409500,68.000000,0.500000,26.881000,1,1,1,0,1,
409600,68.000000,0.500000,26.882800,1,1,1,0,1,
409700,68.000000,0.500000,26.884600,1,1,1,0,1,
409800,68.000000,0.500000,26.886400,1,1,1,0,1,
409900,68.000000,0.500000,26.888200,1,1,1,0,1,
410000,-25.000000,0.500000,26.890000,1,1,1,0,1,
410100,-25.000000,0.500000,26.891800,1,1,1,0,1,
410200,-25.000000,0.500000,26.893600,1,1,1,0,1,
410300,-25.000000,0.500000,26.895400,1,1,1,0,1,
410400,-25.000000,0.500000,26.897200,1,1,1,0,1,
410500,-25.000000,0.500000,26.899000,1,1,1,0,1,
410600,-25.000000,0.500000,26.900800,1,1,1,0,1,
410700,-25.000000,0.500000,26.902600,1,1,1,0,1,
410800,-25.000000,0.500000,26.904400,1,1,1,0,1,
410900,-25.000000,0.500000,26.906200,1,1,1,0,1,
411000,55.000000,0.500000,26.908000,1,1,1,0,1,
411100,55.000000,0.500000,26.909800,1,1,1,0,1,
411200,55.000000,0.500000,26.911600,1,1,1,0,1,
411300,55.000000,0.500000,26.913400,1,1,1,0,1,
411400,55.000000,0.500000,26.915200,1,1,1,0,1,
411500,55.000000,0.500000,26.917000,1,1,1,0,1,
411600,55.000000,0.500000,26.918800,1,1,1,0,1,
411700,55.000000,0.500000,26.920600,1,1,1,0,1,
411800,55.000000,0.500000,26.922400,1,1,1,0,1,
411900,55.000000,0.500000,26.924200,1,1,1,0,1,
412000,55.000000,0.500000,26.926000,1,1,1,0,1,
412100,55.000000,0.500000,26.927800,1,1,1,0,1,
412200,55.000000,0.500000,26.929600,1,1,1,0,1,
412300,55.000000,0.500000,26.931400,1,1,1,0,1,
412400,55.000000,0.500000,26.933200,1,1,1,0,1,
412500,55.000000,0.500000,26.935000,1,1,1,0,1,
412600,55.000000,0.500000,26.936800,1,1,1,0,1,
412700,55.000000,0.500000,26.938600,1,1,1,0,1,
412800,55.000000,0.500000,26.940400,1,1,1,0,1,
412900,55.000000,0.500000,26.942200,1,1,1,0,1,
413000,55.000000,0.500000,26.944000,1,1,1,0,1,
413100,55.000000,0.500000,26.945800,1,1,1,0,1,
413200,55.000000,0.500000,26.947600,1,1,1,0,1,
413300,55.000000,0.500000,26.949400,1,1,1,0,1,
413400,55.000000,0.500000,26.951200,1,1,1,0,1,
413500,55.000000,0.500000,26.953000,1,1,1,0,1,
413600,55.000000,0.500000,26.954800,1,1,1,0,1,
413700,55.000000,0.500000,26.956600,1,1,1,0,1,
413800,55.000000,0.500000,26.958400,1,1,1,0,1,
413900,55.000000,0.500000,26.960200,1,1,1,0,1,
414000,55.000000,0.500000,26.962000,1,1,1,0,1,
414100,55.000000,0.500000,26.963800,1,1,1,0,1,
414200,55.000000,0.500000,26.965600,1,1,1,0,1,
414300,55.000000,0.500000,26.967400,1,1,1,0,1,
414400,55.000000,0.500000,26.969200,1,1,1,0,1,
414500,55.000000,0.500000,26.971000,1,1,1,0,1,
414600,55.000000,0.500000,26.972800,1,1,1,0,1,
414700,55.000000,0.500000,26.974600,1,1,1,0,1,
414800,55.000000,0.500000,26.976400,1,1,1,0,1,
414900,55.000000,0.500000,26.978200,1,1,1,0,1,
415000,55.000000,0.500000,26.980000,1,1,1,0,1,
415100,55.000000,0.500000,26.981800,1,1,1,0,1,
415200,55.000000,0.500000,26.983600,1,1,1,0,1,
415300,55.000000,0.500000,26.985400,1,1,1,0,1,
415400,55.000000,0.500000,26.987200,1,1,1,0,1,
415500,55.000000,0.500000,26.989000,1,1,1,0,1,
415600,55.000000,0.500000,26.990800,1,1,1,0,1,
415700,55.000000,0.500000,26.992600,1,1,1,0,1,
415800,55.000000,0.500000,26.994400,1,1,1,0,1,
415900,55.000000,0.500000,26.996200,1,1,1,0,1,
416000,55.000000,0.500000,26.998000,1,1,1,0,1,
416100,55.000000,0.500000,26.999800,1,1,1,0,1,
416200,55.000000,0.500000,27.001600,1,1,1,0,1,
416300,55.000000,0.500000,27.003400,1,1,1,0,1,
416400,55.000000,0.500000,27.005200,1,1,1,0,1,
416500,55.000000,0.500000,27.007000,1,1,1,0,1,
416600,55.000000,0.500000,27.008800,1,1,1,0,1,
416700,55.000000,0.500000,27.010600,1,1,1,0,1,
416800,55.000000,0.500000,27.012400,1,1,1,0,1,
416900,55.000000,0.500000,27.014200,1,1,1,0,1,
417000,82.000000,0.500000,27.016000,1,1,1,0,1,
417100,82.000000,0.500000,27.017800,1,1,1,0,1,
417200,82.000000,0.500000,27.019600,1,1,1,0,1,
417300,82.000000,0.500000,27.021400,1,1,1,0,1,
417400,82.000000,0.500000,27.023200,1,1,1,0,1,
417500,82.000000,0.500000,27.025000,1,1,1,0,1,
417600,82.000000,0.500000,27.026800,1,1,1,0,1,
417700,82.000000,0.500000,27.028600,1,1,1,0,1,
417800,82.000000,0.500000,27.030400,1,1,1,0,1,
417900,82.000000,0.500000,27.032200,1,1,1,0,1,
418000,82.000000,0.500000,27.034000,1,1,1,0,1,
418100,82.000000,0.500000,27.035800,1,1,1,0,1,
418200,82.000000,0.500000,27.037600,1,1,1,0,1,
418300,82.000000,0.500000,27.039400,1,1,1,0,1,
418400,82.000000,0.500000,27.041200,1,1,1,0,1,
418500,82.000000,0.500000,27.043000,1,1,1,0,1,
418600,82.000000,0.500000,27.044800,1,1,1,0,1,
418700,82.000000,0.500000,27.046600,1,1,1,0,1,
418800,82.000000,0.500000,27.048400,1,1,1,0,1,
418900,82.000000,0.500000,27.050200,1,1,1,0,1,
419000,-15.000000,0.500000,27.052000,1,1,1,0,1,
419100,-15.000000,0.500000,27.053800,1,1,1,0,1,
419200,-15.000000,0.500000,27.055600,1,1,1,0,1,
419300,-15.000000,0.500000,27.057400,1,1,1,0,1,
419400,-15.000000,0.500000,27.059200,1,1,1,0,1,
419500,-15.000000,0.500000,27.061000,1,1,1,0,1,
419600,-15.000000,0.500000,27.062800,1,1,1,0,1,
419700,-15.000000,0.500000,27.064600,1,1,1,0,1,
419800,-15.000000,0.500000,27.066400,1,1,1,0,1,
419900,-15.000000,0.500000,27.068200,1,1,1,0,1,
420000,42.000000,0.500000,27.070000,1,1,1,0,1,
420100,42.000000,0.500000,27.071800,1,1,1,0,1,
420200,42.000000,0.500000,27.073600,1,1,1,0,1,
420300,42.000000,0.500000,27.075400,1,1,1,0,1,
420400,42.000000,0.500000,27.077200,1,1,1,0,1,
420500,42.000000,0.500000,27.079000,1,1,1,0,1,
420600,42.000000,0.500000,27.080800,1,1,1,0,1,
420700,42.000000,0.500000,27.082600,1,1,1,0,1,
420800,42.000000,0.500000,27.084400,1,1,1,0,1,
420900,42.000000,0.500000,27.086200,1,1,1,0,1,
421000,42.000000,0.500000,27.088000,1,1,1,0,1,
421100,42.000000,0.500000,27.089800,1,1,1,0,1,
421200,42.000000,0.500000,27.091600,1,1,1,0,1,
421300,42.000000,0.500000,27.093400,1,1,1,0,1,
421400,42.000000,0.500000,27.095200,1,1,1,0,1,
421500,42.000000,0.500000,27.097000,1,1,1,0,1,
421600,42.000000,0.500000,27.098800,1,1,1,0,1,
421700,42.000000,0.500000,27.100600,1,1,1,0,1,
421800,42.000000,0.500000,27.102400,1,1,1,0,1,
421900,42.000000,0.500000,27.104200,1,1,1,0,1,
422000,42.000000,0.500000,27.106000,1,1,1,0,1,
422100,42.000000,0.500000,27.107800,1,1,1,0,1,
422200,42.000000,0.500000,27.109600,1,1,1,0,1,
422300,42.000000,0.500000,27.111400,1,1,1,0,1,
422400,42.000000,0.500000,27.113200,1,1,1,0,1,
422500,42.000000,0.500000,27.115000,1,1,1,0,1,
422600,42.000000,0.500000,27.116800,1,1,1,0,1,
422700,42.000000,0.500000,27.118600,1,1,1,0,1,
422800,42.000000,0.500000,27.120400,1,1,1,0,1,
422900,42.000000,0.500000,27.122200,1,1,1,0,1,
423000,42.000000,0.500000,27.124000,1,1,1,0,1,
423100,42.000000,0.500000,27.125800,1,1,1,0,1,
423200,42.000000,0.500000,27.127600,1,1,1,0,1,
423300,42.000000,0.500000,27.129400,1,1,1,0,1,
423400,42.000000,0.500000,27.131200,1,1,1,0,1,
423500,42.000000,0.500000,27.133000,1,1,1,0,1,
423600,42.000000,0.500000,27.134800,1,1,1,0,1,
423700,42.000000,0.500000,27.136600,1,1,1,0,1,
423800,42.000000,0.500000,27.138400,1,1,1,0,1,
423900,42.000000,0.500000,27.140200,1,1,1,0,1,
424000,42.000000,0.500000,27.142000,1,1,1,0,1,
424100,42.000000,0.500000,27.143800,1,1,1,0,1,
424200,42.000000,0.500000,27.145600,1,1,1,0,1,
424300,42.000000,0.500000,27.147400,1,1,1,0,1,
424400,42.000000,0.500000,27.149200,1,1,1,0,1,
424500,42.000000,0.500000,27.151000,1,1,1,0,1,
424600,42.000000,0.500000,27.152800,1,1,1,0,1,
424700,42.000000,0.500000,27.154600,1,1,1,0,1,
424800,42.000000,0.500000,27.156400,1,1,1,0,1,
424900,42.000000,0.500000,27.158200,1,1,1,0,1,
425000,95.000000,0.500000,27.160000,1,1,1,0,1,
425100,95.000000,0.500000,27.161800,1,1,1,0,1,
425200,95.000000,0.500000,27.163600,1,1,1,0,1,
425300,95.000000,0.500000,27.165400,1,1,1,0,1,
425400,95.000000,0.500000,27.167200,1,1,1,0,1,
425500,95.000000,0.500000,27.169000,1,1,1,0,1,
425600,95.000000,0.500000,27.170800,1,1,1,0,1,
425700,95.000000,0.500000,27.172600,1,1,1,0,1,
425800,95.000000,0.500000,27.174400,1,1,1,0,1,
425900,95.000000,0.500000,27.176200,1,1,1,0,1,
426000,95.000000,0.500000,27.178000,1,1,1,0,1,
426100,95.000000,0.500000,27.179800,1,1,1,0,1,
426200,95.000000,0.500000,27.181600,1,1,1,0,1,
426300,95.000000,0.500000,27.183400,1,1,1,0,1,
426400,95.000000,0.500000,27.185200,1,1,1,0,1,
426500,95.000000,0.500000,27.187000,1,1,1,0,1,
426600,95.000000,0.500000,27.188800,1,1,1,0,1,
426700,95.000000,0.500000,27.190600,1,1,1,0,1,
426800,95.000000,0.500000,27.192400,1,1,1,0,1,
426900,95.000000,0.500000,27.194200,1,1,1,0,1,
427000,68.000000,0.500000,27.196000,1,1,1,0,1,
427100,68.000000,0.500000,27.197800,1,1,1,0,1,
427200,68.000000,0.500000,27.199600,1,1,1,0,1,
427300,68.000000,0.500000,27.201400,1,1,1,0,1,
427400,68.000000,0.500000,27.203200,1,1,1,0,1,
427500,68.000000,0.500000,27.205000,1,1,1,0,1,
427600,68.000000,0.500000,27.206800,1,1,1,0,1,
427700,68.000000,0.500000,27.208600,1,1,1,0,1,
427800,68.000000,0.500000,27.210400,1,1,1,0,1,
427900,68.000000,0.500000,27.212200,1,1,1,0,1,
428000,68.000000,0.500000,27.214000,1,1,1,0,1,
428100,68.000000,0.500000,27.215800,1,1,1,0,1,
428200,68.000000,0.500000,27.217600,1,1,1,0,1,
428300,68.000000,0.500000,27.219400,1,1,1,0,1,
428400,68.000000,0.500000,27.221200,1,1,1,0,1,
428500,68.000000,0.500000,27.223000,1,1,1,0,1,
428600,68.000000,0.500000,27.224800,1,1,1,0,1,
428700,68.000000,0.500000,27.226600,1,1,1,0,1,
428800,68.000000,0.500000,27.228400,1,1,1,0,1,
428900,68.000000,0.500000,27.230200,1,1,1,0,1,
429000,68.000000,0.500000,27.232000,1,1,1,0,1,
429100,68.000000,0.500000,27.233800,1,1,1,0,1,
429200,68.000000,0.500000,27.235600,1,1,1,0,1,
429300,68.000000,0.500000,27.237400,1,1,1,0,1,
429400,68.000000,0.500000,27.239200,1,1,1,0,1,
429500,68.000000,0.500000,27.241000,1,1,1,0,1,
429600,68.000000,0.500000,27.242800,1,1,1,0,1,
429700,68.000000,0.500000,27.244600,1,1,1,0,1,
429800,68.000000,0.500000,27.246400,1,1,1,0,1,
429900,68.000000,0.500000,27.248200,1,1,1,0,1,
430000,-25.000000,0.500000,27.250000,1,1,1,0,1,
430100,-25.000000,0.500000,27.251800,1,1,1,0,1,
430200,-25.000000,0.500000,27.253600,1,1,1,0,1,
430300,-25.000000,0.500000,27.255400,1,1,1,0,1,
430400,-25.000000,0.500000,27.257200,1,1,1,0,1,
430500,-25.000000,0.500000,27.259000,1,1,1,0,1,
430600,-25.000000,0.500000,27.260800,1,1,1,0,1,
430700,-25.000000,0.500000,27.262600,1,1,1,0,1,
430800,-25.000000,0.500000,27.264400,1,1,1,0,1,
430900,-25.000000,0.500000,27.266200,1,1,1,0,1,
431000,55.000000,0.500000,27.268000,1,1,1,0,1,
431100,55.000000,0.500000,27.269800,1,1,1,0,1,
431200,55.000000,0.500000,27.271600,1,1,1,0,1,
431300,55.000000,0.500000,27.273400,1,1,1,0,1,
431400,55.000000,0.500000,27.275200,1,1,1,0,1,
431500,55.000000,0.500000,27.277000,1,1,1,0,1,
431600,55.000000,0.500000,27.278800,1,1,1,0,1,
431700,55.000000,0.500000,27.280600,1,1,1,0,1,
431800,55.000000,0.500000,27.282400,1,1,1,0,1,
431900,55.000000,0.500000,27.284200,1,1,1,0,1,
432000,55.000000,0.500000,27.286000,1,1,1,0,1,
432100,55.000000,0.500000,27.287800,1,1,1,0,1,
432200,55.000000,0.500000,27.289600,1,1,1,0,1,
432300,55.000000,0.500000,27.291400,1,1,1,0,1,
432400,55.000000,0.500000,27.293200,1,1,1,0,1,
432500,55.000000,0.500000,27.295000,1,1,1,0,1,
432600,55.000000,0.500000,27.296800,1,1,1,0,1,
432700,55.000000,0.500000,27.298600,1,1,1,0,1,
432800,55.000000,0.500000,27.300400,1,1,1,0,1,
432900,55.000000,0.500000,27.302200,1,1,1,0,1,
433000,55.000000,0.500000,27.304000,1,1,1,0,1,
433100,55.000000,0.500000,27.305800,1,1,1,0,1,
433200,55.000000,0.500000,27.307600,1,1,1,0,1,
433300,55.000000,0.500000,27.309400,1,1,1,0,1,
433400,55.000000,0.500000,27.311200,1,1,1,0,1,
433500,55.000000,0.500000,27.313000,1,1,1,0,1,
433600,55.000000,0.500000,27.314800,1,1,1,0,1,
433700,55.000000,0.500000,27.316600,1,1,1,0,1,
433800,55.000000,0.500000,27.318400,1,1,1,0,1,
433900,55.000000,0.500000,27.320200,1,1,1,0,1,
434000,55.000000,0.500000,27.322000,1,1,1,0,1,
434100,55.000000,0.500000,27.323800,1,1,1,0,1,
434200,55.000000,0.500000,27.325600,1,1,1,0,1,
434300,55.000000,0.500000,27.327400,1,1,1,0,1,
434400,55.000000,0.500000,27.329200,1,1,1,0,1,
434500,55.000000,0.500000,27.331000,1,1,1,0,1,
434600,55.000000,0.500000,27.332800,1,1,1,0,1,
434700,55.000000,0.500000,27.334600,1,1,1,0,1,
434800,55.000000,0.500000,27.336400,1,1,1,0,1,
434900,55.000000,0.500000,27.338200,1,1,1,0,1,
435000,55.000000,0.500000,27.340000,1,1,1,0,1,
435100,55.000000,0.500000,27.341800,1,1,1,0,1,
435200,55.000000,0.500000,27.343600,1,1,1,0,1,
435300,55.000000,0.500000,27.345400,1,1,1,0,1,
435400,55.000000,0.500000,27.347200,1,1,1,0,1,
435500,55.000000,0.500000,27.349000,1,1,1,0,1,
435600,55.000000,0.500000,27.350800,1,1,1,0,1,
435700,55.000000,0.500000,27.352600,1,1,1,0,1,
435800,55.000000,0.500000,27.354400,1,1,1,0,1,
435900,55.000000,0.500000,27.356200,1,1,1,0,1,
436000,55.000000,0.500000,27.358000,1,1,1,0,1,
436100,55.000000,0.500000,27.359800,1,1,1,0,1,
436200,55.000000,0.500000,27.361600,1,1,1,0,1,
436300,55.000000,0.500000,27.363400,1,1,1,0,1,
436400,55.000000,0.500000,27.365200,1,1,1,0,1,
436500,55.000000,0.500000,27.367000,1,1,1,0,1,
436600,55.000000,0.500000,27.368800,1,1,1,0,1,
436700,55.000000,0.500000,27.370600,1,1,1,0,1,
436800,55.000000,0.500000,27.372400,1,1,1,0,1,
436900,55.000000,0.500000,27.374200,1,1,1,0,1,
437000,82.000000,0.500000,27.376000,1,1,1,0,1,
437100,82.000000,0.500000,27.377800,1,1,1,0,1,
437200,82.000000,0.500000,27.379600,1,1,1,0,1,
437300,82.000000,0.500000,27.381400,1,1,1,0,1,
437400,82.000000,0.500000,27.383200,1,1,1,0,1,
437500,82.000000,0.500000,27.385000,1,1,1,0,1,
437600,82.000000,0.500000,27.386800,1,1,1,0,1,
437700,82.000000,0.500000,27.388600,1,1,1,0,1,
437800,82.000000,0.500000,27.390400,1,1,1,0,1,
437900,82.000000,0.500000,27.392200,1,1,1,0,1,
438000,82.000000,0.500000,27.394000,1,1,1,0,1,
438100,82.000000,0.500000,27.395800,1,1,1,0,1,
438200,82.000000,0.500000,27.397600,1,1,1,0,1,
438300,82.000000,0.500000,27.399400,1,1,1,0,1,
438400,82.000000,0.500000,27.401200,1,1,1,0,1,
438500,82.000000,0.500000,27.403000,1,1,1,0,1,
438600,82.000000,0.500000,27.404800,1,1,1,0,1,
438700,82.000000,0.500000,27.406600,1,1,1,0,1,
438800,82.000000,0.500000,27.408400,1,1,1,0,1,
438900,82.000000,0.500000,27.410200,1,1,1,0,1,
439000,-15.000000,0.500000,27.412000,1,1,1,0,1,
439100,-15.000000,0.500000,27.413800,1,1,1,0,1,
439200,-15.000000,0.500000,27.415600,1,1,1,0,1,
439300,-15.000000,0.500000,27.417400,1,1,1,0,1,
439400,-15.000000,0.500000,27.419200,1,1,1,0,1,
439500,-15.000000,0.500000,27.421000,1,1,1,0,1,
439600,-15.000000,0.500000,27.422800,1,1,1,0,1,
439700,-15.000000,0.500000,27.424600,1,1,1,0,1,
439800,-15.000000,0.500000,27.426400,1,1,1,0,1,
439900,-15.000000,0.500000,27.428200,1,1,1,0,1,
440000,42.000000,0.500000,27.430000,1,1,1,0,1,
440100,42.000000,0.500000,27.431800,1,1,1,0,1,
440200,42.000000,0.500000,27.433600,1,1,1,0,1,
440300,42.000000,0.500000,27.435400,1,1,1,0,1,
440400,42.000000,0.500000,27.437200,1,1,1,0,1,
440500,42.000000,0.500000,27.439000,1,1,1,0,1,
440600,42.000000,0.500000,27.440800,1,1,1,0,1,
440700,42.000000,0.500000,27.442600,1,1,1,0,1,
440800,42.000000,0.500000,27.444400,1,1,1,0,1,
440900,42.000000,0.500000,27.446200,1,1,1,0,1,
441000,42.000000,0.500000,27.448000,1,1,1,0,1,
441100,42.000000,0.500000,27.449800,1,1,1,0,1,
441200,42.000000,0.500000,27.451600,1,1,1,0,1,
441300,42.000000,0.500000,27.453400,1,1,1,0,1,
441400,42.000000,0.500000,27.455200,1,1,1,0,1,
441500,42.000000,0.500000,27.457000,1,1,1,0,1,
441600,42.000000,0.500000,27.458800,1,1,1,0,1,
441700,42.000000,0.500000,27.460600,1,1,1,0,1,
441800,42.000000,0.500000,27.462400,1,1,1,0,1,
441900,42.000000,0.500000,27.464200,1,1,1,0,1,
442000,42.000000,0.500000,27.466000,1,1,1,0,1,
442100,42.000000,0.500000,27.467800,1,1,1,0,1,
442200,42.000000,0.500000,27.469600,1,1,1,0,1,
442300,42.000000,0.500000,27.471400,1,1,1,0,1,
442400,42.000000,0.500000,27.473200,1,1,1,0,1,
442500,42.000000,0.500000,27.475000,1,1,1,0,1,
442600,42.000000,0.500000,27.476800,1,1,1,0,1,
442700,42.000000,0.500000,27.478600,1,1,1,0,1,
442800,42.000000,0.500000,27.480400,1,1,1,0,1,
442900,42.000000,0.500000,27.482200,1,1,1,0,1,
443000,42.000000,0.500000,27.484000,1,1,1,0,1,
443100,42.000000,0.500000,27.485800,1,1,1,0,1,
443200,42.000000,0.500000,27.487600,1,1,1,0,1,
443300,42.000000,0.500000,27.489400,1,1,1,0,1,
443400,42.000000,0.500000,27.491200,1,1,1,0,1,
443500,42.000000,0.500000,27.493000,1,1,1,0,1,
443600,42.000000,0.500000,27.494800,1,1,1,0,1,
443700,42.000000,0.500000,27.496600,1,1,1,0,1,
443800,42.000000,0.500000,27.498400,1,1,1,0,1,
443900,42.000000,0.500000,27.500200,1,1,1,0,1,
444000,42.000000,0.500000,27.502000,1,1,1,0,1,
444100,42.000000,0.500000,27.503800,1,1,1,0,1,
444200,42.000000,0.500000,27.505600,1,1,1,0,1,
444300,42.000000,0.500000,27.507400,1,1,1,0,1,
444400,42.000000,0.500000,27.509200,1,1,1,0,1,
444500,42.000000,0.500000,27.511000,1,1,1,0,1,
444600,42.000000,0.500000,27.512800,1,1,1,0,1,
444700,42.000000,0.500000,27.514600,1,1,1,0,1,
444800,42.000000,0.500000,27.516400,1,1,1,0,1,
444900,42.000000,0.500000,27.518200,1,1,1,0,1,
445000,95.000000,0.500000,27.520000,1,1,1,0,1,
445100,95.000000,0.500000,27.521800,1,1,1,0,1,
445200,95.000000,0.500000,27.523600,1,1,1,0,1,
445300,95.000000,0.500000,27.525400,1,1,1,0,1,
445400,95.000000,0.500000,27.527200,1,1,1,0,1,
445500,95.000000,0.500000,27.529000,1,1,1,0,1,
445600,95.000000,0.500000,27.530800,1,1,1,0,1,
445700,95.000000,0.500000,27.532600,1,1,1,0,1,
445800,95.000000,0.500000,27.534400,1,1,1,0,1,
445900,95.000000,0.500000,27.536200,1,1,1,0,1,
446000,95.000000,0.500000,27.538000,1,1,1,0,1,
446100,95.000000,0.500000,27.539800,1,1,1,0,1,
446200,95.000000,0.500000,27.541600,1,1,1,0,1,
446300,95.000000,0.500000,27.543400,1,1,1,0,1,
446400,95.000000,0.500000,27.545200,1,1,1,0,1,
446500,95.000000,0.500000,27.547000,1,1,1,0,1,
446600,95.000000,0.500000,27.548800,1,1,1,0,1,
446700,95.000000,0.500000,27.550600,1,1,1,0,1,
446800,95.000000,0.500000,27.552400,1,1,1,0,1,
446900,95.000000,0.500000,27.554200,1,1,1,0,1,
447000,68.000000,0.500000,27.556000,1,1,1,0,1,
447100,68.000000,0.500000,27.557800,1,1,1,0,1,
447200,68.000000,0.500000,27.559600,1,1,1,0,1,
447300,68.000000,0.500000,27.561400,1,1,1,0,1,
447400,68.000000,0.500000,27.563200,1,1,1,0,1,
447500,68.000000,0.500000,27.565000,1,1,1,0,1,
447600,68.000000,0.500000,27.566800,1,1,1,0,1,
447700,68.000000,0.500000,27.568600,1,1,1,0,1,
447800,68.000000,0.500000,27.570400,1,1,1,0,1,
447900,68.000000,0.500000,27.572200,1,1,1,0,1,
448000,68.000000,0.500000,27.574000,1,1,1,0,1,
448100,68.000000,0.500000,27.575800,1,1,1,0,1,
448200,68.000000,0.500000,27.577600,1,1,1,0,1,
448300,68.000000,0.500000,27.579400,1,1,1,0,1,
448400,68.000000,0.500000,27.581200,1,1,1,0,1,
448500,68.000000,0.500000,27.583000,1,1,1,0,1,
448600,68.000000,0.500000,27.584800,1,1,1,0,1,
448700,68.000000,0.500000,27.586600,1,1,1,0,1,
448800,68.000000,0.500000,27.588400,1,1,1,0,1,
448900,68.000000,0.500000,27.590200,1,1,1,0,1,
449000,68.000000,0.500000,27.592000,1,1,1,0,1,
449100,68.000000,0.500000,27.593800,1,1,1,0,1,
449200,68.000000,0.500000,27.595600,1,1,1,0,1,
449300,68.000000,0.500000,27.597400,1,1,1,0,1,
449400,68.000000,0.500000,27.599200,1,1,1,0,1,
449500,68.000000,0.500000,27.601000,1,1,1,0,1,
449600,68.000000,0.500000,27.602800,1,1,1,0,1,
449700,68.000000,0.500000,27.604600,1,1,1,0,1,
449800,68.000000,0.500000,27.606400,1,1,1,0,1,
449900,68.000000,0.500000,27.608200,1,1,1,0,1,
450000,-25.000000,0.500000,27.610000,1,1,1,0,1,
450100,-25.000000,0.500000,27.611800,1,1,1,0,1,
450200,-25.000000,0.500000,27.613600,1,1,1,0,1,
450300,-25.000000,0.500000,27.615400,1,1,1,0,1,
450400,-25.000000,0.500000,27.617200,1,1,1,0,1,
450500,-25.000000,0.500000,27.619000,1,1,1,0,1,
450600,-25.000000,0.500000,27.620800,1,1,1,0,1,
450700,-25.000000,0.500000,27.622600,1,1,1,0,1,
450800,-25.000000,0.500000,27.624400,1,1,1,0,1,
450900,-25.000000,0.500000,27.626200,1,1,1,0,1,
451000,55.000000,0.500000,27.628000,1,1,1,0,1,
451100,55.000000,0.500000,27.629800,1,1,1,0,1,
451200,55.000000,0.500000,27.631600,1,1,1,0,1,
451300,55.000000,0.500000,27.633400,1,1,1,0,1,
451400,55.000000,0.500000,27.635200,1,1,1,0,1,
451500,55.000000,0.500000,27.637000,1,1,1,0,1,
451600,55.000000,0.500000,27.638800,1,1,1,0,1,
451700,55.000000,0.500000,27.640600,1,1,1,0,1,
451800,55.000000,0.500000,27.642400,1,1,1,0,1,
451900,55.000000,0.500000,27.644200,1,1,1,0,1,
452000,55.000000,0.500000,27.646000,1,1,1,0,1,
452100,55.000000,0.500000,27.647800,1,1,1,0,1,
452200,55.000000,0.500000,27.649600,1,1,1,0,1,
452300,55.000000,0.500000,27.651400,1,1,1,0,1,
452400,55.000000,0.500000,27.653200,1,1,1,0,1,
452500,55.000000,0.500000,27.655000,1,1,1,0,1,
452600,55.000000,0.500000,27.656800,1,1,1,0,1,
452700,55.000000,0.500000,27.658600,1,1,1,0,1,
452800,55.000000,0.500000,27.660400,1,1,1,0,1,
452900,55.000000,0.500000,27.662200,1,1,1,0,1,
453000,55.000000,0.500000,27.664000,1,1,1,0,1,
453100,55.000000,0.500000,27.665800,1,1,1,0,1,
453200,55.000000,0.500000,27.667600,1,1,1,0,1,
453300,55.000000,0.500000,27.669400,1,1,1,0,1,
453400,55.000000,0.500000,27.671200,1,1,1,0,1,
453500,55.000000,0.500000,27.673000,1,1,1,0,1,
453600,55.000000,0.500000,27.674800,1,1,1,0,1,
453700,55.000000,0.500000,27.676600,1,1,1,0,1,
453800,55.000000,0.500000,27.678400,1,1,1,0,1,
453900,55.000000,0.500000,27.680200,1,1,1,0,1,
454000,55.000000,0.500000,27.682000,1,1,1,0,1,
454100,55.000000,0.500000,27.683800,1,1,1,0,1,
454200,55.000000,0.500000,27.685600,1,1,1,0,1,
454300,55.000000,0.500000,27.687400,1,1,1,0,1,
454400,55.000000,0.500000,27.689200,1,1,1,0,1,
454500,55.000000,0.500000,27.691000,1,1,1,0,1,
454600,55.000000,0.500000,27.692800,1,1,1,0,1,
454700,55.000000,0.500000,27.694600,1,1,1,0,1,
454800,55.000000,0.500000,27.696400,1,1,1,0,1,
454900,55.000000,0.500000,27.698200,1,1,1,0,1,
455000,55.000000,0.500000,27.700000,1,1,1,0,1,
455100,55.000000,0.500000,27.701800,1,1,1,0,1,
455200,55.000000,0.500000,27.703600,1,1,1,0,1,
455300,55.000000,0.500000,27.705400,1,1,1,0,1,
455400,55.000000,0.500000,27.707200,1,1,1,0,1,
455500,55.000000,0.500000,27.709000,1,1,1,0,1,
455600,55.000000,0.500000,27.710800,1,1,1,0,1,
455700,55.000000,0.500000,27.712600,1,1,1,0,1,
455800,55.000000,0.500000,27.714400,1,1,1,0,1,
455900,55.000000,0.500000,27.716200,1,1,1,0,1,
456000,55.000000,0.500000,27.718000,1,1,1,0,1,
456100,55.000000,0.500000,27.719800,1,1,1,0,1,
456200,55.000000,0.500000,27.721600,1,1,1,0,1,
456300,55.000000,0.500000,27.723400,1,1,1,0,1,
456400,55.000000,0.500000,27.725200,1,1,1,0,1,
456500,55.000000,0.500000,27.727000,1,1,1,0,1,
456600,55.000000,0.500000,27.728800,1,1,1,0,1,
456700,55.000000,0.500000,27.730600,1,1,1,0,1,
456800,55.000000,0.500000,27.732400,1,1,1,0,1,
456900,55.000000,0.500000,27.734200,1,1,1,0,1,
457000,82.000000,0.500000,27.736000,1,1,1,0,1,
457100,82.000000,0.500000,27.737800,1,1,1,0,1,
457200,82.000000,0.500000,27.739600,1,1,1,0,1,
457300,82.000000,0.500000,27.741400,1,1,1,0,1,
457400,82.000000,0.500000,27.743200,1,1,1,0,1,
457500,82.000000,0.500000,27.745000,1,1,1,0,1,
457600,82.000000,0.500000,27.746800,1,1,1,0,1,
457700,82.000000,0.500000,27.748600,1,1,1,0,1,
457800,82.000000,0.500000,27.750400,1,1,1,0,1,
457900,82.000000,0.500000,27.752200,1,1,1,0,1,
458000,82.000000,0.500000,27.754000,1,1,1,0,1,
458100,82.000000,0.500000,27.755800,1,1,1,0,1,
458200,82.000000,0.500000,27.757600,1,1,1,0,1,
458300,82.000000,0.500000,27.759400,1,1,1,0,1,
458400,82.000000,0.500000,27.761200,1,1,1,0,1,
458500,82.000000,0.500000,27.763000,1,1,1,0,1,
458600,82.000000,0.500000,27.764800,1,1,1,0,1,
458700,82.000000,0.500000,27.766600,1,1,1,0,1,
458800,82.000000,0.500000,27.768400,1,1,1,0,1,
458900,82.000000,0.500000,27.770200,1,1,1,0,1,
459000,-15.000000,0.500000,27.772000,1,1,1,0,1,
459100,-15.000000,0.500000,27.773800,1,1,1,0,1,
459200,-15.000000,0.500000,27.775600,1,1,1,0,1,
459300,-15.000000,0.500000,27.777400,1,1,1,0,1,
459400,-15.000000,0.500000,27.779200,1,1,1,0,1,
459500,-15.000000,0.500000,27.781000,1,1,1,0,1,
459600,-15.000000,0.500000,27.782800,1,1,1,0,1,
459700,-15.000000,0.500000,27.784600,1,1,1,0,1,
459800,-15.000000,0.500000,27.786400,1,1,1,0,1,
459900,-15.000000,0.500000,27.788200,1,1,1,0,1,
460000,42.000000,0.500000,27.790000,1,1,1,0,1,
460100,42.000000,0.500000,27.791800,1,1,1,0,1,
460200,42.000000,0.500000,27.793600,1,1,1,0,1,
460300,42.000000,0.500000,27.795400,1,1,1,0,1,
460400,42.000000,0.500000,27.797200,1,1,1,0,1,
460500,42.000000,0.500000,27.799000,1,1,1,0,1,
460600,42.000000,0.500000,27.800800,1,1,1,0,1,
460700,42.000000,0.500000,27.802600,1,1,1,0,1,
460800,42.000000,0.500000,27.804400,1,1,1,0,1,
460900,42.000000,0.500000,27.806200,1,1,1,0,1,
461000,42.000000,0.500000,27.808000,1,1,1,0,1,
461100,42.000000,0.500000,27.809800,1,1,1,0,1,
461200,42.000000,0.500000,27.811600,1,1,1,0,1,
461300,42.000000,0.500000,27.813400,1,1,1,0,1,
461400,42.000000,0.500000,27.815200,1,1,1,0,1,
461500,42.000000,0.500000,27.817000,1,1,1,0,1,
461600,42.000000,0.500000,27.818800,1,1,1,0,1,
461700,42.000000,0.500000,27.820600,1,1,1,0,1,
461800,42.000000,0.500000,27.822400,1,1,1,0,1,
461900,42.000000,0.500000,27.824200,1,1,1,0,1,
462000,42.000000,0.500000,27.826000,1,1,1,0,1,
462100,42.000000,0.500000,27.827800,1,1,1,0,1,
462200,42.000000,0.500000,27.829600,1,1,1,0,1,
462300,42.000000,0.500000,27.831400,1,1,1,0,1,
462400,42.000000,0.500000,27.833200,1,1,1,0,1,
462500,42.000000,0.500000,27.835000,1,1,1,0,1,
462600,42.000000,0.500000,27.836800,1,1,1,0,1,
462700,42.000000,0.500000,27.838600,1,1,1,0,1,
462800,42.000000,0.500000,27.840400,1,1,1,0,1,
462900,42.000000,0.500000,27.842200,1,1,1,0,1,
463000,42.000000,0.500000,27.844000,1,1,1,0,1,
463100,42.000000,0.500000,27.845800,1,1,1,0,1,
463200,42.000000,0.500000,27.847600,1,1,1,0,1,
463300,42.000000,0.500000,27.849400,1,1,1,0,1,
463400,42.000000,0.500000,27.851200,1,1,1,0,1,
463500,42.000000,0.500000,27.853000,1,1,1,0,1,
463600,42.000000,0.500000,27.854800,1,1,1,0,1,
463700,42.000000,0.500000,27.856600,1,1,1,0,1,
463800,42.000000,0.500000,27.858400,1,1,1,0,1,
463900,42.000000,0.500000,27.860200,1,1,1,0,1,
464000,42.000000,0.500000,27.862000,1,1,1,0,1,
464100,42.000000,0.500000,27.863800,1,1,1,0,1,
464200,42.000000,0.500000,27.865600,1,1,1,0,1,
464300,42.000000,0.500000,27.867400,1,1,1,0,1,
464400,42.000000,0.500000,27.869200,1,1,1,0,1,
464500,42.000000,0.500000,27.871000,1,1,1,0,1,
464600,42.000000,0.500000,27.872800,1,1,1,0,1,
464700,42.000000,0.500000,27.874600,1,1,1,0,1,
464800,42.000000,0.500000,27.876400,1,1,1,0,1,
464900,42.000000,0.500000,27.878200,1,1,1,0,1,
465000,95.000000,0.500000,27.880000,1,1,1,0,1,
465100,95.000000,0.500000,27.881800,1,1,1,0,1,
465200,95.000000,0.500000,27.883600,1,1,1,0,1,
465300,95.000000,0.500000,27.885400,1,1,1,0,1,
465400,95.000000,0.500000,27.887200,1,1,1,0,1,
465500,95.000000,0.500000,27.889000,1,1,1,0,1,
465600,95.000000,0.500000,27.890800,1,1,1,0,1,
465700,95.000000,0.500000,27.892600,1,1,1,0,1,
465800,95.000000,0.500000,27.894400,1,1,1,0,1,
465900,95.000000,0.500000,27.896200,1,1,1,0,1,
466000,95.000000,0.500000,27.898000,1,1,1,0,1,
466100,95.000000,0.500000,27.899800,1,1,1,0,1,
466200,95.000000,0.500000,27.901600,1,1,1,0,1,
466300,95.000000,0.500000,27.903400,1,1,1,0,1,
466400,95.000000,0.500000,27.905200,1,1,1,0,1,
466500,95.000000,0.500000,27.907000,1,1,1,0,1,
466600,95.000000,0.500000,27.908800,1,1,1,0,1,
466700,95.000000,0.500000,27.910600,1,1,1,0,1,
466800,95.000000,0.500000,27.912400,1,1,1,0,1,
466900,95.000000,0.500000,27.914200,1,1,1,0,1,
467000,68.000000,0.500000,27.916000,1,1,1,0,1,
467100,68.000000,0.500000,27.917800,1,1,1,0,1,
467200,68.000000,0.500000,27.919600,1,1,1,0,1,
467300,68.000000,0.500000,27.921400,1,1,1,0,1,
467400,68.000000,0.500000,27.923200,1,1,1,0,1,
467500,68.000000,0.500000,27.925000,1,1,1,0,1,
467600,68.000000,0.500000,27.926800,1,1,1,0,1,
467700,68.000000,0.500000,27.928600,1,1,1,0,1,
467800,68.000000,0.500000,27.930400,1,1,1,0,1,
467900,68.000000,0.500000,27.932200,1,1,1,0,1,
468000,68.000000,0.500000,27.934000,1,1,1,0,1,
468100,68.000000,0.500000,27.935800,1,1,1,0,1,
468200,68.000000,0.500000,27.937600,1,1,1,0,1,
468300,68.000000,0.500000,27.939400,1,1,1,0,1,
468400,68.000000,0.500000,27.941200,1,1,1,0,1,
468500,68.000000,0.500000,27.943000,1,1,1,0,1,
468600,68.000000,0.500000,27.944800,1,1,1,0,1,
468700,68.000000,0.500000,27.946600,1,1,1,0,1,
468800,68.000000,0.500000,27.948400,1,1,1,0,1,
468900,68.000000,0.500000,27.950200,1,1,1,0,1,
469000,68.000000,0.500000,27.952000,1,1,1,0,1,
469100,68.000000,0.500000,27.953800,1,1,1,0,1,
469200,68.000000,0.500000,27.955600,1,1,1,0,1,
469300,68.000000,0.500000,27.957400,1,1,1,0,1,
469400,68.000000,0.500000,27.959200,1,1,1,0,1,
469500,68.000000,0.500000,27.961000,1,1,1,0,1,
469600,68.000000,0.500000,27.962800,1,1,1,0,1,
469700,68.000000,0.500000,27.964600,1,1,1,0,1,
469800,68.000000,0.500000,27.966400,1,1,1,0,1,
469900,68.000000,0.500000,27.968200,1,1,1,0,1,
470000,-25.000000,0.500000,27.970000,1,1,1,0,1,
470100,-25.000000,0.500000,27.971800,1,1,1,0,1,
470200,-25.000000,0.500000,27.973600,1,1,1,0,1,
470300,-25.000000,0.500000,27.975400,1,1,1,0,1,
470400,-25.000000,0.500000,27.977200,1,1,1,0,1,
470500,-25.000000,0.500000,27.979000,1,1,1,0,1,
470600,-25.000000,0.500000,27.980800,1,1,1,0,1,
470700,-25.000000,0.500000,27.982600,1,1,1,0,1,
470800,-25.000000,0.500000,27.984400,1,1,1,0,1,
470900,-25.000000,0.500000,27.986200,1,1,1,0,1,
471000,55.000000,0.500000,27.988000,1,1,1,0,1,
471100,55.000000,0.500000,27.989800,1,1,1,0,1,
471200,55.000000,0.500000,27.991600,1,1,1,0,1,
471300,55.000000,0.500000,27.993400,1,1,1,0,1,
471400,55.000000,0.500000,27.995200,1,1,1,0,1,
471500,55.000000,0.500000,27.997000,1,1,1,0,1,
471600,55.000000,0.500000,27.998800,1,1,1,0,1,
471700,55.000000,0.500000,28.000600,1,1,1,0,1,
471800,55.000000,0.500000,28.002400,1,1,1,0,1,
471900,55.000000,0.500000,28.004200,1,1,1,0,1,
472000,55.000000,0.500000,28.006000,1,1,1,0,1,
472100,55.000000,0.500000,28.007800,1,1,1,0,1,
472200,55.000000,0.500000,28.009600,1,1,1,0,1,
472300,55.000000,0.500000,28.011400,1,1,1,0,1,
472400,55.000000,0.500000,28.013200,1,1,1,0,1,
472500,55.000000,0.500000,28.015000,1,1,1,0,1,
472600,55.000000,0.500000,28.016800,1,1,1,0,1,
472700,55.000000,0.500000,28.018600,1,1,1,0,1,
472800,55.000000,0.500000,28.020400,1,1,1,0,1,
472900,55.000000,0.500000,28.022200,1,1,1,0,1,
473000,55.000000,0.500000,28.024000,1,1,1,0,1,
473100,55.000000,0.500000,28.025800,1,1,1,0,1,
473200,55.000000,0.500000,28.027600,1,1,1,0,1,
473300,55.000000,0.500000,28.029400,1,1,1,0,1,
473400,55.000000,0.500000,28.031200,1,1,1,0,1,
473500,55.000000,0.500000,28.033000,1,1,1,0,1,
473600,55.000000,0.500000,28.034800,1,1,1,0,1,
473700,55.000000,0.500000,28.036600,1,1,1,0,1,
473800,55.000000,0.500000,28.038400,1,1,1,0,1,
473900,55.000000,0.500000,28.040200,1,1,1,0,1,
474000,55.000000,0.500000,28.042000,1,1,1,0,1,
474100,55.000000,0.500000,28.043800,1,1,1,0,1,
474200,55.000000,0.500000,28.045600,1,1,1,0,1,
474300,55.000000,0.500000,28.047400,1,1,1,0,1,
474400,55.000000,0.500000,28.049200,1,1,1,0,1,
474500,55.000000,0.500000,28.051000,1,1,1,0,1,
474600,55.000000,0.500000,28.052800,1,1,1,0,1,
474700,55.000000,0.500000,28.054600,1,1,1,0,1,
474800,55.000000,0.500000,28.056400,1,1,1,0,1,
474900,55.000000,0.500000,28.058200,1,1,1,0,1,
475000,55.000000,0.500000,28.060000,1,1,1,0,1,
475100,55.000000,0.500000,28.061800,1,1,1,0,1,
475200,55.000000,0.500000,28.063600,1,1,1,0,1,
475300,55.000000,0.500000,28.065400,1,1,1,0,1,
475400,55.000000,0.500000,28.067200,1,1,1,0,1,
475500,55.000000,0.500000,28.069000,1,1,1,0,1,
475600,55.000000,0.500000,28.070800,1,1,1,0,1,
475700,55.000000,0.500000,28.072600,1,1,1,0,1,
475800,55.000000,0.500000,28.074400,1,1,1,0,1,
475900,55.000000,0.500000,28.076200,1,1,1,0,1,
476000,55.000000,0.500000,28.078000,1,1,1,0,1,
476100,55.000000,0.500000,28.079800,1,1,1,0,1,
476200,55.000000,0.500000,28.081600,1,1,1,0,1,
476300,55.000000,0.500000,28.083400,1,1,1,0,1,
476400,55.000000,0.500000,28.085200,1,1,1,0,1,
476500,55.000000,0.500000,28.087000,1,1,1,0,1,
476600,55.000000,0.500000,28.088800,1,1,1,0,1,
476700,55.000000,0.500000,28.090600,1,1,1,0,1,
476800,55.000000,0.500000,28.092400,1,1,1,0,1,
476900,55.000000,0.500000,28.094200,1,1,1,0,1,
477000,82.000000,0.500000,28.096000,1,1,1,0,1,
477100,82.000000,0.500000,28.097800,1,1,1,0,1,
477200,82.000000,0.500000,28.099600,1,1,1,0,1,
477300,82.000000,0.500000,28.101400,1,1,1,0,1,
477400,82.000000,0.500000,28.103200,1,1,1,0,1,
477500,82.000000,0.500000,28.105000,1,1,1,0,1,
477600,82.000000,0.500000,28.106800,1,1,1,0,1,
477700,82.000000,0.500000,28.108600,1,1,1,0,1,
477800,82.000000,0.500000,28.110400,1,1,1,0,1,
477900,82.000000,0.500000,28.112200,1,1,1,0,1,
478000,82.000000,0.500000,28.114000,1,1,1,0,1,
478100,82.000000,0.500000,28.115800,1,1,1,0,1,
478200,82.000000,0.500000,28.117600,1,1,1,0,1,
478300,82.000000,0.500000,28.119400,1,1,1,0,1,
478400,82.000000,0.500000,28.121200,1,1,1,0,1,
478500,82.000000,0.500000,28.123000,1,1,1,0,1,
478600,82.000000,0.500000,28.124800,1,1,1,0,1,
478700,82.000000,0.500000,28.126600,1,1,1,0,1,
478800,82.000000,0.500000,28.128400,1,1,1,0,1,
478900,82.000000,0.500000,28.130200,1,1,1,0,1,
479000,-15.000000,0.500000,28.132000,1,1,1,0,1,
479100,-15.000000,0.500000,28.133800,1,1,1,0,1,
479200,-15.000000,0.500000,28.135600,1,1,1,0,1,
479300,-15.000000,0.500000,28.137400,1,1,1,0,1,
479400,-15.000000,0.500000,28.139200,1,1,1,0,1,
479500,-15.000000,0.500000,28.141000,1,1,1,0,1,
479600,-15.000000,0.500000,28.142800,1,1,1,0,1,
479700,-15.000000,0.500000,28.144600,1,1,1,0,1,
479800,-15.000000,0.500000,28.146400,1,1,1,0,1,
479900,-15.000000,0.500000,28.148200,1,1,1,0,1,
480000,42.000000,0.500000,28.150000,1,1,1,0,1,
480100,42.000000,0.500000,28.151800,1,1,1,0,1,
480200,42.000000,0.500000,28.153600,1,1,1,0,1,
480300,42.000000,0.500000,28.155400,1,1,1,0,1,
480400,42.000000,0.500000,28.157200,1,1,1,0,1,
480500,42.000000,0.500000,28.159000,1,1,1,0,1,
480600,42.000000,0.500000,28.160800,1,1,1,0,1,
480700,42.000000,0.500000,28.162600,1,1,1,0,1,
480800,42.000000,0.500000,28.164400,1,1,1,0,1,
480900,42.000000,0.500000,28.166200,1,1,1,0,1,
481000,42.000000,0.500000,28.168000,1,1,1,0,1,
481100,42.000000,0.500000,28.169800,1,1,1,0,1,
481200,42.000000,0.500000,28.171600,1,1,1,0,1,
481300,42.000000,0.500000,28.173400,1,1,1,0,1,
481400,42.000000,0.500000,28.175200,1,1,1,0,1,
481500,42.000000,0.500000,28.177000,1,1,1,0,1,
481600,42.000000,0.500000,28.178800,1,1,1,0,1,
481700,42.000000,0.500000,28.180600,1,1,1,0,1,
481800,42.000000,0.500000,28.182400,1,1,1,0,1,
481900,42.000000,0.500000,28.184200,1,1,1,0,1,
482000,42.000000,0.500000,28.186000,1,1,1,0,1,
482100,42.000000,0.500000,28.187800,1,1,1,0,1,
482200,42.000000,0.500000,28.189600,1,1,1,0,1,
482300,42.000000,0.500000,28.191400,1,1,1,0,1,
482400,42.000000,0.500000,28.193200,1,1,1,0,1,
482500,42.000000,0.500000,28.195000,1,1,1,0,1,
482600,42.000000,0.500000,28.196800,1,1,1,0,1,
482700,42.000000,0.500000,28.198600,1,1,1,0,1,
482800,42.000000,0.500000,28.200400,1,1,1,0,1,
482900,42.000000,0.500000,28.202200,1,1,1,0,1,
483000,42.000000,0.500000,28.204000,1,1,1,0,1,
483100,42.000000,0.500000,28.205800,1,1,1,0,1,
483200,42.000000,0.500000,28.207600,1,1,1,0,1,
483300,42.000000,0.500000,28.209400,1,1,1,0,1,
483400,42.000000,0.500000,28.211200,1,1,1,0,1,
483500,42.000000,0.500000,28.213000,1,1,1,0,1,
483600,42.000000,0.500000,28.214800,1,1,1,0,1,
483700,42.000000,0.500000,28.216600,1,1,1,0,1,
483800,42.000000,0.500000,28.218400,1,1,1,0,1,
483900,42.000000,0.500000,28.220200,1,1,1,0,1,
484000,42.000000,0.500000,28.222000,1,1,1,0,1,
484100,42.000000,0.500000,28.223800,1,1,1,0,1,
484200,42.000000,0.500000,28.225600,1,1,1,0,1,
484300,42.000000,0.500000,28.227400,1,1,1,0,1,
484400,42.000000,0.500000,28.229200,1,1,1,0,1,
484500,42.000000,0.500000,28.231000,1,1,1,0,1,
484600,42.000000,0.500000,28.232800,1,1,1,0,1,
484700,42.000000,0.500000,28.234600,1,1,1,0,1,
484800,42.000000,0.500000,28.236400,1,1,1,0,1,
484900,42.000000,0.500000,28.238200,1,1,1,0,1,
485000,95.000000,0.500000,28.240000,1,1,1,0,1,
485100,95.000000,0.500000,28.241800,1,1,1,0,1,
485200,95.000000,0.500000,28.243600,1,1,1,0,1,
485300,95.000000,0.500000,28.245400,1,1,1,0,1,
485400,95.000000,0.500000,28.247200,1,1,1,0,1,
485500,95.000000,0.500000,28.249000,1,1,1,0,1,
485600,95.000000,0.500000,28.250800,1,1,1,0,1,
485700,95.000000,0.500000,28.252600,1,1,1,0,1,
485800,95.000000,0.500000,28.254400,1,1,1,0,1,
485900,95.000000,0.500000,28.256200,1,1,1,0,1,
486000,95.000000,0.500000,28.258000,1,1,1,0,1,
486100,95.000000,0.500000,28.259800,1,1,1,0,1,
486200,95.000000,0.500000,28.261600,1,1,1,0,1,
486300,95.000000,0.500000,28.263400,1,1,1,0,1,
486400,95.000000,0.500000,28.265200,1,1,1,0,1,
486500,95.000000,0.500000,28.267000,1,1,1,0,1,
486600,95.000000,0.500000,28.268800,1,1,1,0,1,
486700,95.000000,0.500000,28.270600,1,1,1,0,1,
486800,95.000000,0.500000,28.272400,1,1,1,0,1,
486900,95.000000,0.500000,28.274200,1,1,1,0,1,
487000,68.000000,0.500000,28.276000,1,1,1,0,1,
487100,68.000000,0.500000,28.277800,1,1,1,0,1,
487200,68.000000,0.500000,28.279600,1,1,1,0,1,
487300,68.000000,0.500000,28.281400,1,1,1,0,1,
487400,68.000000,0.500000,28.283200,1,1,1,0,1,
487500,68.000000,0.500000,28.285000,1,1,1,0,1,
487600,68.000000,0.500000,28.286800,1,1,1,0,1,
487700,68.000000,0.500000,28.288600,1,1,1,0,1,
487800,68.000000,0.500000,28.290400,1,1,1,0,1,
487900,68.000000,0.500000,28.292200,1,1,1,0,1,
488000,68.000000,0.500000,28.294000,1,1,1,0,1,
488100,68.000000,0.500000,28.295800,1,1,1,0,1,
488200,68.000000,0.500000,28.297600,1,1,1,0,1,
488300,68.000000,0.500000,28.299400,1,1,1,0,1,
488400,68.000000,0.500000,28.301200,1,1,1,0,1,
488500,68.000000,0.500000,28.303000,1,1,1,0,1,
488600,68.000000,0.500000,28.304800,1,1,1,0,1,
488700,68.000000,0.500000,28.306600,1,1,1,0,1,
488800,68.000000,0.500000,28.308400,1,1,1,0,1,
488900,68.000000,0.500000,28.310200,1,1,1,0,1,
489000,68.000000,0.500000,28.312000,1,1,1,0,1,
489100,68.000000,0.500000,28.313800,1,1,1,0,1,
489200,68.000000,0.500000,28.315600,1,1,1,0,1,
489300,68.000000,0.500000,28.317400,1,1,1,0,1,
489400,68.000000,0.500000,28.319200,1,1,1,0,1,
489500,68.000000,0.500000,28.321000,1,1,1,0,1,
489600,68.000000,0.500000,28.322800,1,1,1,0,1,
489700,68.000000,0.500000,28.324600,1,1,1,0,1,
489800,68.000000,0.500000,28.326400,1,1,1,0,1,
489900,68.000000,0.500000,28.328200,1,1,1,0,1,
490000,-25.000000,0.500000,28.330000,1,1,1,0,1,
490100,-25.000000,0.500000,28.331800,1,1,1,0,1,
490200,-25.000000,0.500000,28.333600,1,1,1,0,1,
490300,-25.000000,0.500000,28.335400,1,1,1,0,1,
490400,-25.000000,0.500000,28.337200,1,1,1,0,1,
490500,-25.000000,0.500000,28.339000,1,1,1,0,1,
490600,-25.000000,0.500000,28.340800,1,1,1,0,1,
490700,-25.000000,0.500000,28.342600,1,1,1,0,1,
490800,-25.000000,0.500000,28.344400,1,1,1,0,1,
490900,-25.000000,0.500000,28.346200,1,1,1,0,1,
491000,55.000000,0.500000,28.348000,1,1,1,0,1,
491100,55.000000,0.500000,28.349800,1,1,1,0,1,
491200,55.000000,0.500000,28.351600,1,1,1,0,1,
491300,55.000000,0.500000,28.353400,1,1,1,0,1,
491400,55.000000,0.500000,28.355200,1,1,1,0,1,
491500,55.000000,0.500000,28.357000,1,1,1,0,1,
491600,55.000000,0.500000,28.358800,1,1,1,0,1,
491700,55.000000,0.500000,28.360600,1,1,1,0,1,
491800,55.000000,0.500000,28.362400,1,1,1,0,1,
491900,55.000000,0.500000,28.364200,1,1,1,0,1,
492000,55.000000,0.500000,28.366000,1,1,1,0,1,
492100,55.000000,0.500000,28.367800,1,1,1,0,1,
492200,55.000000,0.500000,28.369600,1,1,1,0,1,
492300,55.000000,0.500000,28.371400,1,1,1,0,1,
492400,55.000000,0.500000,28.373200,1,1,1,0,1,
492500,55.000000,0.500000,28.375000,1,1,1,0,1,
492600,55.000000,0.500000,28.376800,1,1,1,0,1,
492700,55.000000,0.500000,28.378600,1,1,1,0,1,
492800,55.000000,0.500000,28.380400,1,1,1,0,1,
492900,55.000000,0.500000,28.382200,1,1,1,0,1,
493000,55.000000,0.500000,28.384000,1,1,1,0,1,
493100,55.000000,0.500000,28.385800,1,1,1,0,1,
493200,55.000000,0.500000,28.387600,1,1,1,0,1,
493300,55.000000,0.500000,28.389400,1,1,1,0,1,
493400,55.000000,0.500000,28.391200,1,1,1,0,1,
493500,55.000000,0.500000,28.393000,1,1,1,0,1,
493600,55.000000,0.500000,28.394800,1,1,1,0,1,
493700,55.000000,0.500000,28.396600,1,1,1,0,1,
493800,55.000000,0.500000,28.398400,1,1,1,0,1,
493900,55.000000,0.500000,28.400200,1,1,1,0,1,
494000,55.000000,0.500000,28.402000,1,1,1,0,1,
494100,55.000000,0.500000,28.403800,1,1,1,0,1,
494200,55.000000,0.500000,28.405600,1,1,1,0,1,
494300,55.000000,0.500000,28.407400,1,1,1,0,1,
494400,55.000000,0.500000,28.409200,1,1,1,0,1,
494500,55.000000,0.500000,28.411000,1,1,1,0,1,
494600,55.000000,0.500000,28.412800,1,1,1,0,1,
494700,55.000000,0.500000,28.414600,1,1,1,0,1,
494800,55.000000,0.500000,28.416400,1,1,1,0,1,
494900,55.000000,0.500000,28.418200,1,1,1,0,1,
495000,55.000000,0.500000,28.420000,1,1,1,0,1,
495100,55.000000,0.500000,28.421800,1,1,1,0,1,
495200,55.000000,0.500000,28.423600,1,1,1,0,1,
495300,55.000000,0.500000,28.425400,1,1,1,0,1,
495400,55.000000,0.500000,28.427200,1,1,1,0,1,
495500,55.000000,0.500000,28.429000,1,1,1,0,1,
495600,55.000000,0.500000,28.430800,1,1,1,0,1,
495700,55.000000,0.500000,28.432600,1,1,1,0,1,
495800,55.000000,0.500000,28.434400,1,1,1,0,1,
495900,55.000000,0.500000,28.436200,1,1,1,0,1,
496000,55.000000,0.500000,28.438000,1,1,1,0,1,
496100,55.000000,0.500000,28.439800,1,1,1,0,1,
496200,55.000000,0.500000,28.441600,1,1,1,0,1,
496300,55.000000,0.500000,28.443400,1,1,1,0,1,
496400,55.000000,0.500000,28.445200,1,1,1,0,1,
496500,55.000000,0.500000,28.447000,1,1,1,0,1,
496600,55.000000,0.500000,28.448800,1,1,1,0,1,
496700,55.000000,0.500000,28.450600,1,1,1,0,1,
496800,55.000000,0.500000,28.452400,1,1,1,0,1,
496900,55.000000,0.500000,28.454200,1,1,1,0,1,
497000,82.000000,0.500000,28.456000,1,1,1,0,1,
497100,82.000000,0.500000,28.457800,1,1,1,0,1,
497200,82.000000,0.500000,28.459600,1,1,1,0,1,
497300,82.000000,0.500000,28.461400,1,1,1,0,1,
497400,82.000000,0.500000,28.463200,1,1,1,0,1,
497500,82.000000,0.500000,28.465000,1,1,1,0,1,
497600,82.000000,0.500000,28.466800,1,1,1,0,1,
497700,82.000000,0.500000,28.468600,1,1,1,0,1,
497800,82.000000,0.500000,28.470400,1,1,1,0,1,
497900,82.000000,0.500000,28.472200,1,1,1,0,1,
498000,82.000000,0.500000,28.474000,1,1,1,0,1,
498100,82.000000,0.500000,28.475800,1,1,1,0,1,
498200,82.000000,0.500000,28.477600,1,1,1,0,1,
498300,82.000000,0.500000,28.479400,1,1,1,0,1,
498400,82.000000,0.500000,28.481200,1,1,1,0,1,
498500,82.000000,0.500000,28.483000,1,1,1,0,1,
498600,82.000000,0.500000,28.484800,1,1,1,0,1,
498700,82.000000,0.500000,28.486600,1,1,1,0,1,
498800,82.000000,0.500000,28.488400,1,1,1,0,1,
498900,82.000000,0.500000,28.490200,1,1,1,0,1,
499000,-15.000000,0.500000,28.492000,1,1,1,0,1,
499100,-15.000000,0.500000,28.493800,1,1,1,0,1,
499200,-15.000000,0.500000,28.495600,1,1,1,0,1,
499300,-15.000000,0.500000,28.497400,1,1,1,0,1,
499400,-15.000000,0.500000,28.499200,1,1,1,0,1,
499500,-15.000000,0.500000,28.501000,1,1,1,0,1,
499600,-15.000000,0.500000,28.502800,1,1,1,0,1,
499700,-15.000000,0.500000,28.504600,1,1,1,0,1,
499800,-15.000000,0.500000,28.506400,1,1,1,0,1,
499900,-15.000000,0.500000,28.508200,1,1,1,0,1,
500000,42.000000,0.500000,28.510000,1,1,1,0,1,
500100,42.000000,0.500000,28.511800,1,1,1,0,1,
500200,42.000000,0.500000,28.513600,1,1,1,0,1,
500300,42.000000,0.500000,28.515400,1,1,1,0,1,
500400,42.000000,0.500000,28.517200,1,1,1,0,1,
500500,42.000000,0.500000,28.519000,1,1,1,0,1,
500600,42.000000,0.500000,28.520800,1,1,1,0,1,
500700,42.000000,0.500000,28.522600,1,1,1,0,1,
500800,42.000000,0.500000,28.524400,1,1,1,0,1,
500900,42.000000,0.500000,28.526200,1,1,1,0,1,
501000,42.000000,0.500000,28.528000,1,1,1,0,1,
501100,42.000000,0.500000,28.529800,1,1,1,0,1,
501200,42.000000,0.500000,28.531600,1,1,1,0,1,
501300,42.000000,0.500000,28.533400,1,1,1,0,1,
501400,42.000000,0.500000,28.535200,1,1,1,0,1,
501500,42.000000,0.500000,28.537000,1,1,1,0,1,
501600,42.000000,0.500000,28.538800,1,1,1,0,1,
501700,42.000000,0.500000,28.540600,1,1,1,0,1,
501800,42.000000,0.500000,28.542400,1,1,1,0,1,
501900,42.000000,0.500000,28.544200,1,1,1,0,1,
502000,42.000000,0.500000,28.546000,1,1,1,0,1,
502100,42.000000,0.500000,28.547800,1,1,1,0,1,
502200,42.000000,0.500000,28.549600,1,1,1,0,1,
502300,42.000000,0.500000,28.551400,1,1,1,0,1,
502400,42.000000,0.500000,28.553200,1,1,1,0,1,
502500,42.000000,0.500000,28.555000,1,1,1,0,1,
502600,42.000000,0.500000,28.556800,1,1,1,0,1,
502700,42.000000,0.500000,28.558600,1,1,1,0,1,
502800,42.000000,0.500000,28.560400,1,1,1,0,1,
502900,42.000000,0.500000,28.562200,1,1,1,0,1,
503000,42.000000,0.500000,28.564000,1,1,1,0,1,
503100,42.000000,0.500000,28.565800,1,1,1,0,1,
503200,42.000000,0.500000,28.567600,1,1,1,0,1,
503300,42.000000,0.500000,28.569400,1,1,1,0,1,
503400,42.000000,0.500000,28.571200,1,1,1,0,1,
503500,42.000000,0.500000,28.573000,1,1,1,0,1,
503600,42.000000,0.500000,28.574800,1,1,1,0,1,
503700,42.000000,0.500000,28.576600,1,1,1,0,1,
503800,42.000000,0.500000,28.578400,1,1,1,0,1,
503900,42.000000,0.500000,28.580200,1,1,1,0,1,
504000,42.000000,0.500000,28.582000,1,1,1,0,1,
504100,42.000000,0.500000,28.583800,1,1,1,0,1,
504200,42.000000,0.500000,28.585600,1,1,1,0,1,
504300,42.000000,0.500000,28.587400,1,1,1,0,1,
504400,42.000000,0.500000,28.589200,1,1,1,0,1,
504500,42.000000,0.500000,28.591000,1,1,1,0,1,
504600,42.000000,0.500000,28.592800,1,1,1,0,1,
504700,42.000000,0.500000,28.594600,1,1,1,0,1,
504800,42.000000,0.500000,28.596400,1,1,1,0,1,
504900,42.000000,0.500000,28.598200,1,1,1,0,1,
505000,95.000000,0.500000,28.600000,1,1,1,0,1,
505100,95.000000,0.500000,28.601800,1,1,1,0,1,
505200,95.000000,0.500000,28.603600,1,1,1,0,1,
505300,95.000000,0.500000,28.605400,1,1,1,0,1,
505400,95.000000,0.500000,28.607200,1,1,1,0,1,
505500,95.000000,0.500000,28.609000,1,1,1,0,1,
505600,95.000000,0.500000,28.610800,1,1,1,0,1,
505700,95.000000,0.500000,28.612600,1,1,1,0,1,
505800,95.000000,0.500000,28.614400,1,1,1,0,1,
505900,95.000000,0.500000,28.616200,1,1,1,0,1,
506000,95.000000,0.500000,28.618000,1,1,1,0,1,
506100,95.000000,0.500000,28.619800,1,1,1,0,1,
506200,95.000000,0.500000,28.621600,1,1,1,0,1,
506300,95.000000,0.500000,28.623400,1,1,1,0,1,
506400,95.000000,0.500000,28.625200,1,1,1,0,1,
506500,95.000000,0.500000,28.627000,1,1,1,0,1,
506600,95.000000,0.500000,28.628800,1,1,1,0,1,
506700,95.000000,0.500000,28.630600,1,1,1,0,1,
506800,95.000000,0.500000,28.632400,1,1,1,0,1,
506900,95.000000,0.500000,28.634200,1,1,1,0,1,
507000,68.000000,0.500000,28.636000,1,1,1,0,1,
507100,68.000000,0.500000,28.637800,1,1,1,0,1,
507200,68.000000,0.500000,28.639600,1,1,1,0,1,
507300,68.000000,0.500000,28.641400,1,1,1,0,1,
507400,68.000000,0.500000,28.643200,1,1,1,0,1,
507500,68.000000,0.500000,28.645000,1,1,1,0,1,
507600,68.000000,0.500000,28.646800,1,1,1,0,1,
507700,68.000000,0.500000,28.648600,1,1,1,0,1,
507800,68.000000,0.500000,28.650400,1,1,1,0,1,
507900,68.000000,0.500000,28.652200,1,1,1,0,1,
508000,68.000000,0.500000,28.654000,1,1,1,0,1,
508100,68.000000,0.500000,28.655800,1,1,1,0,1,
508200,68.000000,0.500000,28.657600,1,1,1,0,1,
508300,68.000000,0.500000,28.659400,1,1,1,0,1,
508400,68.000000,0.500000,28.661200,1,1,1,0,1,
508500,68.000000,0.500000,28.663000,1,1,1,0,1,
508600,68.000000,0.500000,28.664800,1,1,1,0,1,
508700,68.000000,0.500000,28.666600,1,1,1,0,1,
508800,68.000000,0.500000,28.668400,1,1,1,0,1,
508900,68.000000,0.500000,28.670200,1,1,1,0,1,
509000,68.000000,0.500000,28.672000,1,1,1,0,1,
509100,68.000000,0.500000,28.673800,1,1,1,0,1,
509200,68.000000,0.500000,28.675600,1,1,1,0,1,
509300,68.000000,0.500000,28.677400,1,1,1,0,1,
509400,68.000000,0.500000,28.679200,1,1,1,0,1,
509500,68.000000,0.500000,28.681000,1,1,1,0,1,
509600,68.000000,0.500000,28.682800,1,1,1,0,1,
509700,68.000000,0.500000,28.684600,1,1,1,0,1,
509800,68.000000,0.500000,28.686400,1,1,1,0,1,
509900,68.000000,0.500000,28.688200,1,1,1,0,1,
510000,-25.000000,0.500000,28.690000,1,1,1,0,1,
510100,-25.000000,0.500000,28.691800,1,1,1,0,1,
510200,-25.000000,0.500000,28.693600,1,1,1,0,1,
510300,-25.000000,0.500000,28.695400,1,1,1,0,1,
510400,-25.000000,0.500000,28.697200,1,1,1,0,1,
510500,-25.000000,0.500000,28.699000,1,1,1,0,1,
510600,-25.000000,0.500000,28.700800,1,1,1,0,1,
510700,-25.000000,0.500000,28.702600,1,1,1,0,1,
510800,-25.000000,0.500000,28.704400,1,1,1,0,1,
510900,-25.000000,0.500000,28.706200,1,1,1,0,1,
511000,55.000000,0.500000,28.708000,1,1,1,0,1,
511100,55.000000,0.500000,28.709800,1,1,1,0,1,
511200,55.000000,0.500000,28.711600,1,1,1,0,1,
511300,55.000000,0.500000,28.713400,1,1,1,0,1,
511400,55.000000,0.500000,28.715200,1,1,1,0,1,
511500,55.000000,0.500000,28.717000,1,1,1,0,1,
511600,55.000000,0.500000,28.718800,1,1,1,0,1,
511700,55.000000,0.500000,28.720600,1,1,1,0,1,
511800,55.000000,0.500000,28.722400,1,1,1,0,1,
511900,55.000000,0.500000,28.724200,1,1,1,0,1,
512000,55.000000,0.500000,28.726000,1,1,1,0,1,
512100,55.000000,0.500000,28.727800,1,1,1,0,1,
512200,55.000000,0.500000,28.729600,1,1,1,0,1,
512300,55.000000,0.500000,28.731400,1,1,1,0,1,
512400,55.000000,0.500000,28.733200,1,1,1,0,1,
512500,55.000000,0.500000,28.735000,1,1,1,0,1,
512600,55.000000,0.500000,28.736800,1,1,1,0,1,
512700,55.000000,0.500000,28.738600,1,1,1,0,1,
512800,55.000000,0.500000,28.740400,1,1,1,0,1,
512900,55.000000,0.500000,28.742200,1,1,1,0,1,
513000,55.000000,0.500000,28.744000,1,1,1,0,1,
513100,55.000000,0.500000,28.745800,1,1,1,0,1,
513200,55.000000,0.500000,28.747600,1,1,1,0,1,
513300,55.000000,0.500000,28.749400,1,1,1,0,1,
513400,55.000000,0.500000,28.751200,1,1,1,0,1,
513500,55.000000,0.500000,28.753000,1,1,1,0,1,
513600,55.000000,0.500000,28.754800,1,1,1,0,1,
513700,55.000000,0.500000,28.756600,1,1,1,0,1,
513800,55.000000,0.500000,28.758400,1,1,1,0,1,
513900,55.000000,0.500000,28.760200,1,1,1,0,1,
514000,55.000000,0.500000,28.762000,1,1,1,0,1,
514100,55.000000,0.500000,28.763800,1,1,1,0,1,
514200,55.000000,0.500000,28.765600,1,1,1,0,1,
514300,55.000000,0.500000,28.767400,1,1,1,0,1,
514400,55.000000,0.500000,28.769200,1,1,1,0,1,
514500,55.000000,0.500000,28.771000,1,1,1,0,1,
514600,55.000000,0.500000,28.772800,1,1,1,0,1,
514700,55.000000,0.500000,28.774600,1,1,1,0,1,
514800,55.000000,0.500000,28.776400,1,1,1,0,1,
514900,55.000000,0.500000,28.778200,1,1,1,0,1,
515000,55.000000,0.500000,28.780000,1,1,1,0,1,
515100,55.000000,0.500000,28.781800,1,1,1,0,1,
515200,55.000000,0.500000,28.783600,1,1,1,0,1,
515300,55.000000,0.500000,28.785400,1,1,1,0,1,
515400,55.000000,0.500000,28.787200,1,1,1,0,1,
515500,55.000000,0.500000,28.789000,1,1,1,0,1,
515600,55.000000,0.500000,28.790800,1,1,1,0,1,
515700,55.000000,0.500000,28.792600,1,1,1,0,1,
515800,55.000000,0.500000,28.794400,1,1,1,0,1,
515900,55.000000,0.500000,28.796200,1,1,1,0,1,
516000,55.000000,0.500000,28.798000,1,1,1,0,1,
516100,55.000000,0.500000,28.799800,1,1,1,0,1,
516200,55.000000,0.500000,28.801600,1,1,1,0,1,
516300,55.000000,0.500000,28.803400,1,1,1,0,1,
516400,55.000000,0.500000,28.805200,1,1,1,0,1,
516500,55.000000,0.500000,28.807000,1,1,1,0,1,
516600,55.000000,0.500000,28.808800,1,1,1,0,1,
516700,55.000000,0.500000,28.810600,1,1,1,0,1,
516800,55.000000,0.500000,28.812400,1,1,1,0,1,
516900,55.000000,0.500000,28.814200,1,1,1,0,1,
517000,82.000000,0.500000,28.816000,1,1,1,0,1,
517100,82.000000,0.500000,28.817800,1,1,1,0,1,
517200,82.000000,0.500000,28.819600,1,1,1,0,1,
517300,82.000000,0.500000,28.821400,1,1,1,0,1,
517400,82.000000,0.500000,28.823200,1,1,1,0,1,
517500,82.000000,0.500000,28.825000,1,1,1,0,1,
517600,82.000000,0.500000,28.826800,1,1,1,0,1,
517700,82.000000,0.500000,28.828600,1,1,1,0,1,
517800,82.000000,0.500000,28.830400,1,1,1,0,1,
517900,82.000000,0.500000,28.832200,1,1,1,0,1,
518000,82.000000,0.500000,28.834000,1,1,1,0,1,
518100,82.000000,0.500000,28.835800,1,1,1,0,1,
518200,82.000000,0.500000,28.837600,1,1,1,0,1,
518300,82.000000,0.500000,28.839400,1,1,1,0,1,
518400,82.000000,0.500000,28.841200,1,1,1,0,1,
518500,82.000000,0.500000,28.843000,1,1,1,0,1,
518600,82.000000,0.500000,28.844800,1,1,1,0,1,
518700,82.000000,0.500000,28.846600,1,1,1,0,1,
518800,82.000000,0.500000,28.848400,1,1,1,0,1,
518900,82.000000,0.500000,28.850200,1,1,1,0,1,
519000,-15.000000,0.500000,28.852000,1,1,1,0,1,
519100,-15.000000,0.500000,28.853800,1,1,1,0,1,
519200,-15.000000,0.500000,28.855600,1,1,1,0,1,
519300,-15.000000,0.500000,28.857400,1,1,1,0,1,
519400,-15.000000,0.500000,28.859200,1,1,1,0,1,
519500,-15.000000,0.500000,28.861000,1,1,1,0,1,
519600,-15.000000,0.500000,28.862800,1,1,1,0,1,
519700,-15.000000,0.500000,28.864600,1,1,1,0,1,
519800,-15.000000,0.500000,28.866400,1,1,1,0,1,
519900,-15.000000,0.500000,28.868200,1,1,1,0,1,
520000,42.000000,0.500000,28.870000,1,1,1,0,1,
520100,42.000000,0.500000,28.871800,1,1,1,0,1,
520200,42.000000,0.500000,28.873600,1,1,1,0,1,
520300,42.000000,0.500000,28.875400,1,1,1,0,1,
520400,42.000000,0.500000,28.877200,1,1,1,0,1,
520500,42.000000,0.500000,28.879000,1,1,1,0,1,
520600,42.000000,0.500000,28.880800,1,1,1,0,1,
520700,42.000000,0.500000,28.882600,1,1,1,0,1,
520800,42.000000,0.500000,28.884400,1,1,1,0,1,
520900,42.000000,0.500000,28.886200,1,1,1,0,1,
521000,42.000000,0.500000,28.888000,1,1,1,0,1,
521100,42.000000,0.500000,28.889800,1,1,1,0,1,
521200,42.000000,0.500000,28.891600,1,1,1,0,1,
521300,42.000000,0.500000,28.893400,1,1,1,0,1,
521400,42.000000,0.500000,28.895200,1,1,1,0,1,
521500,42.000000,0.500000,28.897000,1,1,1,0,1,
521600,42.000000,0.500000,28.898800,1,1,1,0,1,
521700,42.000000,0.500000,28.900600,1,1,1,0,1,
521800,42.000000,0.500000,28.902400,1,1,1,0,1,
521900,42.000000,0.500000,28.904200,1,1,1,0,1,
522000,42.000000,0.500000,28.906000,1,1,1,0,1,
522100,42.000000,0.500000,28.907800,1,1,1,0,1,
522200,42.000000,0.500000,28.909600,1,1,1,0,1,
522300,42.000000,0.500000,28.911400,1,1,1,0,1,
522400,42.000000,0.500000,28.913200,1,1,1,0,1,
522500,42.000000,0.500000,28.915000,1,1,1,0,1,
522600,42.000000,0.500000,28.916800,1,1,1,0,1,
522700,42.000000,0.500000,28.918600,1,1,1,0,1,
522800,42.000000,0.500000,28.920400,1,1,1,0,1,
522900,42.000000,0.500000,28.922200,1,1,1,0,1,
523000,42.000000,0.500000,28.924000,1,1,1,0,1,
523100,42.000000,0.500000,28.925800,1,1,1,0,1,
523200,42.000000,0.500000,28.927600,1,1,1,0,1,
523300,42.000000,0.500000,28.929400,1,1,1,0,1,
523400,42.000000,0.500000,28.931200,1,1,1,0,1,
523500,42.000000,0.500000,28.933000,1,1,1,0,1,
523600,42.000000,0.500000,28.934800,1,1,1,0,1,
523700,42.000000,0.500000,28.936600,1,1,1,0,1,
523800,42.000000,0.500000,28.938400,1,1,1,0,1,
523900,42.000000,0.500000,28.940200,1,1,1,0,1,
524000,42.000000,0.500000,28.942000,1,1,1,0,1,
524100,42.000000,0.500000,28.943800,1,1,1,0,1,
524200,42.000000,0.500000,28.945600,1,1,1,0,1,
524300,42.000000,0.500000,28.947400,1,1,1,0,1,
524400,42.000000,0.500000,28.949200,1,1,1,0,1,
524500,42.000000,0.500000,28.951000,1,1,1,0,1,
524600,42.000000,0.500000,28.952800,1,1,1,0,1,
524700,42.000000,0.500000,28.954600,1,1,1,0,1,
524800,42.000000,0.500000,28.956400,1,1,1,0,1,
524900,42.000000,0.500000,28.958200,1,1,1,0,1,
525000,95.000000,0.500000,28.960000,1,1,1,0,1,
525100,95.000000,0.500000,28.961800,1,1,1,0,1,
525200,95.000000,0.500000,28.963600,1,1,1,0,1,
525300,95.000000,0.500000,28.965400,1,1,1,0,1,
525400,95.000000,0.500000,28.967200,1,1,1,0,1,
525500,95.000000,0.500000,28.969000,1,1,1,0,1,
525600,95.000000,0.500000,28.970800,1,1,1,0,1,
525700,95.000000,0.500000,28.972600,1,1,1,0,1,
525800,95.000000,0.500000,28.974400,1,1,1,0,1,
525900,95.000000,0.500000,28.976200,1,1,1,0,1,
526000,95.000000,0.500000,28.978000,1,1,1,0,1,
526100,95.000000,0.500000,28.979800,1,1,1,0,1,
526200,95.000000,0.500000,28.981600,1,1,1,0,1,
526300,95.000000,0.500000,28.983400,1,1,1,0,1,
526400,95.000000,0.500000,28.985200,1,1,1,0,1,
526500,95.000000,0.500000,28.987000,1,1,1,0,1,
526600,95.000000,0.500000,28.988800,1,1,1,0,1,
526700,95.000000,0.500000,28.990600,1,1,1,0,1,
526800,95.000000,0.500000,28.992400,1,1,1,0,1,
526900,95.000000,0.500000,28.994200,1,1,1,0,1,
527000,68.000000,0.500000,28.996000,1,1,1,0,1,
527100,68.000000,0.500000,28.997800,1,1,1,0,1,
527200,68.000000,0.500000,28.999600,1,1,1,0,1,
527300,68.000000,0.500000,29.001400,1,1,1,0,1,
527400,68.000000,0.500000,29.003200,1,1,1,0,1,
527500,68.000000,0.500000,29.005000,1,1,1,0,1,
527600,68.000000,0.500000,29.006800,1,1,1,0,1,
527700,68.000000,0.500000,29.008600,1,1,1,0,1,
527800,68.000000,0.500000,29.010400,1,1,1,0,1,
527900,68.000000,0.500000,29.012200,1,1,1,0,1,
528000,68.000000,0.500000,29.014000,1,1,1,0,1,
528100,68.000000,0.500000,29.015800,1,1,1,0,1,
528200,68.000000,0.500000,29.017600,1,1,1,0,1,
528300,68.000000,0.500000,29.019400,1,1,1,0,1,
528400,68.000000,0.500000,29.021200,1,1,1,0,1,
528500,68.000000,0.500000,29.023000,1,1,1,0,1,
528600,68.000000,0.500000,29.024800,1,1,1,0,1,
528700,68.000000,0.500000,29.026600,1,1,1,0,1,
528800,68.000000,0.500000,29.028400,1,1,1,0,1,
528900,68.000000,0.500000,29.030200,1,1,1,0,1,
529000,68.000000,0.500000,29.032000,1,1,1,0,1,
529100,68.000000,0.500000,29.033800,1,1,1,0,1,
529200,68.000000,0.500000,29.035600,1,1,1,0,1,
529300,68.000000,0.500000,29.037400,1,1,1,0,1,
529400,68.000000,0.500000,29.039200,1,1,1,0,1,
529500,68.000000,0.500000,29.041000,1,1,1,0,1,
529600,68.000000,0.500000,29.042800,1,1,1,0,1,
529700,68.000000,0.500000,29.044600,1,1,1,0,1,
529800,68.000000,0.500000,29.046400,1,1,1,0,1,
529900,68.000000,0.500000,29.048200,1,1,1,0,1,
530000,-25.000000,0.500000,29.050000,1,1,1,0,1,
530100,-25.000000,0.500000,29.051800,1,1,1,0,1,
530200,-25.000000,0.500000,29.053600,1,1,1,0,1,
530300,-25.000000,0.500000,29.055400,1,1,1,0,1,
530400,-25.000000,0.500000,29.057200,1,1,1,0,1,
530500,-25.000000,0.500000,29.059000,1,1,1,0,1,
530600,-25.000000,0.500000,29.060800,1,1,1,0,1,
530700,-25.000000,0.500000,29.062600,1,1,1,0,1,
530800,-25.000000,0.500000,29.064400,1,1,1,0,1,
530900,-25.000000,0.500000,29.066200,1,1,1,0,1,
531000,55.000000,0.500000,29.068000,1,1,1,0,1,
531100,55.000000,0.500000,29.069800,1,1,1,0,1,
531200,55.000000,0.500000,29.071600,1,1,1,0,1,
531300,55.000000,0.500000,29.073400,1,1,1,0,1,
531400,55.000000,0.500000,29.075200,1,1,1,0,1,
531500,55.000000,0.500000,29.077000,1,1,1,0,1,
531600,55.000000,0.500000,29.078800,1,1,1,0,1,
531700,55.000000,0.500000,29.080600,1,1,1,0,1,
531800,55.000000,0.500000,29.082400,1,1,1,0,1,
531900,55.000000,0.500000,29.084200,1,1,1,0,1,
532000,55.000000,0.500000,29.086000,1,1,1,0,1,
532100,55.000000,0.500000,29.087800,1,1,1,0,1,
532200,55.000000,0.500000,29.089600,1,1,1,0,1,
532300,55.000000,0.500000,29.091400,1,1,1,0,1,
532400,55.000000,0.500000,29.093200,1,1,1,0,1,
532500,55.000000,0.500000,29.095000,1,1,1,0,1,
532600,55.000000,0.500000,29.096800,1,1,1,0,1,
532700,55.000000,0.500000,29.098600,1,1,1,0,1,
532800,55.000000,0.500000,29.100400,1,1,1,0,1,
532900,55.000000,0.500000,29.102200,1,1,1,0,1,
533000,55.000000,0.500000,29.104000,1,1,1,0,1,
533100,55.000000,0.500000,29.105800,1,1,1,0,1,
533200,55.000000,0.500000,29.107600,1,1,1,0,1,
533300,55.000000,0.500000,29.109400,1,1,1,0,1,
533400,55.000000,0.500000,29.111200,1,1,1,0,1,
533500,55.000000,0.500000,29.113000,1,1,1,0,1,
533600,55.000000,0.500000,29.114800,1,1,1,0,1,
533700,55.000000,0.500000,29.116600,1,1,1,0,1,
533800,55.000000,0.500000,29.118400,1,1,1,0,1,
533900,55.000000,0.500000,29.120200,1,1,1,0,1,
534000,55.000000,0.500000,29.122000,1,1,1,0,1,
534100,55.000000,0.500000,29.123800,1,1,1,0,1,
534200,55.000000,0.500000,29.125600,1,1,1,0,1,
534300,55.000000,0.500000,29.127400,1,1,1,0,1,
534400,55.000000,0.500000,29.129200,1,1,1,0,1,
534500,55.000000,0.500000,29.131000,1,1,1,0,1,
534600,55.000000,0.500000,29.132800,1,1,1,0,1,
534700,55.000000,0.500000,29.134600,1,1,1,0,1,
534800,55.000000,0.500000,29.136400,1,1,1,0,1,
534900,55.000000,0.500000,29.138200,1,1,1,0,1,
535000,55.000000,0.500000,29.140000,1,1,1,0,1,
535100,55.000000,0.500000,29.141800,1,1,1,0,1,
535200,55.000000,0.500000,29.143600,1,1,1,0,1,
535300,55.000000,0.500000,29.145400,1,1,1,0,1,
535400,55.000000,0.500000,29.147200,1,1,1,0,1,
535500,55.000000,0.500000,29.149000,1,1,1,0,1,
535600,55.000000,0.500000,29.150800,1,1,1,0,1,
535700,55.000000,0.500000,29.152600,1,1,1,0,1,
535800,55.000000,0.500000,29.154400,1,1,1,0,1,
535900,55.000000,0.500000,29.156200,1,1,1,0,1,
536000,55.000000,0.500000,29.158000,1,1,1,0,1,
536100,55.000000,0.500000,29.159800,1,1,1,0,1,
536200,55.000000,0.500000,29.161600,1,1,1,0,1,
536300,55.000000,0.500000,29.163400,1,1,1,0,1,
536400,55.000000,0.500000,29.165200,1,1,1,0,1,
536500,55.000000,0.500000,29.167000,1,1,1,0,1,
536600,55.000000,0.500000,29.168800,1,1,1,0,1,
536700,55.000000,0.500000,29.170600,1,1,1,0,1,
536800,55.000000,0.500000,29.172400,1,1,1,0,1,
536900,55.000000,0.500000,29.174200,1,1,1,0,1,
537000,82.000000,0.500000,29.176000,1,1,1,0,1,
537100,82.000000,0.500000,29.177800,1,1,1,0,1,
537200,82.000000,0.500000,29.179600,1,1,1,0,1,
537300,82.000000,0.500000,29.181400,1,1,1,0,1,
537400,82.000000,0.500000,29.183200,1,1,1,0,1,
537500,82.000000,0.500000,29.185000,1,1,1,0,1,
537600,82.000000,0.500000,29.186800,1,1,1,0,1,
537700,82.000000,0.500000,29.188600,1,1,1,0,1,
537800,82.000000,0.500000,29.190400,1,1,1,0,1,
537900,82.000000,0.500000,29.192200,1,1,1,0,1,
538000,82.000000,0.500000,29.194000,1,1,1,0,1,
538100,82.000000,0.500000,29.195800,1,1,1,0,1,
538200,82.000000,0.500000,29.197600,1,1,1,0,1,
538300,82.000000,0.500000,29.199400,1,1,1,0,1,
538400,82.000000,0.500000,29.201200,1,1,1,0,1,
538500,82.000000,0.500000,29.203000,1,1,1,0,1,
538600,82.000000,0.500000,29.204800,1,1,1,0,1,
538700,82.000000,0.500000,29.206600,1,1,1,0,1,
538800,82.000000,0.500000,29.208400,1,1,1,0,1,
538900,82.000000,0.500000,29.210200,1,1,1,0,1,
539000,-15.000000,0.500000,29.212000,1,1,1,0,1,
539100,-15.000000,0.500000,29.213800,1,1,1,0,1,
539200,-15.000000,0.500000,29.215600,1,1,1,0,1,
539300,-15.000000,0.500000,29.217400,1,1,1,0,1,
539400,-15.000000,0.500000,29.219200,1,1,1,0,1,
539500,-15.000000,0.500000,29.221000,1,1,1,0,1,
539600,-15.000000,0.500000,29.222800,1,1,1,0,1,
539700,-15.000000,0.500000,29.224600,1,1,1,0,1,
539800,-15.000000,0.500000,29.226400,1,1,1,0,1,
539900,-15.000000,0.500000,29.228200,1,1,1,0,1,
540000,42.000000,0.500000,29.230000,1,1,1,0,1,
540100,42.000000,0.500000,29.231800,1,1,1,0,1,
540200,42.000000,0.500000,29.233600,1,1,1,0,1,
540300,42.000000,0.500000,29.235400,1,1,1,0,1,
540400,42.000000,0.500000,29.237200,1,1,1,0,1,
540500,42.000000,0.500000,29.239000,1,1,1,0,1,
540600,42.000000,0.500000,29.240800,1,1,1,0,1,
540700,42.000000,0.500000,29.242600,1,1,1,0,1,
540800,42.000000,0.500000,29.244400,1,1,1,0,1,
540900,42.000000,0.500000,29.246200,1,1,1,0,1,
541000,42.000000,0.500000,29.248000,1,1,1,0,1,
541100,42.000000,0.500000,29.249800,1,1,1,0,1,
541200,42.000000,0.500000,29.251600,1,1,1,0,1,
541300,42.000000,0.500000,29.253400,1,1,1,0,1,
541400,42.000000,0.500000,29.255200,1,1,1,0,1,
541500,42.000000,0.500000,29.257000,1,1,1,0,1,
541600,42.000000,0.500000,29.258800,1,1,1,0,1,
541700,42.000000,0.500000,29.260600,1,1,1,0,1,
541800,42.000000,0.500000,29.262400,1,1,1,0,1,
541900,42.000000,0.500000,29.264200,1,1,1,0,1,
542000,42.000000,0.500000,29.266000,1,1,1,0,1,
542100,42.000000,0.500000,29.267800,1,1,1,0,1,
542200,42.000000,0.500000,29.269600,1,1,1,0,1,
542300,42.000000,0.500000,29.271400,1,1,1,0,1,
542400,42.000000,0.500000,29.273200,1,1,1,0,1,
542500,42.000000,0.500000,29.275000,1,1,1,0,1,
542600,42.000000,0.500000,29.276800,1,1,1,0,1,
542700,42.000000,0.500000,29.278600,1,1,1,0,1,
542800,42.000000,0.500000,29.280400,1,1,1,0,1,
542900,42.000000,0.500000,29.282200,1,1,1,0,1,
543000,42.000000,0.500000,29.284000,1,1,1,0,1,
543100,42.000000,0.500000,29.285800,1,1,1,0,1,
543200,42.000000,0.500000,29.287600,1,1,1,0,1,
543300,42.000000,0.500000,29.289400,1,1,1,0,1,
543400,42.000000,0.500000,29.291200,1,1,1,0,1,
543500,42.000000,0.500000,29.293000,1,1,1,0,1,
543600,42.000000,0.500000,29.294800,1,1,1,0,1,
543700,42.000000,0.500000,29.296600,1,1,1,0,1,
543800,42.000000,0.500000,29.298400,1,1,1,0,1,
543900,42.000000,0.500000,29.300200,1,1,1,0,1,
544000,42.000000,0.500000,29.302000,1,1,1,0,1,
544100,42.000000,0.500000,29.303800,1,1,1,0,1,
544200,42.000000,0.500000,29.305600,1,1,1,0,1,
544300,42.000000,0.500000,29.307400,1,1,1,0,1,
544400,42.000000,0.500000,29.309200,1,1,1,0,1,
544500,42.000000,0.500000,29.311000,1,1,1,0,1,
544600,42.000000,0.500000,29.312800,1,1,1,0,1,
544700,42.000000,0.500000,29.314600,1,1,1,0,1,
544800,42.000000,0.500000,29.316400,1,1,1,0,1,
544900,42.000000,0.500000,29.318200,1,1,1,0,1,
545000,95.000000,0.500000,29.320000,1,1,1,0,1,
545100,95.000000,0.500000,29.321800,1,1,1,0,1,
545200,95.000000,0.500000,29.323600,1,1,1,0,1,
545300,95.000000,0.500000,29.325400,1,1,1,0,1,
545400,95.000000,0.500000,29.327200,1,1,1,0,1,
545500,95.000000,0.500000,29.329000,1,1,1,0,1,
545600,95.000000,0.500000,29.330800,1,1,1,0,1,
545700,95.000000,0.500000,29.332600,1,1,1,0,1,
545800,95.000000,0.500000,29.334400,1,1,1,0,1,
545900,95.000000,0.500000,29.336200,1,1,1,0,1,
546000,95.000000,0.500000,29.338000,1,1,1,0,1,
546100,95.000000,0.500000,29.339800,1,1,1,0,1,
546200,95.000000,0.500000,29.341600,1,1,1,0,1,
546300,95.000000,0.500000,29.343400,1,1,1,0,1,
546400,95.000000,0.500000,29.345200,1,1,1,0,1,
546500,95.000000,0.500000,29.347000,1,1,1,0,1,
546600,95.000000,0.500000,29.348800,1,1,1,0,1,
546700,95.000000,0.500000,29.350600,1,1,1,0,1,
546800,95.000000,0.500000,29.352400,1,1,1,0,1,
546900,95.000000,0.500000,29.354200,1,1,1,0,1,
547000,68.000000,0.500000,29.356000,1,1,1,0,1,
547100,68.000000,0.500000,29.357800,1,1,1,0,1,
547200,68.000000,0.500000,29.359600,1,1,1,0,1,
547300,68.000000,0.500000,29.361400,1,1,1,0,1,
547400,68.000000,0.500000,29.363200,1,1,1,0,1,
547500,68.000000,0.500000,29.365000,1,1,1,0,1,
547600,68.000000,0.500000,29.366800,1,1,1,0,1,
547700,68.000000,0.500000,29.368600,1,1,1,0,1,
547800,68.000000,0.500000,29.370400,1,1,1,0,1,
547900,68.000000,0.500000,29.372200,1,1,1,0,1,
548000,68.000000,0.500000,29.374000,1,1,1,0,1,
548100,68.000000,0.500000,29.375800,1,1,1,0,1,
548200,68.000000,0.500000,29.377600,1,1,1,0,1,
548300,68.000000,0.500000,29.379400,1,1,1,0,1,
548400,68.000000,0.500000,29.381200,1,1,1,0,1,
548500,68.000000,0.500000,29.383000,1,1,1,0,1,
548600,68.000000,0.500000,29.384800,1,1,1,0,1,
548700,68.000000,0.500000,29.386600,1,1,1,0,1,
548800,68.000000,0.500000,29.388400,1,1,1,0,1,
548900,68.000000,0.500000,29.390200,1,1,1,0,1,
549000,68.000000,0.500000,29.392000,1,1,1,0,1,
549100,68.000000,0.500000,29.393800,1,1,1,0,1,
549200,68.000000,0.500000,29.395600,1,1,1,0,1,
549300,68.000000,0.500000,29.397400,1,1,1,0,1,
549400,68.000000,0.500000,29.399200,1,1,1,0,1,
549500,68.000000,0.500000,29.401000,1,1,1,0,1,
549600,68.000000,0.500000,29.402800,1,1,1,0,1,
549700,68.000000,0.500000,29.404600,1,1,1,0,1,
549800,68.000000,0.500000,29.406400,1,1,1,0,1,
549900,68.000000,0.500000,29.408200,1,1,1,0,1,
550000,-25.000000,0.500000,29.410000,1,1,1,0,1,
550100,-25.000000,0.500000,29.411800,1,1,1,0,1,
550200,-25.000000,0.500000,29.413600,1,1,1,0,1,
550300,-25.000000,0.500000,29.415400,1,1,1,0,1,
550400,-25.000000,0.500000,29.417200,1,1,1,0,1,
550500,-25.000000,0.500000,29.419000,1,1,1,0,1,
550600,-25.000000,0.500000,29.420800,1,1,1,0,1,
550700,-25.000000,0.500000,29.422600,1,1,1,0,1,
550800,-25.000000,0.500000,29.424400,1,1,1,0,1,
550900,-25.000000,0.500000,29.426200,1,1,1,0,1,
551000,55.000000,0.500000,29.428000,1,1,1,0,1,
551100,55.000000,0.500000,29.429800,1,1,1,0,1,
551200,55.000000,0.500000,29.431600,1,1,1,0,1,
551300,55.000000,0.500000,29.433400,1,1,1,0,1,
551400,55.000000,0.500000,29.435200,1,1,1,0,1,
551500,55.000000,0.500000,29.437000,1,1,1,0,1,
551600,55.000000,0.500000,29.438800,1,1,1,0,1,
551700,55.000000,0.500000,29.440600,1,1,1,0,1,
551800,55.000000,0.500000,29.442400,1,1,1,0,1,
551900,55.000000,0.500000,29.444200,1,1,1,0,1,
552000,55.000000,0.500000,29.446000,1,1,1,0,1,
552100,55.000000,0.500000,29.447800,1,1,1,0,1,
552200,55.000000,0.500000,29.449600,1,1,1,0,1,
552300,55.000000,0.500000,29.451400,1,1,1,0,1,
552400,55.000000,0.500000,29.453200,1,1,1,0,1,
552500,55.000000,0.500000,29.455000,1,1,1,0,1,
552600,55.000000,0.500000,29.456800,1,1,1,0,1,
552700,55.000000,0.500000,29.458600,1,1,1,0,1,
552800,55.000000,0.500000,29.460400,1,1,1,0,1,
552900,55.000000,0.500000,29.462200,1,1,1,0,1,
553000,55.000000,0.500000,29.464000,1,1,1,0,1,
553100,55.000000,0.500000,29.465800,1,1,1,0,1,
553200,55.000000,0.500000,29.467600,1,1,1,0,1,
553300,55.000000,0.500000,29.469400,1,1,1,0,1,
553400,55.000000,0.500000,29.471200,1,1,1,0,1,
553500,55.000000,0.500000,29.473000,1,1,1,0,1,
553600,55.000000,0.500000,29.474800,1,1,1,0,1,
553700,55.000000,0.500000,29.476600,1,1,1,0,1,
553800,55.000000,0.500000,29.478400,1,1,1,0,1,
553900,55.000000,0.500000,29.480200,1,1,1,0,1,
554000,55.000000,0.500000,29.482000,1,1,1,0,1,
554100,55.000000,0.500000,29.483800,1,1,1,0,1,
554200,55.000000,0.500000,29.485600,1,1,1,0,1,
554300,55.000000,0.500000,29.487400,1,1,1,0,1,
554400,55.000000,0.500000,29.489200,1,1,1,0,1,
554500,55.000000,0.500000,29.491000,1,1,1,0,1,
554600,55.000000,0.500000,29.492800,1,1,1,0,1,
554700,55.000000,0.500000,29.494600,1,1,1,0,1,
554800,55.000000,0.500000,29.496400,1,1,1,0,1,
554900,55.000000,0.500000,29.498200,1,1,1,0,1,
555000,55.000000,0.500000,29.500000,1,1,1,0,1,
555100,55.000000,0.500000,29.501800,1,1,1,0,1,
555200,55.000000,0.500000,29.503600,1,1,1,0,1,
555300,55.000000,0.500000,29.505400,1,1,1,0,1,
555400,55.000000,0.500000,29.507200,1,1,1,0,1,
555500,55.000000,0.500000,29.509000,1,1,1,0,1,
555600,55.000000,0.500000,29.510800,1,1,1,0,1,
555700,55.000000,0.500000,29.512600,1,1,1,0,1,
555800,55.000000,0.500000,29.514400,1,1,1,0,1,
555900,55.000000,0.500000,29.516200,1,1,1,0,1,
556000,55.000000,0.500000,29.518000,1,1,1,0,1,
556100,55.000000,0.500000,29.519800,1,1,1,0,1,
556200,55.000000,0.500000,29.521600,1,1,1,0,1,
556300,55.000000,0.500000,29.523400,1,1,1,0,1,
556400,55.000000,0.500000,29.525200,1,1,1,0,1,
556500,55.000000,0.500000,29.527000,1,1,1,0,1,
556600,55.000000,0.500000,29.528800,1,1,1,0,1,
556700,55.000000,0.500000,29.530600,1,1,1,0,1,
556800,55.000000,0.500000,29.532400,1,1,1,0,1,
556900,55.000000,0.500000,29.534200,1,1,1,0,1,
557000,82.000000,0.500000,29.536000,1,1,1,0,1,
557100,82.000000,0.500000,29.537800,1,1,1,0,1,
557200,82.000000,0.500000,29.539600,1,1,1,0,1,
557300,82.000000,0.500000,29.541400,1,1,1,0,1,
557400,82.000000,0.500000,29.543200,1,1,1,0,1,
557500,82.000000,0.500000,29.545000,1,1,1,0,1,
557600,82.000000,0.500000,29.546800,1,1,1,0,1,
557700,82.000000,0.500000,29.548600,1,1,1,0,1,
557800,82.000000,0.500000,29.550400,1,1,1,0,1,
557900,82.000000,0.500000,29.552200,1,1,1,0,1,
558000,82.000000,0.500000,29.554000,1,1,1,0,1,
558100,82.000000,0.500000,29.555800,1,1,1,0,1,
558200,82.000000,0.500000,29.557600,1,1,1,0,1,
558300,82.000000,0.500000,29.559400,1,1,1,0,1,
558400,82.000000,0.500000,29.561200,1,1,1,0,1,
558500,82.000000,0.500000,29.563000,1,1,1,0,1,
558600,82.000000,0.500000,29.564800,1,1,1,0,1,
558700,82.000000,0.500000,29.566600,1,1,1,0,1,
558800,82.000000,0.500000,29.568400,1,1,1,0,1,
558900,82.000000,0.500000,29.570200,1,1,1,0,1,
559000,-15.000000,0.500000,29.572000,1,1,1,0,1,
559100,-15.000000,0.500000,29.573800,1,1,1,0,1,
559200,-15.000000,0.500000,29.575600,1,1,1,0,1,
559300,-15.000000,0.500000,29.577400,1,1,1,0,1,
559400,-15.000000,0.500000,29.579200,1,1,1,0,1,
559500,-15.000000,0.500000,29.581000,1,1,1,0,1,
559600,-15.000000,0.500000,29.582800,1,1,1,0,1,
559700,-15.000000,0.500000,29.584600,1,1,1,0,1,
559800,-15.000000,0.500000,29.586400,1,1,1,0,1,
559900,-15.000000,0.500000,29.588200,1,1,1,0,1,
560000,42.000000,0.500000,29.590000,1,1,1,0,1,
560100,42.000000,0.500000,29.591800,1,1,1,0,1,
560200,42.000000,0.500000,29.593600,1,1,1,0,1,
560300,42.000000,0.500000,29.595400,1,1,1,0,1,
560400,42.000000,0.500000,29.597200,1,1,1,0,1,
560500,42.000000,0.500000,29.599000,1,1,1,0,1,
560600,42.000000,0.500000,29.600800,1,1,1,0,1,
560700,42.000000,0.500000,29.602600,1,1,1,0,1,
560800,42.000000,0.500000,29.604400,1,1,1,0,1,
560900,42.000000,0.500000,29.606200,1,1,1,0,1,
561000,42.000000,0.500000,29.608000,1,1,1,0,1,
561100,42.000000,0.500000,29.609800,1,1,1,0,1,
561200,42.000000,0.500000,29.611600,1,1,1,0,1,
561300,42.000000,0.500000,29.613400,1,1,1,0,1,
561400,42.000000,0.500000,29.615200,1,1,1,0,1,
561500,42.000000,0.500000,29.617000,1,1,1,0,1,
561600,42.000000,0.500000,29.618800,1,1,1,0,1,
561700,42.000000,0.500000,29.620600,1,1,1,0,1,
561800,42.000000,0.500000,29.622400,1,1,1,0,1,
561900,42.000000,0.500000,29.624200,1,1,1,0,1,
562000,42.000000,0.500000,29.626000,1,1,1,0,1,
562100,42.000000,0.500000,29.627800,1,1,1,0,1,
562200,42.000000,0.500000,29.629600,1,1,1,0,1,
562300,42.000000,0.500000,29.631400,1,1,1,0,1,
562400,42.000000,0.500000,29.633200,1,1,1,0,1,
562500,42.000000,0.500000,29.635000,1,1,1,0,1,
562600,42.000000,0.500000,29.636800,1,1,1,0,1,
562700,42.000000,0.500000,29.638600,1,1,1,0,1,
562800,42.000000,0.500000,29.640400,1,1,1,0,1,
562900,42.000000,0.500000,29.642200,1,1,1,0,1,
563000,42.000000,0.500000,29.644000,1,1,1,0,1,
563100,42.000000,0.500000,29.645800,1,1,1,0,1,
563200,42.000000,0.500000,29.647600,1,1,1,0,1,
563300,42.000000,0.500000,29.649400,1,1,1,0,1,
563400,42.000000,0.500000,29.651200,1,1,1,0,1,
563500,42.000000,0.500000,29.653000,1,1,1,0,1,
563600,42.000000,0.500000,29.654800,1,1,1,0,1,
563700,42.000000,0.500000,29.656600,1,1,1,0,1,
563800,42.000000,0.500000,29.658400,1,1,1,0,1,
563900,42.000000,0.500000,29.660200,1,1,1,0,1,
564000,42.000000,0.500000,29.662000,1,1,1,0,1,
564100,42.000000,0.500000,29.663800,1,1,1,0,1,
564200,42.000000,0.500000,29.665600,1,1,1,0,1,
564300,42.000000,0.500000,29.667400,1,1,1,0,1,
564400,42.000000,0.500000,29.669200,1,1,1,0,1,
564500,42.000000,0.500000,29.671000,1,1,1,0,1,
564600,42.000000,0.500000,29.672800,1,1,1,0,1,
564700,42.000000,0.500000,29.674600,1,1,1,0,1,
564800,42.000000,0.500000,29.676400,1,1,1,0,1,
564900,42.000000,0.500000,29.678200,1,1,1,0,1,
565000,95.000000,0.500000,29.680000,1,1,1,0,1,
565100,95.000000,0.500000,29.681800,1,1,1,0,1,
565200,95.000000,0.500000,29.683600,1,1,1,0,1,
565300,95.000000,0.500000,29.685400,1,1,1,0,1,
565400,95.000000,0.500000,29.687200,1,1,1,0,1,
565500,95.000000,0.500000,29.689000,1,1,1,0,1,
565600,95.000000,0.500000,29.690800,1,1,1,0,1,
565700,95.000000,0.500000,29.692600,1,1,1,0,1,
565800,95.000000,0.500000,29.694400,1,1,1,0,1,
565900,95.000000,0.500000,29.696200,1,1,1,0,1,
566000,95.000000,0.500000,29.698000,1,1,1,0,1,
566100,95.000000,0.500000,29.699800,1,1,1,0,1,
566200,95.000000,0.500000,29.701600,1,1,1,0,1,
566300,95.000000,0.500000,29.703400,1,1,1,0,1,
566400,95.000000,0.500000,29.705200,1,1,1,0,1,
566500,95.000000,0.500000,29.707000,1,1,1,0,1,
566600,95.000000,0.500000,29.708800,1,1,1,0,1,
566700,95.000000,0.500000,29.710600,1,1,1,0,1,
566800,95.000000,0.500000,29.712400,1,1,1,0,1,
566900,95.000000,0.500000,29.714200,1,1,1,0,1,
567000,68.000000,0.500000,29.716000,1,1,1,0,1,
567100,68.000000,0.500000,29.717800,1,1,1,0,1,
567200,68.000000,0.500000,29.719600,1,1,1,0,1,
567300,68.000000,0.500000,29.721400,1,1,1,0,1,
567400,68.000000,0.500000,29.723200,1,1,1,0,1,
567500,68.000000,0.500000,29.725000,1,1,1,0,1,
567600,68.000000,0.500000,29.726800,1,1,1,0,1,
567700,68.000000,0.500000,29.728600,1,1,1,0,1,
567800,68.000000,0.500000,29.730400,1,1,1,0,1,
567900,68.000000,0.500000,29.732200,1,1,1,0,1,
568000,68.000000,0.500000,29.734000,1,1,1,0,1,
568100,68.000000,0.500000,29.735800,1,1,1,0,1,
568200,68.000000,0.500000,29.737600,1,1,1,0,1,
568300,68.000000,0.500000,29.739400,1,1,1,0,1,
568400,68.000000,0.500000,29.741200,1,1,1,0,1,
568500,68.000000,0.500000,29.743000,1,1,1,0,1,
568600,68.000000,0.500000,29.744800,1,1,1,0,1,
568700,68.000000,0.500000,29.746600,1,1,1,0,1,
568800,68.000000,0.500000,29.748400,1,1,1,0,1,
568900,68.000000,0.500000,29.750200,1,1,1,0,1,
569000,68.000000,0.500000,29.752000,1,1,1,0,1,
569100,68.000000,0.500000,29.753800,1,1,1,0,1,
569200,68.000000,0.500000,29.755600,1,1,1,0,1,
569300,68.000000,0.500000,29.757400,1,1,1,0,1,
569400,68.000000,0.500000,29.759200,1,1,1,0,1,
569500,68.000000,0.500000,29.761000,1,1,1,0,1,
569600,68.000000,0.500000,29.762800,1,1,1,0,1,
569700,68.000000,0.500000,29.764600,1,1,1,0,1,
569800,68.000000,0.500000,29.766400,1,1,1,0,1,
569900,68.000000,0.500000,29.768200,1,1,1,0,1,
570000,-25.000000,0.500000,29.770000,1,1,1,0,1,
570100,-25.000000,0.500000,29.771800,1,1,1,0,1,
570200,-25.000000,0.500000,29.773600,1,1,1,0,1,
570300,-25.000000,0.500000,29.775400,1,1,1,0,1,
570400,-25.000000,0.500000,29.777200,1,1,1,0,1,
570500,-25.000000,0.500000,29.779000,1,1,1,0,1,
570600,-25.000000,0.500000,29.780800,1,1,1,0,1,
570700,-25.000000,0.500000,29.782600,1,1,1,0,1,
570800,-25.000000,0.500000,29.784400,1,1,1,0,1,
570900,-25.000000,0.500000,29.786200,1,1,1,0,1,
571000,55.000000,0.500000,29.788000,1,1,1,0,1,
571100,55.000000,0.500000,29.789800,1,1,1,0,1,
571200,55.000000,0.500000,29.791600,1,1,1,0,1,
571300,55.000000,0.500000,29.793400,1,1,1,0,1,
571400,55.000000,0.500000,29.795200,1,1,1,0,1,
571500,55.000000,0.500000,29.797000,1,1,1,0,1,
571600,55.000000,0.500000,29.798800,1,1,1,0,1,
571700,55.000000,0.500000,29.800600,1,1,1,0,1,
571800,55.000000,0.500000,29.802400,1,1,1,0,1,
571900,55.000000,0.500000,29.804200,1,1,1,0,1,
572000,55.000000,0.500000,29.806000,1,1,1,0,1,
572100,55.000000,0.500000,29.807800,1,1,1,0,1,
572200,55.000000,0.500000,29.809600,1,1,1,0,1,
572300,55.000000,0.500000,29.811400,1,1,1,0,1,
572400,55.000000,0.500000,29.813200,1,1,1,0,1,
572500,55.000000,0.500000,29.815000,1,1,1,0,1,
572600,55.000000,0.500000,29.816800,1,1,1,0,1,
572700,55.000000,0.500000,29.818600,1,1,1,0,1,
572800,55.000000,0.500000,29.820400,1,1,1,0,1,
572900,55.000000,0.500000,29.822200,1,1,1,0,1,
573000,55.000000,0.500000,29.824000,1,1,1,0,1,
573100,55.000000,0.500000,29.825800,1,1,1,0,1,
573200,55.000000,0.500000,29.827600,1,1,1,0,1,
573300,55.000000,0.500000,29.829400,1,1,1,0,1,
573400,55.000000,0.500000,29.831200,1,1,1,0,1,
573500,55.000000,0.500000,29.833000,1,1,1,0,1,
573600,55.000000,0.500000,29.834800,1,1,1,0,1,
573700,55.000000,0.500000,29.836600,1,1,1,0,1,
573800,55.000000,0.500000,29.838400,1,1,1,0,1,
573900,55.000000,0.500000,29.840200,1,1,1,0,1,
574000,55.000000,0.500000,29.842000,1,1,1,0,1,
574100,55.000000,0.500000,29.843800,1,1,1,0,1,
574200,55.000000,0.500000,29.845600,1,1,1,0,1,
574300,55.000000,0.500000,29.847400,1,1,1,0,1,
574400,55.000000,0.500000,29.849200,1,1,1,0,1,
574500,55.000000,0.500000,29.851000,1,1,1,0,1,
574600,55.000000,0.500000,29.852800,1,1,1,0,1,
574700,55.000000,0.500000,29.854600,1,1,1,0,1,
574800,55.000000,0.500000,29.856400,1,1,1,0,1,
574900,55.000000,0.500000,29.858200,1,1,1,0,1,
575000,55.000000,0.500000,29.860000,1,1,1,0,1,
575100,55.000000,0.500000,29.861800,1,1,1,0,1,
575200,55.000000,0.500000,29.863600,1,1,1,0,1,
575300,55.000000,0.500000,29.865400,1,1,1,0,1,
575400,55.000000,0.500000,29.867200,1,1,1,0,1,
575500,55.000000,0.500000,29.869000,1,1,1,0,1,
575600,55.000000,0.500000,29.870800,1,1,1,0,1,
575700,55.000000,0.500000,29.872600,1,1,1,0,1,
575800,55.000000,0.500000,29.874400,1,1,1,0,1,
575900,55.000000,0.500000,29.876200,1,1,1,0,1,
576000,55.000000,0.500000,29.878000,1,1,1,0,1,
576100,55.000000,0.500000,29.879800,1,1,1,0,1,
576200,55.000000,0.500000,29.881600,1,1,1,0,1,
576300,55.000000,0.500000,29.883400,1,1,1,0,1,
576400,55.000000,0.500000,29.885200,1,1,1,0,1,
576500,55.000000,0.500000,29.887000,1,1,1,0,1,
576600,55.000000,0.500000,29.888800,1,1,1,0,1,
576700,55.000000,0.500000,29.890600,1,1,1,0,1,
576800,55.000000,0.500000,29.892400,1,1,1,0,1,
576900,55.000000,0.500000,29.894200,1,1,1,0,1,
577000,82.000000,0.500000,29.896000,1,1,1,0,1,
577100,82.000000,0.500000,29.897800,1,1,1,0,1,
577200,82.000000,0.500000,29.899600,1,1,1,0,1,
577300,82.000000,0.500000,29.901400,1,1,1,0,1,
577400,82.000000,0.500000,29.903200,1,1,1,0,1,
577500,82.000000,0.500000,29.905000,1,1,1,0,1,
577600,82.000000,0.500000,29.906800,1,1,1,0,1,
577700,82.000000,0.500000,29.908600,1,1,1,0,1,
577800,82.000000,0.500000,29.910400,1,1,1,0,1,
577900,82.000000,0.500000,29.912200,1,1,1,0,1,
578000,82.000000,0.500000,29.914000,1,1,1,0,1,
578100,82.000000,0.500000,29.915800,1,1,1,0,1,
578200,82.000000,0.500000,29.917600,1,1,1,0,1,
578300,82.000000,0.500000,29.919400,1,1,1,0,1,
578400,82.000000,0.500000,29.921200,1,1,1,0,1,
578500,82.000000,0.500000,29.923000,1,1,1,0,1,
578600,82.000000,0.500000,29.924800,1,1,1,0,1,
578700,82.000000,0.500000,29.926600,1,1,1,0,1,
578800,82.000000,0.500000,29.928400,1,1,1,0,1,
578900,82.000000,0.500000,29.930200,1,1,1,0,1,
579000,-15.000000,0.500000,29.932000,1,1,1,0,1,
579100,-15.000000,0.500000,29.933800,1,1,1,0,1,
579200,-15.000000,0.500000,29.935600,1,1,1,0,1,
579300,-15.000000,0.500000,29.937400,1,1,1,0,1,
579400,-15.000000,0.500000,29.939200,1,1,1,0,1,
579500,-15.000000,0.500000,29.941000,1,1,1,0,1,
579600,-15.000000,0.500000,29.942800,1,1,1,0,1,
579700,-15.000000,0.500000,29.944600,1,1,1,0,1,
579800,-15.000000,0.500000,29.946400,1,1,1,0,1,
579900,-15.000000,0.500000,29.948200,1,1,1,0,1,
580000,42.000000,0.500000,29.950000,1,1,1,0,1,
580100,42.000000,0.500000,29.951800,1,1,1,0,1,
580200,42.000000,0.500000,29.953600,1,1,1,0,1,
580300,42.000000,0.500000,29.955400,1,1,1,0,1,
580400,42.000000,0.500000,29.957200,1,1,1,0,1,
580500,42.000000,0.500000,29.959000,1,1,1,0,1,
580600,42.000000,0.500000,29.960800,1,1,1,0,1,
580700,42.000000,0.500000,29.962600,1,1,1,0,1,
580800,42.000000,0.500000,29.964400,1,1,1,0,1,
580900,42.000000,0.500000,29.966200,1,1,1,0,1,
581000,42.000000,0.500000,29.968000,1,1,1,0,1,
581100,42.000000,0.500000,29.969800,1,1,1,0,1,
581200,42.000000,0.500000,29.971600,1,1,1,0,1,
581300,42.000000,0.500000,29.973400,1,1,1,0,1,
581400,42.000000,0.500000,29.975200,1,1,1,0,1,
581500,42.000000,0.500000,29.977000,1,1,1,0,1,
581600,42.000000,0.500000,29.978800,1,1,1,0,1,
581700,42.000000,0.500000,29.980600,1,1,1,0,1,
581800,42.000000,0.500000,29.982400,1,1,1,0,1,
581900,42.000000,0.500000,29.984200,1,1,1,0,1,
582000,42.000000,0.500000,29.986000,1,1,1,0,1,
582100,42.000000,0.500000,29.987800,1,1,1,0,1,
582200,42.000000,0.500000,29.989600,1,1,1,0,1,
582300,42.000000,0.500000,29.991400,1,1,1,0,1,
582400,42.000000,0.500000,29.993200,1,1,1,0,1,
582500,42.000000,0.500000,29.995000,1,1,1,0,1,
582600,42.000000,0.500000,29.996800,1,1,1,0,1,
582700,42.000000,0.500000,29.998600,1,1,1,0,1,
582800,42.000000,0.500000,30.000400,1,1,1,0,1,
582900,42.000000,0.500000,30.002200,1,1,1,0,1,
583000,42.000000,0.500000,30.004000,1,1,1,0,1,
583100,42.000000,0.500000,30.005800,1,1,1,0,1,
583200,42.000000,0.500000,30.007600,1,1,1,0,1,
583300,42.000000,0.500000,30.009400,1,1,1,0,1,
583400,42.000000,0.500000,30.011200,1,1,1,0,1,
583500,42.000000,0.500000,30.013000,1,1,1,0,1,
583600,42.000000,0.500000,30.014800,1,1,1,0,1,
583700,42.000000,0.500000,30.016600,1,1,1,0,1,
583800,42.000000,0.500000,30.018400,1,1,1,0,1,
583900,42.000000,0.500000,30.020200,1,1,1,0,1,
584000,42.000000,0.500000,30.022000,1,1,1,0,1,
584100,42.000000,0.500000,30.023800,1,1,1,0,1,
584200,42.000000,0.500000,30.025600,1,1,1,0,1,
584300,42.000000,0.500000,30.027400,1,1,1,0,1,
584400,42.000000,0.500000,30.029200,1,1,1,0,1,
584500,42.000000,0.500000,30.031000,1,1,1,0,1,
584600,42.000000,0.500000,30.032800,1,1,1,0,1,
584700,42.000000,0.500000,30.034600,1,1,1,0,1,
584800,42.000000,0.500000,30.036400,1,1,1,0,1,
584900,42.000000,0.500000,30.038200,1,1,1,0,1,
585000,95.000000,0.500000,30.040000,1,1,1,0,1,
585100,95.000000,0.500000,30.041800,1,1,1,0,1,
585200,95.000000,0.500000,30.043600,1,1,1,0,1,
585300,95.000000,0.500000,30.045400,1,1,1,0,1,
585400,95.000000,0.500000,30.047200,1,1,1,0,1,
585500,95.000000,0.500000,30.049000,1,1,1,0,1,
585600,95.000000,0.500000,30.050800,1,1,1,0,1,
585700,95.000000,0.500000,30.052600,1,1,1,0,1,
585800,95.000000,0.500000,30.054400,1,1,1,0,1,
585900,95.000000,0.500000,30.056200,1,1,1,0,1,
586000,95.000000,0.500000,30.058000,1,1,1,0,1,
586100,95.000000,0.500000,30.059800,1,1,1,0,1,
586200,95.000000,0.500000,30.061600,1,1,1,0,1,
586300,95.000000,0.500000,30.063400,1,1,1,0,1,
586400,95.000000,0.500000,30.065200,1,1,1,0,1,
586500,95.000000,0.500000,30.067000,1,1,1,0,1,
586600,95.000000,0.500000,30.068800,1,1,1,0,1,
586700,95.000000,0.500000,30.070600,1,1,1,0,1,
586800,95.000000,0.500000,30.072400,1,1,1,0,1,
586900,95.000000,0.500000,30.074200,1,1,1,0,1,
587000,68.000000,0.500000,30.076000,1,1,1,0,1,
587100,68.000000,0.500000,30.077800,1,1,1,0,1,
587200,68.000000,0.500000,30.079600,1,1,1,0,1,
587300,68.000000,0.500000,30.081400,1,1,1,0,1,
587400,68.000000,0.500000,30.083200,1,1,1,0,1,
587500,68.000000,0.500000,30.085000,1,1,1,0,1,
587600,68.000000,0.500000,30.086800,1,1,1,0,1,
587700,68.000000,0.500000,30.088600,1,1,1,0,1,
587800,68.000000,0.500000,30.090400,1,1,1,0,1,
587900,68.000000,0.500000,30.092200,1,1,1,0,1,
588000,68.000000,0.500000,30.094000,1,1,1,0,1,
588100,68.000000,0.500000,30.095800,1,1,1,0,1,
588200,68.000000,0.500000,30.097600,1,1,1,0,1,
588300,68.000000,0.500000,30.099400,1,1,1,0,1,
588400,68.000000,0.500000,30.101200,1,1,1,0,1,
588500,68.000000,0.500000,30.103000,1,1,1,0,1,
588600,68.000000,0.500000,30.104800,1,1,1,0,1,
588700,68.000000,0.500000,30.106600,1,1,1,0,1,
588800,68.000000,0.500000,30.108400,1,1,1,0,1,
588900,68.000000,0.500000,30.110200,1,1,1,0,1,
589000,68.000000,0.500000,30.112000,1,1,1,0,1,
589100,68.000000,0.500000,30.113800,1,1,1,0,1,
589200,68.000000,0.500000,30.115600,1,1,1,0,1,
589300,68.000000,0.500000,30.117400,1,1,1,0,1,
589400,68.000000,0.500000,30.119200,1,1,1,0,1,
589500,68.000000,0.500000,30.121000,1,1,1,0,1,
589600,68.000000,0.500000,30.122800,1,1,1,0,1,
589700,68.000000,0.500000,30.124600,1,1,1,0,1,
589800,68.000000,0.500000,30.126400,1,1,1,0,1,
589900,68.000000,0.500000,30.128200,1,1,1,0,1,
590000,-25.000000,0.500000,30.130000,1,1,1,0,1,
590100,-25.000000,0.500000,30.131800,1,1,1,0,1,
590200,-25.000000,0.500000,30.133600,1,1,1,0,1,
590300,-25.000000,0.500000,30.135400,1,1,1,0,1,
590400,-25.000000,0.500000,30.137200,1,1,1,0,1,
590500,-25.000000,0.500000,30.139000,1,1,1,0,1,
590600,-25.000000,0.500000,30.140800,1,1,1,0,1,
590700,-25.000000,0.500000,30.142600,1,1,1,0,1,
590800,-25.000000,0.500000,30.144400,1,1,1,0,1,
590900,-25.000000,0.500000,30.146200,1,1,1,0,1,
591000,55.000000,0.500000,30.148000,1,1,1,0,1,
591100,55.000000,0.500000,30.149800,1,1,1,0,1,
591200,55.000000,0.500000,30.151600,1,1,1,0,1,
591300,55.000000,0.500000,30.153400,1,1,1,0,1,
591400,55.000000,0.500000,30.155200,1,1,1,0,1,
591500,55.000000,0.500000,30.157000,1,1,1,0,1,
591600,55.000000,0.500000,30.158800,1,1,1,0,1,
591700,55.000000,0.500000,30.160600,1,1,1,0,1,
591800,55.000000,0.500000,30.162400,1,1,1,0,1,
591900,55.000000,0.500000,30.164200,1,1,1,0,1,
592000,55.000000,0.500000,30.166000,1,1,1,0,1,
592100,55.000000,0.500000,30.167800,1,1,1,0,1,
592200,55.000000,0.500000,30.169600,1,1,1,0,1,
592300,55.000000,0.500000,30.171400,1,1,1,0,1,
592400,55.000000,0.500000,30.173200,1,1,1,0,1,
592500,55.000000,0.500000,30.175000,1,1,1,0,1,
592600,55.000000,0.500000,30.176800,1,1,1,0,1,
592700,55.000000,0.500000,30.178600,1,1,1,0,1,
592800,55.000000,0.500000,30.180400,1,1,1,0,1,
592900,55.000000,0.500000,30.182200,1,1,1,0,1,
593000,55.000000,0.500000,30.184000,1,1,1,0,1,
593100,55.000000,0.500000,30.185800,1,1,1,0,1,
593200,55.000000,0.500000,30.187600,1,1,1,0,1,
593300,55.000000,0.500000,30.189400,1,1,1,0,1,
593400,55.000000,0.500000,30.191200,1,1,1,0,1,
593500,55.000000,0.500000,30.193000,1,1,1,0,1,
593600,55.000000,0.500000,30.194800,1,1,1,0,1,
593700,55.000000,0.500000,30.196600,1,1,1,0,1,
593800,55.000000,0.500000,30.198400,1,1,1,0,1,
593900,55.000000,0.500000,30.200200,1,1,1,0,1,
594000,55.000000,0.500000,30.202000,1,1,1,0,1,
594100,55.000000,0.500000,30.203800,1,1,1,0,1,
594200,55.000000,0.500000,30.205600,1,1,1,0,1,
594300,55.000000,0.500000,30.207400,1,1,1,0,1,
594400,55.000000,0.500000,30.209200,1,1,1,0,1,
594500,55.000000,0.500000,30.211000,1,1,1,0,1,
594600,55.000000,0.500000,30.212800,1,1,1,0,1,
594700,55.000000,0.500000,30.214600,1,1,1,0,1,
594800,55.000000,0.500000,30.216400,1,1,1,0,1,
594900,55.000000,0.500000,30.218200,1,1,1,0,1,
595000,55.000000,0.500000,30.220000,1,1,1,0,1,
595100,55.000000,0.500000,30.221800,1,1,1,0,1,
595200,55.000000,0.500000,30.223600,1,1,1,0,1,
595300,55.000000,0.500000,30.225400,1,1,1,0,1,
595400,55.000000,0.500000,30.227200,1,1,1,0,1,
595500,55.000000,0.500000,30.229000,1,1,1,0,1,
595600,55.000000,0.500000,30.230800,1,1,1,0,1,
595700,55.000000,0.500000,30.232600,1,1,1,0,1,
595800,55.000000,0.500000,30.234400,1,1,1,0,1,
595900,55.000000,0.500000,30.236200,1,1,1,0,1,
596000,55.000000,0.500000,30.238000,1,1,1,0,1,
596100,55.000000,0.500000,30.239800,1,1,1,0,1,
596200,55.000000,0.500000,30.241600,1,1,1,0,1,
596300,55.000000,0.500000,30.243400,1,1,1,0,1,
596400,55.000000,0.500000,30.245200,1,1,1,0,1,
596500,55.000000,0.500000,30.247000,1,1,1,0,1,
596600,55.000000,0.500000,30.248800,1,1,1,0,1,
596700,55.000000,0.500000,30.250600,1,1,1,0,1,
596800,55.000000,0.500000,30.252400,1,1,1,0,1,
596900,55.000000,0.500000,30.254200,1,1,1,0,1,
597000,82.000000,0.500000,30.256000,1,1,1,0,1,
597100,82.000000,0.500000,30.257800,1,1,1,0,1,
597200,82.000000,0.500000,30.259600,1,1,1,0,1,
597300,82.000000,0.500000,30.261400,1,1,1,0,1,
597400,82.000000,0.500000,30.263200,1,1,1,0,1,
597500,82.000000,0.500000,30.265000,1,1,1,0,1,
597600,82.000000,0.500000,30.266800,1,1,1,0,1,
597700,82.000000,0.500000,30.268600,1,1,1,0,1,
597800,82.000000,0.500000,30.270400,1,1,1,0,1,
597900,82.000000,0.500000,30.272200,1,1,1,0,1,
598000,82.000000,0.500000,30.274000,1,1,1,0,1,
598100,82.000000,0.500000,30.275800,1,1,1,0,1,
598200,82.000000,0.500000,30.277600,1,1,1,0,1,
598300,82.000000,0.500000,30.279400,1,1,1,0,1,
598400,82.000000,0.500000,30.281200,1,1,1,0,1,
598500,82.000000,0.500000,30.283000,1,1,1,0,1,
598600,82.000000,0.500000,30.284800,1,1,1,0,1,
598700,82.000000,0.500000,30.286600,1,1,1,0,1,
598800,82.000000,0.500000,30.288400,1,1,1,0,1,
598900,82.000000,0.500000,30.290200,1,1,1,0,1,
599000,-15.000000,0.500000,30.292000,1,1,1,0,1,
599100,-15.000000,0.500000,30.293800,1,1,1,0,1,
599200,-15.000000,0.500000,30.295600,1,1,1,0,1,
599300,-15.000000,0.500000,30.297400,1,1,1,0,1,
599400,-15.000000,0.500000,30.299200,1,1,1,0,1,
599500,-15.000000,0.500000,30.301000,1,1,1,0,1,
599600,-15.000000,0.500000,30.302800,1,1,1,0,1,
599700,-15.000000,0.500000,30.304600,1,1,1,0,1,
599800,-15.000000,0.500000,30.306400,1,1,1,0,1,
599900,-15.000000,0.500000,30.308200,1,1,1,0,1,
600000,42.000000,0.500000,30.310000,1,1,1,0,1,
600100,42.000000,0.500000,30.311800,1,1,1,0,1,
600200,42.000000,0.500000,30.313600,1,1,1,0,1,
600300,42.000000,0.500000,30.315400,1,1,1,0,1,
600400,42.000000,0.500000,30.317200,1,1,1,0,1,
600500,42.000000,0.500000,30.319000,1,1,1,0,1,
600600,42.000000,0.500000,30.320800,1,1,1,0,1,
600700,42.000000,0.500000,30.322600,1,1,1,0,1,
600800,42.000000,0.500000,30.324400,1,1,1,0,1,
600900,42.000000,0.500000,30.326200,1,1,1,0,1,
601000,42.000000,0.500000,30.328000,1,1,1,0,1,
601100,42.000000,0.500000,30.329800,1,1,1,0,1,
601200,42.000000,0.500000,30.331600,1,1,1,0,1,
601300,42.000000,0.500000,30.333400,1,1,1,0,1,
601400,42.000000,0.500000,30.335200,1,1,1,0,1,
601500,42.000000,0.500000,30.337000,1,1,1,0,1,
601600,42.000000,0.500000,30.338800,1,1,1,0,1,
601700,42.000000,0.500000,30.340600,1,1,1,0,1,
601800,42.000000,0.500000,30.342400,1,1,1,0,1,
601900,42.000000,0.500000,30.344200,1,1,1,0,1,
602000,42.000000,0.500000,30.346000,1,1,1,0,1,
602100,42.000000,0.500000,30.347800,1,1,1,0,1,
602200,42.000000,0.500000,30.349600,1,1,1,0,1,
602300,42.000000,0.500000,30.351400,1,1,1,0,1,
602400,42.000000,0.500000,30.353200,1,1,1,0,1,
602500,42.000000,0.500000,30.355000,1,1,1,0,1,
602600,42.000000,0.500000,30.356800,1,1,1,0,1,
602700,42.000000,0.500000,30.358600,1,1,1,0,1,
602800,42.000000,0.500000,30.360400,1,1,1,0,1,
602900,42.000000,0.500000,30.362200,1,1,1,0,1,
603000,42.000000,0.500000,30.364000,1,1,1,0,1,
603100,42.000000,0.500000,30.365800,1,1,1,0,1,
603200,42.000000,0.500000,30.367600,1,1,1,0,1,
603300,42.000000,0.500000,30.369400,1,1,1,0,1,
603400,42.000000,0.500000,30.371200,1,1,1,0,1,
603500,42.000000,0.500000,30.373000,1,1,1,0,1,
603600,42.000000,0.500000,30.374800,1,1,1,0,1,
603700,42.000000,0.500000,30.376600,1,1,1,0,1,
603800,42.000000,0.500000,30.378400,1,1,1,0,1,
603900,42.000000,0.500000,30.380200,1,1,1,0,1,
604000,42.000000,0.500000,30.382000,1,1,1,0,1,
604100,42.000000,0.500000,30.383800,1,1,1,0,1,
604200,42.000000,0.500000,30.385600,1,1,1,0,1,
604300,42.000000,0.500000,30.387400,1,1,1,0,1,
604400,42.000000,0.500000,30.389200,1,1,1,0,1,
604500,42.000000,0.500000,30.391000,1,1,1,0,1,
604600,42.000000,0.500000,30.392800,1,1,1,0,1,
604700,42.000000,0.500000,30.394600,1,1,1,0,1,
604800,42.000000,0.500000,30.396400,1,1,1,0,1,
604900,42.000000,0.500000,30.398200,1,1,1,0,1,
605000,95.000000,0.500000,30.400000,1,1,1,0,1,
605100,95.000000,0.500000,30.401800,1,1,1,0,1,
605200,95.000000,0.500000,30.403600,1,1,1,0,1,
605300,95.000000,0.500000,30.405400,1,1,1,0,1,
605400,95.000000,0.500000,30.407200,1,1,1,0,1,
605500,95.000000,0.500000,30.409000,1,1,1,0,1,
605600,95.000000,0.500000,30.410800,1,1,1,0,1,
605700,95.000000,0.500000,30.412600,1,1,1,0,1,
605800,95.000000,0.500000,30.414400,1,1,1,0,1,
605900,95.000000,0.500000,30.416200,1,1,1,0,1,
606000,95.000000,0.500000,30.418000,1,1,1,0,1,
606100,95.000000,0.500000,30.419800,1,1,1,0,1,
606200,95.000000,0.500000,30.421600,1,1,1,0,1,
606300,95.000000,0.500000,30.423400,1,1,1,0,1,
606400,95.000000,0.500000,30.425200,1,1,1,0,1,
606500,95.000000,0.500000,30.427000,1,1,1,0,1,
606600,95.000000,0.500000,30.428800,1,1,1,0,1,
606700,95.000000,0.500000,30.430600,1,1,1,0,1,
606800,95.000000,0.500000,30.432400,1,1,1,0,1,
606900,95.000000,0.500000,30.434200,1,1,1,0,1,
607000,68.000000,0.500000,30.436000,1,1,1,0,1,
607100,68.000000,0.500000,30.437800,1,1,1,0,1,
607200,68.000000,0.500000,30.439600,1,1,1,0,1,
607300,68.000000,0.500000,30.441400,1,1,1,0,1,
607400,68.000000,0.500000,30.443200,1,1,1,0,1,
607500,68.000000,0.500000,30.445000,1,1,1,0,1,
607600,68.000000,0.500000,30.446800,1,1,1,0,1,
607700,68.000000,0.500000,30.448600,1,1,1,0,1,
607800,68.000000,0.500000,30.450400,1,1,1,0,1,
607900,68.000000,0.500000,30.452200,1,1,1,0,1,
608000,68.000000,0.500000,30.454000,1,1,1,0,1,
608100,68.000000,0.500000,30.455800,1,1,1,0,1,
608200,68.000000,0.500000,30.457600,1,1,1,0,1,
608300,68.000000,0.500000,30.459400,1,1,1,0,1,
608400,68.000000,0.500000,30.461200,1,1,1,0,1,
608500,68.000000,0.500000,30.463000,1,1,1,0,1,
608600,68.000000,0.500000,30.464800,1,1,1,0,1,
608700,68.000000,0.500000,30.466600,1,1,1,0,1,
608800,68.000000,0.500000,30.468400,1,1,1,0,1,
608900,68.000000,0.500000,30.470200,1,1,1,0,1,
609000,68.000000,0.500000,30.472000,1,1,1,0,1,
609100,68.000000,0.500000,30.473800,1,1,1,0,1,
609200,68.000000,0.500000,30.475600,1,1,1,0,1,
609300,68.000000,0.500000,30.477400,1,1,1,0,1,
609400,68.000000,0.500000,30.479200,1,1,1,0,1,
609500,68.000000,0.500000,30.481000,1,1,1,0,1,
609600,68.000000,0.500000,30.482800,1,1,1,0,1,
609700,68.000000,0.500000,30.484600,1,1,1,0,1,
609800,68.000000,0.500000,30.486400,1,1,1,0,1,
609900,68.000000,0.500000,30.488200,1,1,1,0,1,
610000,-25.000000,0.500000,30.490000,1,1,1,0,1,
610100,-25.000000,0.500000,30.491800,1,1,1,0,1,
610200,-25.000000,0.500000,30.493600,1,1,1,0,1,
610300,-25.000000,0.500000,30.495400,1,1,1,0,1,
610400,-25.000000,0.500000,30.497200,1,1,1,0,1,
610500,-25.000000,0.500000,30.499000,1,1,1,0,1,
610600,-25.000000,0.500000,30.500800,1,1,1,0,1,
610700,-25.000000,0.500000,30.502600,1,1,1,0,1,
610800,-25.000000,0.500000,30.504400,1,1,1,0,1,
610900,-25.000000,0.500000,30.506200,1,1,1,0,1,
611000,55.000000,0.500000,30.508000,1,1,1,0,1,
611100,55.000000,0.500000,30.509800,1,1,1,0,1,
611200,55.000000,0.500000,30.511600,1,1,1,0,1,
611300,55.000000,0.500000,30.513400,1,1,1,0,1,
611400,55.000000,0.500000,30.515200,1,1,1,0,1,
611500,55.000000,0.500000,30.517000,1,1,1,0,1,
611600,55.000000,0.500000,30.518800,1,1,1,0,1,
611700,55.000000,0.500000,30.520600,1,1,1,0,1,
611800,55.000000,0.500000,30.522400,1,1,1,0,1,
611900,55.000000,0.500000,30.524200,1,1,1,0,1,
612000,55.000000,0.500000,30.526000,1,1,1,0,1,
612100,55.000000,0.500000,30.527800,1,1,1,0,1,
612200,55.000000,0.500000,30.529600,1,1,1,0,1,
612300,55.000000,0.500000,30.531400,1,1,1,0,1,
612400,55.000000,0.500000,30.533200,1,1,1,0,1,
612500,55.000000,0.500000,30.535000,1,1,1,0,1,
612600,55.000000,0.500000,30.536800,1,1,1,0,1,
612700,55.000000,0.500000,30.538600,1,1,1,0,1,
612800,55.000000,0.500000,30.540400,1,1,1,0,1,
612900,55.000000,0.500000,30.542200,1,1,1,0,1,
613000,55.000000,0.500000,30.544000,1,1,1,0,1,
613100,55.000000,0.500000,30.545800,1,1,1,0,1,
613200,55.000000,0.500000,30.547600,1,1,1,0,1,
613300,55.000000,0.500000,30.549400,1,1,1,0,1,
613400,55.000000,0.500000,30.551200,1,1,1,0,1,
613500,55.000000,0.500000,30.553000,1,1,1,0,1,
613600,55.000000,0.500000,30.554800,1,1,1,0,1,
613700,55.000000,0.500000,30.556600,1,1,1,0,1,
613800,55.000000,0.500000,30.558400,1,1,1,0,1,
613900,55.000000,0.500000,30.560200,1,1,1,0,1,
614000,55.000000,0.500000,30.562000,1,1,1,0,1,
614100,55.000000,0.500000,30.563800,1,1,1,0,1,
614200,55.000000,0.500000,30.565600,1,1,1,0,1,
614300,55.000000,0.500000,30.567400,1,1,1,0,1,
614400,55.000000,0.500000,30.569200,1,1,1,0,1,
614500,55.000000,0.500000,30.571000,1,1,1,0,1,
614600,55.000000,0.500000,30.572800,1,1,1,0,1,
614700,55.000000,0.500000,30.574600,1,1,1,0,1,
614800,55.000000,0.500000,30.576400,1,1,1,0,1,
614900,55.000000,0.500000,30.578200,1,1,1,0,1,
615000,55.000000,0.500000,30.580000,1,1,1,0,1,
615100,55.000000,0.500000,30.581800,1,1,1,0,1,
615200,55.000000,0.500000,30.583600,1,1,1,0,1,
615300,55.000000,0.500000,30.585400,1,1,1,0,1,
615400,55.000000,0.500000,30.587200,1,1,1,0,1,
615500,55.000000,0.500000,30.589000,1,1,1,0,1,
615600,55.000000,0.500000,30.590800,1,1,1,0,1,
615700,55.000000,0.500000,30.592600,1,1,1,0,1,
615800,55.000000,0.500000,30.594400,1,1,1,0,1,
615900,55.000000,0.500000,30.596200,1,1,1,0,1,
616000,55.000000,0.500000,30.598000,1,1,1,0,1,
616100,55.000000,0.500000,30.599800,1,1,1,0,1,
616200,55.000000,0.500000,30.601600,1,1,1,0,1,
616300,55.000000,0.500000,30.603400,1,1,1,0,1,
616400,55.000000,0.500000,30.605200,1,1,1,0,1,
616500,55.000000,0.500000,30.607000,1,1,1,0,1,
616600,55.000000,0.500000,30.608800,1,1,1,0,1,
616700,55.000000,0.500000,30.610600,1,1,1,0,1,
616800,55.000000,0.500000,30.612400,1,1,1,0,1,
616900,55.000000,0.500000,30.614200,1,1,1,0,1,
617000,82.000000,0.500000,30.616000,1,1,1,0,1,
617100,82.000000,0.500000,30.617800,1,1,1,0,1,
617200,82.000000,0.500000,30.619600,1,1,1,0,1,
617300,82.000000,0.500000,30.621400,1,1,1,0,1,
617400,82.000000,0.500000,30.623200,1,1,1,0,1,
617500,82.000000,0.500000,30.625000,1,1,1,0,1,
617600,82.000000,0.500000,30.626800,1,1,1,0,1,
617700,82.000000,0.500000,30.628600,1,1,1,0,1,
617800,82.000000,0.500000,30.630400,1,1,1,0,1,
617900,82.000000,0.500000,30.632200,1,1,1,0,1,
618000,82.000000,0.500000,30.634000,1,1,1,0,1,
618100,82.000000,0.500000,30.635800,1,1,1,0,1,
618200,82.000000,0.500000,30.637600,1,1,1,0,1,
618300,82.000000,0.500000,30.639400,1,1,1,0,1,
618400,82.000000,0.500000,30.641200,1,1,1,0,1,
618500,82.000000,0.500000,30.643000,1,1,1,0,1,
618600,82.000000,0.500000,30.644800,1,1,1,0,1,
618700,82.000000,0.500000,30.646600,1,1,1,0,1,
618800,82.000000,0.500000,30.648400,1,1,1,0,1,
618900,82.000000,0.500000,30.650200,1,1,1,0,1,
619000,-15.000000,0.500000,30.652000,1,1,1,0,1,
619100,-15.000000,0.500000,30.653800,1,1,1,0,1,
619200,-15.000000,0.500000,30.655600,1,1,1,0,1,
619300,-15.000000,0.500000,30.657400,1,1,1,0,1,
619400,-15.000000,0.500000,30.659200,1,1,1,0,1,
619500,-15.000000,0.500000,30.661000,1,1,1,0,1,
619600,-15.000000,0.500000,30.662800,1,1,1,0,1,
619700,-15.000000,0.500000,30.664600,1,1,1,0,1,
619800,-15.000000,0.500000,30.666400,1,1,1,0,1,
619900,-15.000000,0.500000,30.668200,1,1,1,0,1,
620000,42.000000,0.500000,30.670000,1,1,1,0,1,
620100,42.000000,0.500000,30.671800,1,1,1,0,1,
620200,42.000000,0.500000,30.673600,1,1,1,0,1,
620300,42.000000,0.500000,30.675400,1,1,1,0,1,
620400,42.000000,0.500000,30.677200,1,1,1,0,1,
620500,42.000000,0.500000,30.679000,1,1,1,0,1,
620600,42.000000,0.500000,30.680800,1,1,1,0,1,
620700,42.000000,0.500000,30.682600,1,1,1,0,1,
620800,42.000000,0.500000,30.684400,1,1,1,0,1,
620900,42.000000,0.500000,30.686200,1,1,1,0,1,
621000,42.000000,0.500000,30.688000,1,1,1,0,1,
621100,42.000000,0.500000,30.689800,1,1,1,0,1,
621200,42.000000,0.500000,30.691600,1,1,1,0,1,
621300,42.000000,0.500000,30.693400,1,1,1,0,1,
621400,42.000000,0.500000,30.695200,1,1,1,0,1,
621500,42.000000,0.500000,30.697000,1,1,1,0,1,
621600,42.000000,0.500000,30.698800,1,1,1,0,1,
621700,42.000000,0.500000,30.700600,1,1,1,0,1,
621800,42.000000,0.500000,30.702400,1,1,1,0,1,
621900,42.000000,0.500000,30.704200,1,1,1,0,1,
622000,42.000000,0.500000,30.706000,1,1,1,0,1,
622100,42.000000,0.500000,30.707800,1,1,1,0,1,
622200,42.000000,0.500000,30.709600,1,1,1,0,1,
622300,42.000000,0.500000,30.711400,1,1,1,0,1,
622400,42.000000,0.500000,30.713200,1,1,1,0,1,
622500,42.000000,0.500000,30.715000,1,1,1,0,1,
622600,42.000000,0.500000,30.716800,1,1,1,0,1,
622700,42.000000,0.500000,30.718600,1,1,1,0,1,
622800,42.000000,0.500000,30.720400,1,1,1,0,1,
622900,42.000000,0.500000,30.722200,1,1,1,0,1,
623000,42.000000,0.500000,30.724000,1,1,1,0,1,
623100,42.000000,0.500000,30.725800,1,1,1,0,1,
623200,42.000000,0.500000,30.727600,1,1,1,0,1,
623300,42.000000,0.500000,30.729400,1,1,1,0,1,
623400,42.000000,0.500000,30.731200,1,1,1,0,1,
623500,42.000000,0.500000,30.733000,1,1,1,0,1,
623600,42.000000,0.500000,30.734800,1,1,1,0,1,
623700,42.000000,0.500000,30.736600,1,1,1,0,1,
623800,42.000000,0.500000,30.738400,1,1,1,0,1,
623900,42.000000,0.500000,30.740200,1,1,1,0,1,
624000,42.000000,0.500000,30.742000,1,1,1,0,1,
624100,42.000000,0.500000,30.743800,1,1,1,0,1,
624200,42.000000,0.500000,30.745600,1,1,1,0,1,
624300,42.000000,0.500000,30.747400,1,1,1,0,1,
624400,42.000000,0.500000,30.749200,1,1,1,0,1,
624500,42.000000,0.500000,30.751000,1,1,1,0,1,
624600,42.000000,0.500000,30.752800,1,1,1,0,1,
624700,42.000000,0.500000,30.754600,1,1,1,0,1,
624800,42.000000,0.500000,30.756400,1,1,1,0,1,
624900,42.000000,0.500000,30.758200,1,1,1,0,1,
625000,95.000000,0.500000,30.760000,1,1,1,0,1,
625100,95.000000,0.500000,30.761800,1,1,1,0,1,
625200,95.000000,0.500000,30.763600,1,1,1,0,1,
625300,95.000000,0.500000,30.765400,1,1,1,0,1,
625400,95.000000,0.500000,30.767200,1,1,1,0,1,
625500,95.000000,0.500000,30.769000,1,1,1,0,1,
625600,95.000000,0.500000,30.770800,1,1,1,0,1,
625700,95.000000,0.500000,30.772600,1,1,1,0,1,
625800,95.000000,0.500000,30.774400,1,1,1,0,1,
625900,95.000000,0.500000,30.776200,1,1,1,0,1,
626000,95.000000,0.500000,30.778000,1,1,1,0,1,
626100,95.000000,0.500000,30.779800,1,1,1,0,1,
626200,95.000000,0.500000,30.781600,1,1,1,0,1,
626300,95.000000,0.500000,30.783400,1,1,1,0,1,
626400,95.000000,0.500000,30.785200,1,1,1,0,1,
626500,95.000000,0.500000,30.787000,1,1,1,0,1,
626600,95.000000,0.500000,30.788800,1,1,1,0,1,
626700,95.000000,0.500000,30.790600,1,1,1,0,1,
626800,95.000000,0.500000,30.792400,1,1,1,0,1,
626900,95.000000,0.500000,30.794200,1,1,1,0,1,
627000,68.000000,0.500000,30.796000,1,1,1,0,1,
627100,68.000000,0.500000,30.797800,1,1,1,0,1,
627200,68.000000,0.500000,30.799600,1,1,1,0,1,
627300,68.000000,0.500000,30.801400,1,1,1,0,1,
627400,68.000000,0.500000,30.803200,1,1,1,0,1,
627500,68.000000,0.500000,30.805000,1,1,1,0,1,
627600,68.000000,0.500000,30.806800,1,1,1,0,1,
627700,68.000000,0.500000,30.808600,1,1,1,0,1,
627800,68.000000,0.500000,30.810400,1,1,1,0,1,
627900,68.000000,0.500000,30.812200,1,1,1,0,1,
628000,68.000000,0.500000,30.814000,1,1,1,0,1,
628100,68.000000,0.500000,30.815800,1,1,1,0,1,
628200,68.000000,0.500000,30.817600,1,1,1,0,1,
628300,68.000000,0.500000,30.819400,1,1,1,0,1,
628400,68.000000,0.500000,30.821200,1,1,1,0,1,
628500,68.000000,0.500000,30.823000,1,1,1,0,1,
628600,68.000000,0.500000,30.824800,1,1,1,0,1,
628700,68.000000,0.500000,30.826600,1,1,1,0,1,
628800,68.000000,0.500000,30.828400,1,1,1,0,1,
628900,68.000000,0.500000,30.830200,1,1,1,0,1,
629000,68.000000,0.500000,30.832000,1,1,1,0,1,
629100,68.000000,0.500000,30.833800,1,1,1,0,1,
629200,68.000000,0.500000,30.835600,1,1,1,0,1,
629300,68.000000,0.500000,30.837400,1,1,1,0,1,
629400,68.000000,0.500000,30.839200,1,1,1,0,1,
629500,68.000000,0.500000,30.841000,1,1,1,0,1,
629600,68.000000,0.500000,30.842800,1,1,1,0,1,
629700,68.000000,0.500000,30.844600,1,1,1,0,1,
629800,68.000000,0.500000,30.846400,1,1,1,0,1,
629900,68.000000,0.500000,30.848200,1,1,1,0,1,
630000,-25.000000,0.500000,30.850000,1,1,1,0,1,
630100,-25.000000,0.500000,30.851800,1,1,1,0,1,
630200,-25.000000,0.500000,30.853600,1,1,1,0,1,
630300,-25.000000,0.500000,30.855400,1,1,1,0,1,
630400,-25.000000,0.500000,30.857200,1,1,1,0,1,
630500,-25.000000,0.500000,30.859000,1,1,1,0,1,
630600,-25.000000,0.500000,30.860800,1,1,1,0,1,
630700,-25.000000,0.500000,30.862600,1,1,1,0,1,
630800,-25.000000,0.500000,30.864400,1,1,1,0,1,
630900,-25.000000,0.500000,30.866200,1,1,1,0,1,
631000,55.000000,0.500000,30.868000,1,1,1,0,1,
631100,55.000000,0.500000,30.869800,1,1,1,0,1,
631200,55.000000,0.500000,30.871600,1,1,1,0,1,
631300,55.000000,0.500000,30.873400,1,1,1,0,1,
631400,55.000000,0.500000,30.875200,1,1,1,0,1,
631500,55.000000,0.500000,30.877000,1,1,1,0,1,
631600,55.000000,0.500000,30.878800,1,1,1,0,1,
631700,55.000000,0.500000,30.880600,1,1,1,0,1,
631800,55.000000,0.500000,30.882400,1,1,1,0,1,
631900,55.000000,0.500000,30.884200,1,1,1,0,1,
632000,55.000000,0.500000,30.886000,1,1,1,0,1,
632100,55.000000,0.500000,30.887800,1,1,1,0,1,
632200,55.000000,0.500000,30.889600,1,1,1,0,1,
632300,55.000000,0.500000,30.891400,1,1,1,0,1,
632400,55.000000,0.500000,30.893200,1,1,1,0,1,
632500,55.000000,0.500000,30.895000,1,1,1,0,1,
632600,55.000000,0.500000,30.896800,1,1,1,0,1,
632700,55.000000,0.500000,30.898600,1,1,1,0,1,
632800,55.000000,0.500000,30.900400,1,1,1,0,1,
632900,55.000000,0.500000,30.902200,1,1,1,0,1,
633000,55.000000,0.500000,30.904000,1,1,1,0,1,
633100,55.000000,0.500000,30.905800,1,1,1,0,1,
633200,55.000000,0.500000,30.907600,1,1,1,0,1,
633300,55.000000,0.500000,30.909400,1,1,1,0,1,
633400,55.000000,0.500000,30.911200,1,1,1,0,1,
633500,55.000000,0.500000,30.913000,1,1,1,0,1,
633600,55.000000,0.500000,30.914800,1,1,1,0,1,
633700,55.000000,0.500000,30.916600,1,1,1,0,1,
633800,55.000000,0.500000,30.918400,1,1,1,0,1,
633900,55.000000,0.500000,30.920200,1,1,1,0,1,
634000,55.000000,0.500000,30.922000,1,1,1,0,1,
634100,55.000000,0.500000,30.923800,1,1,1,0,1,
634200,55.000000,0.500000,30.925600,1,1,1,0,1,
634300,55.000000,0.500000,30.927400,1,1,1,0,1,
634400,55.000000,0.500000,30.929200,1,1,1,0,1,
634500,55.000000,0.500000,30.931000,1,1,1,0,1,
634600,55.000000,0.500000,30.932800,1,1,1,0,1,
634700,55.000000,0.500000,30.934600,1,1,1,0,1,
634800,55.000000,0.500000,30.936400,1,1,1,0,1,
634900,55.000000,0.500000,30.938200,1,1,1,0,1,
635000,55.000000,0.500000,30.940000,1,1,1,0,1,
635100,55.000000,0.500000,30.941800,1,1,1,0,1,
635200,55.000000,0.500000,30.943600,1,1,1,0,1,
635300,55.000000,0.500000,30.945400,1,1,1,0,1,
635400,55.000000,0.500000,30.947200,1,1,1,0,1,
635500,55.000000,0.500000,30.949000,1,1,1,0,1,
635600,55.000000,0.500000,30.950800,1,1,1,0,1,
635700,55.000000,0.500000,30.952600,1,1,1,0,1,
635800,55.000000,0.500000,30.954400,1,1,1,0,1,
635900,55.000000,0.500000,30.956200,1,1,1,0,1,
636000,55.000000,0.500000,30.958000,1,1,1,0,1,
636100,55.000000,0.500000,30.959800,1,1,1,0,1,
636200,55.000000,0.500000,30.961600,1,1,1,0,1,
636300,55.000000,0.500000,30.963400,1,1,1,0,1,
636400,55.000000,0.500000,30.965200,1,1,1,0,1,
636500,55.000000,0.500000,30.967000,1,1,1,0,1,
636600,55.000000,0.500000,30.968800,1,1,1,0,1,
636700,55.000000,0.500000,30.970600,1,1,1,0,1,
636800,55.000000,0.500000,30.972400,1,1,1,0,1,
636900,55.000000,0.500000,30.974200,1,1,1,0,1,
637000,82.000000,0.500000,30.976000,1,1,1,0,1,
637100,82.000000,0.500000,30.977800,1,1,1,0,1,
637200,82.000000,0.500000,30.979600,1,1,1,0,1,
637300,82.000000,0.500000,30.981400,1,1,1,0,1,
637400,82.000000,0.500000,30.983200,1,1,1,0,1,
637500,82.000000,0.500000,30.985000,1,1,1,0,1,
637600,82.000000,0.500000,30.986800,1,1,1,0,1,
637700,82.000000,0.500000,30.988600,1,1,1,0,1,
637800,82.000000,0.500000,30.990400,1,1,1,0,1,
637900,82.000000,0.500000,30.992200,1,1,1,0,1,
638000,82.000000,0.500000,30.994000,1,1,1,0,1,
638100,82.000000,0.500000,30.995800,1,1,1,0,1,
638200,82.000000,0.500000,30.997600,1,1,1,0,1,
638300,82.000000,0.500000,30.999400,1,1,1,0,1,
638400,82.000000,0.500000,31.001200,1,1,1,0,1,
638500,82.000000,0.500000,31.003000,1,1,1,0,1,
638600,82.000000,0.500000,31.004800,1,1,1,0,1,
638700,82.000000,0.500000,31.006600,1,1,1,0,1,
638800,82.000000,0.500000,31.008400,1,1,1,0,1,
638900,82.000000,0.500000,31.010200,1,1,1,0,1,
639000,-15.000000,0.500000,31.012000,1,1,1,0,1,
639100,-15.000000,0.500000,31.013800,1,1,1,0,1,
639200,-15.000000,0.500000,31.015600,1,1,1,0,1,
639300,-15.000000,0.500000,31.017400,1,1,1,0,1,
639400,-15.000000,0.500000,31.019200,1,1,1,0,1,
639500,-15.000000,0.500000,31.021000,1,1,1,0,1,
639600,-15.000000,0.500000,31.022800,1,1,1,0,1,
639700,-15.000000,0.500000,31.024600,1,1,1,0,1,
639800,-15.000000,0.500000,31.026400,1,1,1,0,1,
639900,-15.000000,0.500000,31.028200,1,1,1,0,1,
640000,42.000000,0.500000,31.030000,1,1,1,0,1,
640100,42.000000,0.500000,31.031800,1,1,1,0,1,
640200,42.000000,0.500000,31.033600,1,1,1,0,1,
640300,42.000000,0.500000,31.035400,1,1,1,0,1,
640400,42.000000,0.500000,31.037200,1,1,1,0,1,
640500,42.000000,0.500000,31.039000,1,1,1,0,1,
640600,42.000000,0.500000,31.040800,1,1,1,0,1,
640700,42.000000,0.500000,31.042600,1,1,1,0,1,
640800,42.000000,0.500000,31.044400,1,1,1,0,1,
640900,42.000000,0.500000,31.046200,1,1,1,0,1,
641000,42.000000,0.500000,31.048000,1,1,1,0,1,
641100,42.000000,0.500000,31.049800,1,1,1,0,1,
641200,42.000000,0.500000,31.051600,1,1,1,0,1,
641300,42.000000,0.500000,31.053400,1,1,1,0,1,
641400,42.000000,0.500000,31.055200,1,1,1,0,1,
641500,42.000000,0.500000,31.057000,1,1,1,0,1,
641600,42.000000,0.500000,31.058800,1,1,1,0,1,
641700,42.000000,0.500000,31.060600,1,1,1,0,1,
641800,42.000000,0.500000,31.062400,1,1,1,0,1,
641900,42.000000,0.500000,31.064200,1,1,1,0,1,
642000,42.000000,0.500000,31.066000,1,1,1,0,1,
642100,42.000000,0.500000,31.067800,1,1,1,0,1,
642200,42.000000,0.500000,31.069600,1,1,1,0,1,
642300,42.000000,0.500000,31.071400,1,1,1,0,1,
642400,42.000000,0.500000,31.073200,1,1,1,0,1,
642500,42.000000,0.500000,31.075000,1,1,1,0,1,
642600,42.000000,0.500000,31.076800,1,1,1,0,1,
642700,42.000000,0.500000,31.078600,1,1,1,0,1,
642800,42.000000,0.500000,31.080400,1,1,1,0,1,
642900,42.000000,0.500000,31.082200,1,1,1,0,1,
643000,42.000000,0.500000,31.084000,1,1,1,0,1,
643100,42.000000,0.500000,31.085800,1,1,1,0,1,
643200,42.000000,0.500000,31.087600,1,1,1,0,1,
643300,42.000000,0.500000,31.089400,1,1,1,0,1,
643400,42.000000,0.500000,31.091200,1,1,1,0,1,
643500,42.000000,0.500000,31.093000,1,1,1,0,1,
643600,42.000000,0.500000,31.094800,1,1,1,0,1,
643700,42.000000,0.500000,31.096600,1,1,1,0,1,
643800,42.000000,0.500000,31.098400,1,1,1,0,1,
643900,42.000000,0.500000,31.100200,1,1,1,0,1,
644000,42.000000,0.500000,31.102000,1,1,1,0,1,
644100,42.000000,0.500000,31.103800,1,1,1,0,1,
644200,42.000000,0.500000,31.105600,1,1,1,0,1,
644300,42.000000,0.500000,31.107400,1,1,1,0,1,
644400,42.000000,0.500000,31.109200,1,1,1,0,1,
644500,42.000000,0.500000,31.111000,1,1,1,0,1,
644600,42.000000,0.500000,31.112800,1,1,1,0,1,
644700,42.000000,0.500000,31.114600,1,1,1,0,1,
644800,42.000000,0.500000,31.116400,1,1,1,0,1,
644900,42.000000,0.500000,31.118200,1,1,1,0,1,
645000,95.000000,0.500000,31.120000,1,1,1,0,1,
645100,95.000000,0.500000,31.121800,1,1,1,0,1,
645200,95.000000,0.500000,31.123600,1,1,1,0,1,
645300,95.000000,0.500000,31.125400,1,1,1,0,1,
645400,95.000000,0.500000,31.127200,1,1,1,0,1,
645500,95.000000,0.500000,31.129000,1,1,1,0,1,
645600,95.000000,0.500000,31.130800,1,1,1,0,1,
645700,95.000000,0.500000,31.132600,1,1,1,0,1,
645800,95.000000,0.500000,31.134400,1,1,1,0,1,
645900,95.000000,0.500000,31.136200,1,1,1,0,1,
646000,95.000000,0.500000,31.138000,1,1,1,0,1,
646100,95.000000,0.500000,31.139800,1,1,1,0,1,
646200,95.000000,0.500000,31.141600,1,1,1,0,1,
646300,95.000000,0.500000,31.143400,1,1,1,0,1,
646400,95.000000,0.500000,31.145200,1,1,1,0,1,
646500,95.000000,0.500000,31.147000,1,1,1,0,1,
646600,95.000000,0.500000,31.148800,1,1,1,0,1,
646700,95.000000,0.500000,31.150600,1,1,1,0,1,
646800,95.000000,0.500000,31.152400,1,1,1,0,1,
646900,95.000000,0.500000,31.154200,1,1,1,0,1,
647000,68.000000,0.500000,31.156000,1,1,1,0,1,
647100,68.000000,0.500000,31.157800,1,1,1,0,1,
647200,68.000000,0.500000,31.159600,1,1,1,0,1,
647300,68.000000,0.500000,31.161400,1,1,1,0,1,
647400,68.000000,0.500000,31.163200,1,1,1,0,1,
647500,68.000000,0.500000,31.165000,1,1,1,0,1,
647600,68.000000,0.500000,31.166800,1,1,1,0,1,
647700,68.000000,0.500000,31.168600,1,1,1,0,1,
647800,68.000000,0.500000,31.170400,1,1,1,0,1,
647900,68.000000,0.500000,31.172200,1,1,1,0,1,
648000,68.000000,0.500000,31.174000,1,1,1,0,1,
648100,68.000000,0.500000,31.175800,1,1,1,0,1,
648200,68.000000,0.500000,31.177600,1,1,1,0,1,
648300,68.000000,0.500000,31.179400,1,1,1,0,1,
648400,68.000000,0.500000,31.181200,1,1,1,0,1,
648500,68.000000,0.500000,31.183000,1,1,1,0,1,
648600,68.000000,0.500000,31.184800,1,1,1,0,1,
648700,68.000000,0.500000,31.186600,1,1,1,0,1,
648800,68.000000,0.500000,31.188400,1,1,1,0,1,
648900,68.000000,0.500000,31.190200,1,1,1,0,1,
649000,68.000000,0.500000,31.192000,1,1,1,0,1,
649100,68.000000,0.500000,31.193800,1,1,1,0,1,
649200,68.000000,0.500000,31.195600,1,1,1,0,1,
649300,68.000000,0.500000,31.197400,1,1,1,0,1,
649400,68.000000,0.500000,31.199200,1,1,1,0,1,
649500,68.000000,0.500000,31.201000,1,1,1,0,1,
649600,68.000000,0.500000,31.202800,1,1,1,0,1,
649700,68.000000,0.500000,31.204600,1,1,1,0,1,
649800,68.000000,0.500000,31.206400,1,1,1,0,1,
649900,68.000000,0.500000,31.208200,1,1,1,0,1,
650000,-25.000000,0.500000,31.210000,1,1,1,0,1,
650100,-25.000000,0.500000,31.211800,1,1,1,0,1,
650200,-25.000000,0.500000,31.213600,1,1,1,0,1,
650300,-25.000000,0.500000,31.215400,1,1,1,0,1,
650400,-25.000000,0.500000,31.217200,1,1,1,0,1,
650500,-25.000000,0.500000,31.219000,1,1,1,0,1,
650600,-25.000000,0.500000,31.220800,1,1,1,0,1,
650700,-25.000000,0.500000,31.222600,1,1,1,0,1,
650800,-25.000000,0.500000,31.224400,1,1,1,0,1,
650900,-25.000000,0.500000,31.226200,1,1,1,0,1,
651000,55.000000,0.500000,31.228000,1,1,1,0,1,
651100,55.000000,0.500000,31.229800,1,1,1,0,1,
651200,55.000000,0.500000,31.231600,1,1,1,0,1,
651300,55.000000,0.500000,31.233400,1,1,1,0,1,
651400,55.000000,0.500000,31.235200,1,1,1,0,1,
651500,55.000000,0.500000,31.237000,1,1,1,0,1,
651600,55.000000,0.500000,31.238800,1,1,1,0,1,
651700,55.000000,0.500000,31.240600,1,1,1,0,1,
651800,55.000000,0.500000,31.242400,1,1,1,0,1,
651900,55.000000,0.500000,31.244200,1,1,1,0,1,
652000,55.000000,0.500000,31.246000,1,1,1,0,1,
652100,55.000000,0.500000,31.247800,1,1,1,0,1,
652200,55.000000,0.500000,31.249600,1,1,1,0,1,
652300,55.000000,0.500000,31.251400,1,1,1,0,1,
652400,55.000000,0.500000,31.253200,1,1,1,0,1,
652500,55.000000,0.500000,31.255000,1,1,1,0,1,
652600,55.000000,0.500000,31.256800,1,1,1,0,1,
652700,55.000000,0.500000,31.258600,1,1,1,0,1,
652800,55.000000,0.500000,31.260400,1,1,1,0,1,
652900,55.000000,0.500000,31.262200,1,1,1,0,1,
653000,55.000000,0.500000,31.264000,1,1,1,0,1,
653100,55.000000,0.500000,31.265800,1,1,1,0,1,
653200,55.000000,0.500000,31.267600,1,1,1,0,1,
653300,55.000000,0.500000,31.269400,1,1,1,0,1,
653400,55.000000,0.500000,31.271200,1,1,1,0,1,
653500,55.000000,0.500000,31.273000,1,1,1,0,1,
653600,55.000000,0.500000,31.274800,1,1,1,0,1,
653700,55.000000,0.500000,31.276600,1,1,1,0,1,
653800,55.000000,0.500000,31.278400,1,1,1,0,1,
653900,55.000000,0.500000,31.280200,1,1,1,0,1,
654000,55.000000,0.500000,31.282000,1,1,1,0,1,
654100,55.000000,0.500000,31.283800,1,1,1,0,1,
654200,55.000000,0.500000,31.285600,1,1,1,0,1,
654300,55.000000,0.500000,31.287400,1,1,1,0,1,
654400,55.000000,0.500000,31.289200,1,1,1,0,1,
654500,55.000000,0.500000,31.291000,1,1,1,0,1,
654600,55.000000,0.500000,31.292800,1,1,1,0,1,
654700,55.000000,0.500000,31.294600,1,1,1,0,1,
654800,55.000000,0.500000,31.296400,1,1,1,0,1,
654900,55.000000,0.500000,31.298200,1,1,1,0,1,
655000,55.000000,0.500000,31.300000,1,1,1,0,1,
655100,55.000000,0.500000,31.301800,1,1,1,0,1,
655200,55.000000,0.500000,31.303600,1,1,1,0,1,
655300,55.000000,0.500000,31.305400,1,1,1,0,1,
655400,55.000000,0.500000,31.307200,1,1,1,0,1,
655500,55.000000,0.500000,31.309000,1,1,1,0,1,
655600,55.000000,0.500000,31.310800,1,1,1,0,1,
655700,55.000000,0.500000,31.312600,1,1,1,0,1,
655800,55.000000,0.500000,31.314400,1,1,1,0,1,
655900,55.000000,0.500000,31.316200,1,1,1,0,1,
656000,55.000000,0.500000,31.318000,1,1,1,0,1,
656100,55.000000,0.500000,31.319800,1,1,1,0,1,
656200,55.000000,0.500000,31.321600,1,1,1,0,1,
656300,55.000000,0.500000,31.323400,1,1,1,0,1,
656400,55.000000,0.500000,31.325200,1,1,1,0,1,
656500,55.000000,0.500000,31.327000,1,1,1,0,1,
656600,55.000000,0.500000,31.328800,1,1,1,0,1,
656700,55.000000,0.500000,31.330600,1,1,1,0,1,
656800,55.000000,0.500000,31.332400,1,1,1,0,1,
656900,55.000000,0.500000,31.334200,1,1,1,0,1,
657000,82.000000,0.500000,31.336000,1,1,1,0,1,
657100,82.000000,0.500000,31.337800,1,1,1,0,1,
657200,82.000000,0.500000,31.339600,1,1,1,0,1,
657300,82.000000,0.500000,31.341400,1,1,1,0,1,
657400,82.000000,0.500000,31.343200,1,1,1,0,1,
657500,82.000000,0.500000,31.345000,1,1,1,0,1,
657600,82.000000,0.500000,31.346800,1,1,1,0,1,
657700,82.000000,0.500000,31.348600,1,1,1,0,1,
657800,82.000000,0.500000,31.350400,1,1,1,0,1,
657900,82.000000,0.500000,31.352200,1,1,1,0,1,
658000,82.000000,0.500000,31.354000,1,1,1,0,1,
658100,82.000000,0.500000,31.355800,1,1,1,0,1,
658200,82.000000,0.500000,31.357600,1,1,1,0,1,
658300,82.000000,0.500000,31.359400,1,1,1,0,1,
658400,82.000000,0.500000,31.361200,1,1,1,0,1,
658500,82.000000,0.500000,31.363000,1,1,1,0,1,
658600,82.000000,0.500000,31.364800,1,1,1,0,1,
658700,82.000000,0.500000,31.366600,1,1,1,0,1,
658800,82.000000,0.500000,31.368400,1,1,1,0,1,
658900,82.000000,0.500000,31.370200,1,1,1,0,1,
659000,-15.000000,0.500000,31.372000,1,1,1,0,1,
659100,-15.000000,0.500000,31.373800,1,1,1,0,1,
659200,-15.000000,0.500000,31.375600,1,1,1,0,1,
659300,-15.000000,0.500000,31.377400,1,1,1,0,1,
659400,-15.000000,0.500000,31.379200,1,1,1,0,1,
659500,-15.000000,0.500000,31.381000,1,1,1,0,1,
659600,-15.000000,0.500000,31.382800,1,1,1,0,1,
659700,-15.000000,0.500000,31.384600,1,1,1,0,1,
659800,-15.000000,0.500000,31.386400,1,1,1,0,1,
659900,-15.000000,0.500000,31.388200,1,1,1,0,1,
660000,42.000000,0.500000,31.390000,1,1,1,0,1,
660100,42.000000,0.500000,31.391800,1,1,1,0,1,
660200,42.000000,0.500000,31.393600,1,1,1,0,1,
660300,42.000000,0.500000,31.395400,1,1,1,0,1,
660400,42.000000,0.500000,31.397200,1,1,1,0,1,
660500,42.000000,0.500000,31.399000,1,1,1,0,1,
660600,42.000000,0.500000,31.400800,1,1,1,0,1,
660700,42.000000,0.500000,31.402600,1,1,1,0,1,
660800,42.000000,0.500000,31.404400,1,1,1,0,1,
660900,42.000000,0.500000,31.406200,1,1,1,0,1,
661000,42.000000,0.500000,31.408000,1,1,1,0,1,
661100,42.000000,0.500000,31.409800,1,1,1,0,1,
661200,42.000000,0.500000,31.411600,1,1,1,0,1,
661300,42.000000,0.500000,31.413400,1,1,1,0,1,
661400,42.000000,0.500000,31.415200,1,1,1,0,1,
661500,42.000000,0.500000,31.417000,1,1,1,0,1,
661600,42.000000,0.500000,31.418800,1,1,1,0,1,
661700,42.000000,0.500000,31.420600,1,1,1,0,1,
661800,42.000000,0.500000,31.422400,1,1,1,0,1,
661900,42.000000,0.500000,31.424200,1,1,1,0,1,
662000,42.000000,0.500000,31.426000,1,1,1,0,1,
662100,42.000000,0.500000,31.427800,1,1,1,0,1,
662200,42.000000,0.500000,31.429600,1,1,1,0,1,
662300,42.000000,0.500000,31.431400,1,1,1,0,1,
662400,42.000000,0.500000,31.433200,1,1,1,0,1,
662500,42.000000,0.500000,31.435000,1,1,1,0,1,
662600,42.000000,0.500000,31.436800,1,1,1,0,1,
662700,42.000000,0.500000,31.438600,1,1,1,0,1,
662800,42.000000,0.500000,31.440400,1,1,1,0,1,
662900,42.000000,0.500000,31.442200,1,1,1,0,1,
663000,42.000000,0.500000,31.444000,1,1,1,0,1,
663100,42.000000,0.500000,31.445800,1,1,1,0,1,
663200,42.000000,0.500000,31.447600,1,1,1,0,1,
663300,42.000000,0.500000,31.449400,1,1,1,0,1,
663400,42.000000,0.500000,31.451200,1,1,1,0,1,
663500,42.000000,0.500000,31.453000,1,1,1,0,1,
663600,42.000000,0.500000,31.454800,1,1,1,0,1,
663700,42.000000,0.500000,31.456600,1,1,1,0,1,
663800,42.000000,0.500000,31.458400,1,1,1,0,1,
663900,42.000000,0.500000,31.460200,1,1,1,0,1,
664000,42.000000,0.500000,31.462000,1,1,1,0,1,
664100,42.000000,0.500000,31.463800,1,1,1,0,1,
664200,42.000000,0.500000,31.465600,1,1,1,0,1,
664300,42.000000,0.500000,31.467400,1,1,1,0,1,
664400,42.000000,0.500000,31.469200,1,1,1,0,1,
664500,42.000000,0.500000,31.471000,1,1,1,0,1,
664600,42.000000,0.500000,31.472800,1,1,1,0,1,
664700,42.000000,0.500000,31.474600,1,1,1,0,1,
664800,42.000000,0.500000,31.476400,1,1,1,0,1,
664900,42.000000,0.500000,31.478200,1,1,1,0,1,
665000,95.000000,0.500000,31.480000,1,1,1,0,1,
665100,95.000000,0.500000,31.481800,1,1,1,0,1,
665200,95.000000,0.500000,31.483600,1,1,1,0,1,
665300,95.000000,0.500000,31.485400,1,1,1,0,1,
665400,95.000000,0.500000,31.487200,1,1,1,0,1,
665500,95.000000,0.500000,31.489000,1,1,1,0,1,
665600,95.000000,0.500000,31.490800,1,1,1,0,1,
665700,95.000000,0.500000,31.492600,1,1,1,0,1,
665800,95.000000,0.500000,31.494400,1,1,1,0,1,
665900,95.000000,0.500000,31.496200,1,1,1,0,1,
666000,95.000000,0.500000,31.498000,1,1,1,0,1,
666100,95.000000,0.500000,31.499800,1,1,1,0,1,
666200,95.000000,0.500000,31.501600,1,1,1,0,1,
666300,95.000000,0.500000,31.503400,1,1,1,0,1,
666400,95.000000,0.500000,31.505200,1,1,1,0,1,
666500,95.000000,0.500000,31.507000,1,1,1,0,1,
666600,95.000000,0.500000,31.508800,1,1,1,0,1,
666700,95.000000,0.500000,31.510600,1,1,1,0,1,
666800,95.000000,0.500000,31.512400,1,1,1,0,1,
666900,95.000000,0.500000,31.514200,1,1,1,0,1,
667000,68.000000,0.500000,31.516000,1,1,1,0,1,
667100,68.000000,0.500000,31.517800,1,1,1,0,1,
667200,68.000000,0.500000,31.519600,1,1,1,0,1,
667300,68.000000,0.500000,31.521400,1,1,1,0,1,
667400,68.000000,0.500000,31.523200,1,1,1,0,1,
667500,68.000000,0.500000,31.525000,1,1,1,0,1,
667600,68.000000,0.500000,31.526800,1,1,1,0,1,
667700,68.000000,0.500000,31.528600,1,1,1,0,1,
667800,68.000000,0.500000,31.530400,1,1,1,0,1,
667900,68.000000,0.500000,31.532200,1,1,1,0,1,
668000,68.000000,0.500000,31.534000,1,1,1,0,1,
668100,68.000000,0.500000,31.535800,1,1,1,0,1,
668200,68.000000,0.500000,31.537600,1,1,1,0,1,
668300,68.000000,0.500000,31.539400,1,1,1,0,1,
668400,68.000000,0.500000,31.541200,1,1,1,0,1,
668500,68.000000,0.500000,31.543000,1,1,1,0,1,
668600,68.000000,0.500000,31.544800,1,1,1,0,1,
668700,68.000000,0.500000,31.546600,1,1,1,0,1,
668800,68.000000,0.500000,31.548400,1,1,1,0,1,
668900,68.000000,0.500000,31.550200,1,1,1,0,1,
669000,68.000000,0.500000,31.552000,1,1,1,0,1,
669100,68.000000,0.500000,31.553800,1,1,1,0,1,
669200,68.000000,0.500000,31.555600,1,1,1,0,1,
669300,68.000000,0.500000,31.557400,1,1,1,0,1,
669400,68.000000,0.500000,31.559200,1,1,1,0,1,
669500,68.000000,0.500000,31.561000,1,1,1,0,1,
669600,68.000000,0.500000,31.562800,1,1,1,0,1,
669700,68.000000,0.500000,31.564600,1,1,1,0,1,
669800,68.000000,0.500000,31.566400,1,1,1,0,1,
669900,68.000000,0.500000,31.568200,1,1,1,0,1,
670000,-25.000000,0.500000,31.570000,1,1,1,0,1,
670100,-25.000000,0.500000,31.571800,1,1,1,0,1,
670200,-25.000000,0.500000,31.573600,1,1,1,0,1,
670300,-25.000000,0.500000,31.575400,1,1,1,0,1,
670400,-25.000000,0.500000,31.577200,1,1,1,0,1,
670500,-25.000000,0.500000,31.579000,1,1,1,0,1,
670600,-25.000000,0.500000,31.580800,1,1,1,0,1,
670700,-25.000000,0.500000,31.582600,1,1,1,0,1,
670800,-25.000000,0.500000,31.584400,1,1,1,0,1,
670900,-25.000000,0.500000,31.586200,1,1,1,0,1,
671000,55.000000,0.500000,31.588000,1,1,1,0,1,
671100,55.000000,0.500000,31.589800,1,1,1,0,1,
671200,55.000000,0.500000,31.591600,1,1,1,0,1,
671300,55.000000,0.500000,31.593400,1,1,1,0,1,
671400,55.000000,0.500000,31.595200,1,1,1,0,1,
671500,55.000000,0.500000,31.597000,1,1,1,0,1,
671600,55.000000,0.500000,31.598800,1,1,1,0,1,
671700,55.000000,0.500000,31.600600,1,1,1,0,1,
671800,55.000000,0.500000,31.602400,1,1,1,0,1,
671900,55.000000,0.500000,31.604200,1,1,1,0,1,
672000,55.000000,0.500000,31.606000,1,1,1,0,1,
672100,55.000000,0.500000,31.607800,1,1,1,0,1,
672200,55.000000,0.500000,31.609600,1,1,1,0,1,
672300,55.000000,0.500000,31.611400,1,1,1,0,1,
672400,55.000000,0.500000,31.613200,1,1,1,0,1,
672500,55.000000,0.500000,31.615000,1,1,1,0,1,
672600,55.000000,0.500000,31.616800,1,1,1,0,1,
672700,55.000000,0.500000,31.618600,1,1,1,0,1,
672800,55.000000,0.500000,31.620400,1,1,1,0,1,
672900,55.000000,0.500000,31.622200,1,1,1,0,1,
673000,55.000000,0.500000,31.624000,1,1,1,0,1,
673100,55.000000,0.500000,31.625800,1,1,1,0,1,
673200,55.000000,0.500000,31.627600,1,1,1,0,1,
673300,55.000000,0.500000,31.629400,1,1,1,0,1,
673400,55.000000,0.500000,31.631200,1,1,1,0,1,
673500,55.000000,0.500000,31.633000,1,1,1,0,1,
673600,55.000000,0.500000,31.634800,1,1,1,0,1,
673700,55.000000,0.500000,31.636600,1,1,1,0,1,
673800,55.000000,0.500000,31.638400,1,1,1,0,1,
673900,55.000000,0.500000,31.640200,1,1,1,0,1,
674000,55.000000,0.500000,31.642000,1,1,1,0,1,
674100,55.000000,0.500000,31.643800,1,1,1,0,1,
674200,55.000000,0.500000,31.645600,1,1,1,0,1,
674300,55.000000,0.500000,31.647400,1,1,1,0,1,
674400,55.000000,0.500000,31.649200,1,1,1,0,1,
674500,55.000000,0.500000,31.651000,1,1,1,0,1,
674600,55.000000,0.500000,31.652800,1,1,1,0,1,
674700,55.000000,0.500000,31.654600,1,1,1,0,1,
674800,55.000000,0.500000,31.656400,1,1,1,0,1,
674900,55.000000,0.500000,31.658200,1,1,1,0,1,
675000,55.000000,0.500000,31.660000,1,1,1,0,1,
675100,55.000000,0.500000,31.661800,1,1,1,0,1,
675200,55.000000,0.500000,31.663600,1,1,1,0,1,
675300,55.000000,0.500000,31.665400,1,1,1,0,1,
675400,55.000000,0.500000,31.667200,1,1,1,0,1,
675500,55.000000,0.500000,31.669000,1,1,1,0,1,
675600,55.000000,0.500000,31.670800,1,1,1,0,1,
675700,55.000000,0.500000,31.672600,1,1,1,0,1,
675800,55.000000,0.500000,31.674400,1,1,1,0,1,
675900,55.000000,0.500000,31.676200,1,1,1,0,1,
676000,55.000000,0.500000,31.678000,1,1,1,0,1,
676100,55.000000,0.500000,31.679800,1,1,1,0,1,
676200,55.000000,0.500000,31.681600,1,1,1,0,1,
676300,55.000000,0.500000,31.683400,1,1,1,0,1,
676400,55.000000,0.500000,31.685200,1,1,1,0,1,
676500,55.000000,0.500000,31.687000,1,1,1,0,1,
676600,55.000000,0.500000,31.688800,1,1,1,0,1,
676700,55.000000,0.500000,31.690600,1,1,1,0,1,
676800,55.000000,0.500000,31.692400,1,1,1,0,1,
676900,55.000000,0.500000,31.694200,1,1,1,0,1,
677000,82.000000,0.500000,31.696000,1,1,1,0,1,
677100,82.000000,0.500000,31.697800,1,1,1,0,1,
677200,82.000000,0.500000,31.699600,1,1,1,0,1,
677300,82.000000,0.500000,31.701400,1,1,1,0,1,
677400,82.000000,0.500000,31.703200,1,1,1,0,1,
677500,82.000000,0.500000,31.705000,1,1,1,0,1,
677600,82.000000,0.500000,31.706800,1,1,1,0,1,
677700,82.000000,0.500000,31.708600,1,1,1,0,1,
677800,82.000000,0.500000,31.710400,1,1,1,0,1,
677900,82.000000,0.500000,31.712200,1,1,1,0,1,
678000,82.000000,0.500000,31.714000,1,1,1,0,1,
678100,82.000000,0.500000,31.715800,1,1,1,0,1,
678200,82.000000,0.500000,31.717600,1,1,1,0,1,
678300,82.000000,0.500000,31.719400,1,1,1,0,1,
678400,82.000000,0.500000,31.721200,1,1,1,0,1,
678500,82.000000,0.500000,31.723000,1,1,1,0,1,
678600,82.000000,0.500000,31.724800,1,1,1,0,1,
678700,82.000000,0.500000,31.726600,1,1,1,0,1,
678800,82.000000,0.500000,31.728400,1,1,1,0,1,
678900,82.000000,0.500000,31.730200,1,1,1,0,1,
679000,-15.000000,0.500000,31.732000,1,1,1,0,1,
679100,-15.000000,0.500000,31.733800,1,1,1,0,1,
679200,-15.000000,0.500000,31.735600,1,1,1,0,1,
679300,-15.000000,0.500000,31.737400,1,1,1,0,1,
679400,-15.000000,0.500000,31.739200,1,1,1,0,1,
679500,-15.000000,0.500000,31.741000,1,1,1,0,1,
679600,-15.000000,0.500000,31.742800,1,1,1,0,1,
679700,-15.000000,0.500000,31.744600,1,1,1,0,1,
679800,-15.000000,0.500000,31.746400,1,1,1,0,1,
679900,-15.000000,0.500000,31.748200,1,1,1,0,1,
680000,42.000000,0.500000,31.750000,1,1,1,0,1,
680100,42.000000,0.500000,31.751800,1,1,1,0,1,
680200,42.000000,0.500000,31.753600,1,1,1,0,1,
680300,42.000000,0.500000,31.755400,1,1,1,0,1,
680400,42.000000,0.500000,31.757200,1,1,1,0,1,
680500,42.000000,0.500000,31.759000,1,1,1,0,1,
680600,42.000000,0.500000,31.760800,1,1,1,0,1,
680700,42.000000,0.500000,31.762600,1,1,1,0,1,
680800,42.000000,0.500000,31.764400,1,1,1,0,1,
680900,42.000000,0.500000,31.766200,1,1,1,0,1,
681000,42.000000,0.500000,31.768000,1,1,1,0,1,
681100,42.000000,0.500000,31.769800,1,1,1,0,1,
681200,42.000000,0.500000,31.771600,1,1,1,0,1,
681300,42.000000,0.500000,31.773400,1,1,1,0,1,
681400,42.000000,0.500000,31.775200,1,1,1,0,1,
681500,42.000000,0.500000,31.777000,1,1,1,0,1,
681600,42.000000,0.500000,31.778800,1,1,1,0,1,
681700,42.000000,0.500000,31.780600,1,1,1,0,1,
681800,42.000000,0.500000,31.782400,1,1,1,0,1,
681900,42.000000,0.500000,31.784200,1,1,1,0,1,
682000,42.000000,0.500000,31.786000,1,1,1,0,1,
682100,42.000000,0.500000,31.787800,1,1,1,0,1,
682200,42.000000,0.500000,31.789600,1,1,1,0,1,
682300,42.000000,0.500000,31.791400,1,1,1,0,1,
682400,42.000000,0.500000,31.793200,1,1,1,0,1,
682500,42.000000,0.500000,31.795000,1,1,1,0,1,
682600,42.000000,0.500000,31.796800,1,1,1,0,1,
682700,42.000000,0.500000,31.798600,1,1,1,0,1,
682800,42.000000,0.500000,31.800400,1,1,1,0,1,
682900,42.000000,0.500000,31.802200,1,1,1,0,1,
683000,42.000000,0.500000,31.804000,1,1,1,0,1,
683100,42.000000,0.500000,31.805800,1,1,1,0,1,
683200,42.000000,0.500000,31.807600,1,1,1,0,1,
683300,42.000000,0.500000,31.809400,1,1,1,0,1,
683400,42.000000,0.500000,31.811200,1,1,1,0,1,
683500,42.000000,0.500000,31.813000,1,1,1,0,1,
683600,42.000000,0.500000,31.814800,1,1,1,0,1,
683700,42.000000,0.500000,31.816600,1,1,1,0,1,
683800,42.000000,0.500000,31.818400,1,1,1,0,1,
683900,42.000000,0.500000,31.820200,1,1,1,0,1,
684000,42.000000,0.500000,31.822000,1,1,1,0,1,
684100,42.000000,0.500000,31.823800,1,1,1,0,1,
684200,42.000000,0.500000,31.825600,1,1,1,0,1,
684300,42.000000,0.500000,31.827400,1,1,1,0,1,
684400,42.000000,0.500000,31.829200,1,1,1,0,1,
684500,42.000000,0.500000,31.831000,1,1,1,0,1,
684600,42.000000,0.500000,31.832800,1,1,1,0,1,
684700,42.000000,0.500000,31.834600,1,1,1,0,1,
684800,42.000000,0.500000,31.836400,1,1,1,0,1,
684900,42.000000,0.500000,31.838200,1,1,1,0,1,
685000,95.000000,0.500000,31.840000,1,1,1,0,1,
685100,95.000000,0.500000,31.841800,1,1,1,0,1,
685200,95.000000,0.500000,31.843600,1,1,1,0,1,
685300,95.000000,0.500000,31.845400,1,1,1,0,1,
685400,95.000000,0.500000,31.847200,1,1,1,0,1,
685500,95.000000,0.500000,31.849000,1,1,1,0,1,
685600,95.000000,0.500000,31.850800,1,1,1,0,1,
685700,95.000000,0.500000,31.852600,1,1,1,0,1,
685800,95.000000,0.500000,31.854400,1,1,1,0,1,
685900,95.000000,0.500000,31.856200,1,1,1,0,1,
686000,95.000000,0.500000,31.858000,1,1,1,0,1,
686100,95.000000,0.500000,31.859800,1,1,1,0,1,
686200,95.000000,0.500000,31.861600,1,1,1,0,1,
686300,95.000000,0.500000,31.863400,1,1,1,0,1,
686400,95.000000,0.500000,31.865200,1,1,1,0,1,
686500,95.000000,0.500000,31.867000,1,1,1,0,1,
686600,95.000000,0.500000,31.868800,1,1,1,0,1,
686700,95.000000,0.500000,31.870600,1,1,1,0,1,
686800,95.000000,0.500000,31.872400,1,1,1,0,1,
686900,95.000000,0.500000,31.874200,1,1,1,0,1,
687000,68.000000,0.500000,31.876000,1,1,1,0,1,
687100,68.000000,0.500000,31.877800,1,1,1,0,1,
687200,68.000000,0.500000,31.879600,1,1,1,0,1,
687300,68.000000,0.500000,31.881400,1,1,1,0,1,
687400,68.000000,0.500000,31.883200,1,1,1,0,1,
687500,68.000000,0.500000,31.885000,1,1,1,0,1,
687600,68.000000,0.500000,31.886800,1,1,1,0,1,
687700,68.000000,0.500000,31.888600,1,1,1,0,1,
687800,68.000000,0.500000,31.890400,1,1,1,0,1,
687900,68.000000,0.500000,31.892200,1,1,1,0,1,
688000,68.000000,0.500000,31.894000,1,1,1,0,1,
688100,68.000000,0.500000,31.895800,1,1,1,0,1,
688200,68.000000,0.500000,31.897600,1,1,1,0,1,
688300,68.000000,0.500000,31.899400,1,1,1,0,1,
688400,68.000000,0.500000,31.901200,1,1,1,0,1,
688500,68.000000,0.500000,31.903000,1,1,1,0,1,
688600,68.000000,0.500000,31.904800,1,1,1,0,1,
688700,68.000000,0.500000,31.906600,1,1,1,0,1,
688800,68.000000,0.500000,31.908400,1,1,1,0,1,
688900,68.000000,0.500000,31.910200,1,1,1,0,1,
689000,68.000000,0.500000,31.912000,1,1,1,0,1,
689100,68.000000,0.500000,31.913800,1,1,1,0,1,
689200,68.000000,0.500000,31.915600,1,1,1,0,1,
689300,68.000000,0.500000,31.917400,1,1,1,0,1,
689400,68.000000,0.500000,31.919200,1,1,1,0,1,
689500,68.000000,0.500000,31.921000,1,1,1,0,1,
689600,68.000000,0.500000,31.922800,1,1,1,0,1,
689700,68.000000,0.500000,31.924600,1,1,1,0,1,
689800,68.000000,0.500000,31.926400,1,1,1,0,1,
689900,68.000000,0.500000,31.928200,1,1,1,0,1,
690000,-25.000000,0.500000,31.930000,1,1,1,0,1,
690100,-25.000000,0.500000,31.931800,1,1,1,0,1,
690200,-25.000000,0.500000,31.933600,1,1,1,0,1,
690300,-25.000000,0.500000,31.935400,1,1,1,0,1,
690400,-25.000000,0.500000,31.937200,1,1,1,0,1,
690500,-25.000000,0.500000,31.939000,1,1,1,0,1,
690600,-25.000000,0.500000,31.940800,1,1,1,0,1,
690700,-25.000000,0.500000,31.942600,1,1,1,0,1,
690800,-25.000000,0.500000,31.944400,1,1,1,0,1,
690900,-25.000000,0.500000,31.946200,1,1,1,0,1,
691000,55.000000,0.500000,31.948000,1,1,1,0,1,
691100,55.000000,0.500000,31.949800,1,1,1,0,1,
691200,55.000000,0.500000,31.951600,1,1,1,0,1,
691300,55.000000,0.500000,31.953400,1,1,1,0,1,
691400,55.000000,0.500000,31.955200,1,1,1,0,1,
691500,55.000000,0.500000,31.957000,1,1,1,0,1,
691600,55.000000,0.500000,31.958800,1,1,1,0,1,
691700,55.000000,0.500000,31.960600,1,1,1,0,1,
691800,55.000000,0.500000,31.962400,1,1,1,0,1,
691900,55.000000,0.500000,31.964200,1,1,1,0,1,
692000,55.000000,0.500000,31.966000,1,1,1,0,1,
692100,55.000000,0.500000,31.967800,1,1,1,0,1,
692200,55.000000,0.500000,31.969600,1,1,1,0,1,
692300,55.000000,0.500000,31.971400,1,1,1,0,1,
692400,55.000000,0.500000,31.973200,1,1,1,0,1,
692500,55.000000,0.500000,31.975000,1,1,1,0,1,
692600,55.000000,0.500000,31.976800,1,1,1,0,1,
692700,55.000000,0.500000,31.978600,1,1,1,0,1,
692800,55.000000,0.500000,31.980400,1,1,1,0,1,
692900,55.000000,0.500000,31.982200,1,1,1,0,1,
693000,55.000000,0.500000,31.984000,1,1,1,0,1,
693100,55.000000,0.500000,31.985800,1,1,1,0,1,
693200,55.000000,0.500000,31.987600,1,1,1,0,1,
693300,55.000000,0.500000,31.989400,1,1,1,0,1,
693400,55.000000,0.500000,31.991200,1,1,1,0,1,
693500,55.000000,0.500000,31.993000,1,1,1,0,1,
693600,55.000000,0.500000,31.994800,1,1,1,0,1,
693700,55.000000,0.500000,31.996600,1,1,1,0,1,
693800,55.000000,0.500000,31.998400,1,1,1,0,1,
693900,55.000000,0.500000,32.000200,1,1,1,0,1,
694000,55.000000,0.500000,32.002000,1,1,1,0,1,
694100,55.000000,0.500000,32.003800,1,1,1,0,1,
694200,55.000000,0.500000,32.005600,1,1,1,0,1,
694300,55.000000,0.500000,32.007400,1,1,1,0,1,
694400,55.000000,0.500000,32.009200,1,1,1,0,1,
694500,55.000000,0.500000,32.011000,1,1,1,0,1,
694600,55.000000,0.500000,32.012800,1,1,1,0,1,
694700,55.000000,0.500000,32.014600,1,1,1,0,1,
694800,55.000000,0.500000,32.016400,1,1,1,0,1,
694900,55.000000,0.500000,32.018200,1,1,1,0,1,
695000,55.000000,0.500000,32.020000,1,1,1,0,1,
695100,55.000000,0.500000,32.021800,1,1,1,0,1,
695200,55.000000,0.500000,32.023600,1,1,1,0,1,
695300,55.000000,0.500000,32.025400,1,1,1,0,1,
695400,55.000000,0.500000,32.027200,1,1,1,0,1,
695500,55.000000,0.500000,32.029000,1,1,1,0,1,
695600,55.000000,0.500000,32.030800,1,1,1,0,1,
695700,55.000000,0.500000,32.032600,1,1,1,0,1,
695800,55.000000,0.500000,32.034400,1,1,1,0,1,
695900,55.000000,0.500000,32.036200,1,1,1,0,1,
696000,55.000000,0.500000,32.038000,1,1,1,0,1,
696100,55.000000,0.500000,32.039800,1,1,1,0,1,
696200,55.000000,0.500000,32.041600,1,1,1,0,1,
696300,55.000000,0.500000,32.043400,1,1,1,0,1,
696400,55.000000,0.500000,32.045200,1,1,1,0,1,
696500,55.000000,0.500000,32.047000,1,1,1,0,1,
696600,55.000000,0.500000,32.048800,1,1,1,0,1,
696700,55.000000,0.500000,32.050600,1,1,1,0,1,
696800,55.000000,0.500000,32.052400,1,1,1,0,1,
696900,55.000000,0.500000,32.054200,1,1,1,0,1,
697000,82.000000,0.500000,32.056000,1,1,1,0,1,
697100,82.000000,0.500000,32.057800,1,1,1,0,1,
697200,82.000000,0.500000,32.059600,1,1,1,0,1,
697300,82.000000,0.500000,32.061400,1,1,1,0,1,
697400,82.000000,0.500000,32.063200,1,1,1,0,1,
697500,82.000000,0.500000,32.065000,1,1,1,0,1,
697600,82.000000,0.500000,32.066800,1,1,1,0,1,
697700,82.000000,0.500000,32.068600,1,1,1,0,1,
697800,82.000000,0.500000,32.070400,1,1,1,0,1,
697900,82.000000,0.500000,32.072200,1,1,1,0,1,
698000,82.000000,0.500000,32.074000,1,1,1,0,1,
698100,82.000000,0.500000,32.075800,1,1,1,0,1,
698200,82.000000,0.500000,32.077600,1,1,1,0,1,
698300,82.000000,0.500000,32.079400,1,1,1,0,1,
698400,82.000000,0.500000,32.081200,1,1,1,0,1,
698500,82.000000,0.500000,32.083000,1,1,1,0,1,
698600,82.000000,0.500000,32.084800,1,1,1,0,1,
698700,82.000000,0.500000,32.086600,1,1,1,0,1,
698800,82.000000,0.500000,32.088400,1,1,1,0,1,
698900,82.000000,0.500000,32.090200,1,1,1,0,1,
699000,-15.000000,0.500000,32.092000,1,1,1,0,1,
699100,-15.000000,0.500000,32.093800,1,1,1,0,1,
699200,-15.000000,0.500000,32.095600,1,1,1,0,1,
699300,-15.000000,0.500000,32.097400,1,1,1,0,1,
699400,-15.000000,0.500000,32.099200,1,1,1,0,1,
699500,-15.000000,0.500000,32.101000,1,1,1,0,1,
699600,-15.000000,0.500000,32.102800,1,1,1,0,1,
699700,-15.000000,0.500000,32.104600,1,1,1,0,1,
699800,-15.000000,0.500000,32.106400,1,1,1,0,1,
699900,-15.000000,0.500000,32.108200,1,1,1,0,1,
700000,42.000000,0.500000,32.110000,1,1,1,0,1,
700100,42.000000,0.500000,32.111800,1,1,1,0,1,
700200,42.000000,0.500000,32.113600,1,1,1,0,1,
700300,42.000000,0.500000,32.115400,1,1,1,0,1,
700400,42.000000,0.500000,32.117200,1,1,1,0,1,
700500,42.000000,0.500000,32.119000,1,1,1,0,1,
700600,42.000000,0.500000,32.120800,1,1,1,0,1,
700700,42.000000,0.500000,32.122600,1,1,1,0,1,
700800,42.000000,0.500000,32.124400,1,1,1,0,1,
700900,42.000000,0.500000,32.126200,1,1,1,0,1,
701000,42.000000,0.500000,32.128000,1,1,1,0,1,
701100,42.000000,0.500000,32.129800,1,1,1,0,1,
701200,42.000000,0.500000,32.131600,1,1,1,0,1,
701300,42.000000,0.500000,32.133400,1,1,1,0,1,
701400,42.000000,0.500000,32.135200,1,1,1,0,1,
701500,42.000000,0.500000,32.137000,1,1,1,0,1,
701600,42.000000,0.500000,32.138800,1,1,1,0,1,
701700,42.000000,0.500000,32.140600,1,1,1,0,1,
701800,42.000000,0.500000,32.142400,1,1,1,0,1,
701900,42.000000,0.500000,32.144200,1,1,1,0,1,
702000,42.000000,0.500000,32.146000,1,1,1,0,1,
702100,42.000000,0.500000,32.147800,1,1,1,0,1,
702200,42.000000,0.500000,32.149600,1,1,1,0,1,
702300,42.000000,0.500000,32.151400,1,1,1,0,1,
702400,42.000000,0.500000,32.153200,1,1,1,0,1,
702500,42.000000,0.500000,32.155000,1,1,1,0,1,
702600,42.000000,0.500000,32.156800,1,1,1,0,1,
702700,42.000000,0.500000,32.158600,1,1,1,0,1,
702800,42.000000,0.500000,32.160400,1,1,1,0,1,
702900,42.000000,0.500000,32.162200,1,1,1,0,1,
703000,42.000000,0.500000,32.164000,1,1,1,0,1,
703100,42.000000,0.500000,32.165800,1,1,1,0,1,
703200,42.000000,0.500000,32.167600,1,1,1,0,1,
703300,42.000000,0.500000,32.169400,1,1,1,0,1,
703400,42.000000,0.500000,32.171200,1,1,1,0,1,
703500,42.000000,0.500000,32.173000,1,1,1,0,1,
703600,42.000000,0.500000,32.174800,1,1,1,0,1,
703700,42.000000,0.500000,32.176600,1,1,1,0,1,
703800,42.000000,0.500000,32.178400,1,1,1,0,1,
703900,42.000000,0.500000,32.180200,1,1,1,0,1,
704000,42.000000,0.500000,32.182000,1,1,1,0,1,
704100,42.000000,0.500000,32.183800,1,1,1,0,1,
704200,42.000000,0.500000,32.185600,1,1,1,0,1,
704300,42.000000,0.500000,32.187400,1,1,1,0,1,
704400,42.000000,0.500000,32.189200,1,1,1,0,1,
704500,42.000000,0.500000,32.191000,1,1,1,0,1,
704600,42.000000,0.500000,32.192800,1,1,1,0,1,
704700,42.000000,0.500000,32.194600,1,1,1,0,1,
704800,42.000000,0.500000,32.196400,1,1,1,0,1,
704900,42.000000,0.500000,32.198200,1,1,1,0,1,
705000,95.000000,0.500000,32.200000,1,1,1,0,1,
705100,95.000000,0.500000,32.201800,1,1,1,0,1,
705200,95.000000,0.500000,32.203600,1,1,1,0,1,
705300,95.000000,0.500000,32.205400,1,1,1,0,1,
705400,95.000000,0.500000,32.207200,1,1,1,0,1,
705500,95.000000,0.500000,32.209000,1,1,1,0,1,
705600,95.000000,0.500000,32.210800,1,1,1,0,1,
705700,95.000000,0.500000,32.212600,1,1,1,0,1,
705800,95.000000,0.500000,32.214400,1,1,1,0,1,
705900,95.000000,0.500000,32.216200,1,1,1,0,1,
706000,95.000000,0.500000,32.218000,1,1,1,0,1,
706100,95.000000,0.500000,32.219800,1,1,1,0,1,
706200,95.000000,0.500000,32.221600,1,1,1,0,1,
706300,95.000000,0.500000,32.223400,1,1,1,0,1,
706400,95.000000,0.500000,32.225200,1,1,1,0,1,
706500,95.000000,0.500000,32.227000,1,1,1,0,1,
706600,95.000000,0.500000,32.228800,1,1,1,0,1,
706700,95.000000,0.500000,32.230600,1,1,1,0,1,
706800,95.000000,0.500000,32.232400,1,1,1,0,1,
706900,95.000000,0.500000,32.234200,1,1,1,0,1,
707000,68.000000,0.500000,32.236000,1,1,1,0,1,
707100,68.000000,0.500000,32.237800,1,1,1,0,1,
707200,68.000000,0.500000,32.239600,1,1,1,0,1,
707300,68.000000,0.500000,32.241400,1,1,1,0,1,
707400,68.000000,0.500000,32.243200,1,1,1,0,1,
707500,68.000000,0.500000,32.245000,1,1,1,0,1,
707600,68.000000,0.500000,32.246800,1,1,1,0,1,
707700,68.000000,0.500000,32.248600,1,1,1,0,1,
707800,68.000000,0.500000,32.250400,1,1,1,0,1,
707900,68.000000,0.500000,32.252200,1,1,1,0,1,
708000,68.000000,0.500000,32.254000,1,1,1,0,1,
708100,68.000000,0.500000,32.255800,1,1,1,0,1,
708200,68.000000,0.500000,32.257600,1,1,1,0,1,
708300,68.000000,0.500000,32.259400,1,1,1,0,1,
708400,68.000000,0.500000,32.261200,1,1,1,0,1,
708500,68.000000,0.500000,32.263000,1,1,1,0,1,
708600,68.000000,0.500000,32.264800,1,1,1,0,1,
708700,68.000000,0.500000,32.266600,1,1,1,0,1,
708800,68.000000,0.500000,32.268400,1,1,1,0,1,
708900,68.000000,0.500000,32.270200,1,1,1,0,1,
709000,68.000000,0.500000,32.272000,1,1,1,0,1,
709100,68.000000,0.500000,32.273800,1,1,1,0,1,
709200,68.000000,0.500000,32.275600,1,1,1,0,1,
709300,68.000000,0.500000,32.277400,1,1,1,0,1,
709400,68.000000,0.500000,32.279200,1,1,1,0,1,
709500,68.000000,0.500000,32.281000,1,1,1,0,1,
709600,68.000000,0.500000,32.282800,1,1,1,0,1,
709700,68.000000,0.500000,32.284600,1,1,1,0,1,
709800,68.000000,0.500000,32.286400,1,1,1,0,1,
709900,68.000000,0.500000,32.288200,1,1,1,0,1,
710000,-25.000000,0.500000,32.290000,1,1,1,0,1,
710100,-25.000000,0.500000,32.291800,1,1,1,0,1,
710200,-25.000000,0.500000,32.293600,1,1,1,0,1,
710300,-25.000000,0.500000,32.295400,1,1,1,0,1,
710400,-25.000000,0.500000,32.297200,1,1,1,0,1,
710500,-25.000000,0.500000,32.299000,1,1,1,0,1,
710600,-25.000000,0.500000,32.300800,1,1,1,0,1,
710700,-25.000000,0.500000,32.302600,1,1,1,0,1,
710800,-25.000000,0.500000,32.304400,1,1,1,0,1,
710900,-25.000000,0.500000,32.306200,1,1,1,0,1,
711000,55.000000,0.500000,32.308000,1,1,1,0,1,
711100,55.000000,0.500000,32.309800,1,1,1,0,1,
711200,55.000000,0.500000,32.311600,1,1,1,0,1,
711300,55.000000,0.500000,32.313400,1,1,1,0,1,
711400,55.000000,0.500000,32.315200,1,1,1,0,1,
711500,55.000000,0.500000,32.317000,1,1,1,0,1,
711600,55.000000,0.500000,32.318800,1,1,1,0,1,
711700,55.000000,0.500000,32.320600,1,1,1,0,1,
711800,55.000000,0.500000,32.322400,1,1,1,0,1,
711900,55.000000,0.500000,32.324200,1,1,1,0,1,
712000,55.000000,0.500000,32.326000,1,1,1,0,1,
712100,55.000000,0.500000,32.327800,1,1,1,0,1,
712200,55.000000,0.500000,32.329600,1,1,1,0,1,
712300,55.000000,0.500000,32.331400,1,1,1,0,1,
712400,55.000000,0.500000,32.333200,1,1,1,0,1,
712500,55.000000,0.500000,32.335000,1,1,1,0,1,
712600,55.000000,0.500000,32.336800,1,1,1,0,1,
712700,55.000000,0.500000,32.338600,1,1,1,0,1,
712800,55.000000,0.500000,32.340400,1,1,1,0,1,
712900,55.000000,0.500000,32.342200,1,1,1,0,1,
713000,55.000000,0.500000,32.344000,1,1,1,0,1,
713100,55.000000,0.500000,32.345800,1,1,1,0,1,
713200,55.000000,0.500000,32.347600,1,1,1,0,1,
713300,55.000000,0.500000,32.349400,1,1,1,0,1,
713400,55.000000,0.500000,32.351200,1,1,1,0,1,
713500,55.000000,0.500000,32.353000,1,1,1,0,1,
713600,55.000000,0.500000,32.354800,1,1,1,0,1,
713700,55.000000,0.500000,32.356600,1,1,1,0,1,
713800,55.000000,0.500000,32.358400,1,1,1,0,1,
713900,55.000000,0.500000,32.360200,1,1,1,0,1,
714000,55.000000,0.500000,32.362000,1,1,1,0,1,
714100,55.000000,0.500000,32.363800,1,1,1,0,1,
714200,55.000000,0.500000,32.365600,1,1,1,0,1,
714300,55.000000,0.500000,32.367400,1,1,1,0,1,
714400,55.000000,0.500000,32.369200,1,1,1,0,1,
714500,55.000000,0.500000,32.371000,1,1,1,0,1,
714600,55.000000,0.500000,32.372800,1,1,1,0,1,
714700,55.000000,0.500000,32.374600,1,1,1,0,1,
714800,55.000000,0.500000,32.376400,1,1,1,0,1,
714900,55.000000,0.500000,32.378200,1,1,1,0,1,
715000,55.000000,0.500000,32.380000,1,1,1,0,1,
715100,55.000000,0.500000,32.381800,1,1,1,0,1,
715200,55.000000,0.500000,32.383600,1,1,1,0,1,
715300,55.000000,0.500000,32.385400,1,1,1,0,1,
715400,55.000000,0.500000,32.387200,1,1,1,0,1,
715500,55.000000,0.500000,32.389000,1,1,1,0,1,
715600,55.000000,0.500000,32.390800,1,1,1,0,1,
715700,55.000000,0.500000,32.392600,1,1,1,0,1,
715800,55.000000,0.500000,32.394400,1,1,1,0,1,
715900,55.000000,0.500000,32.396200,1,1,1,0,1,
716000,55.000000,0.500000,32.398000,1,1,1,0,1,
716100,55.000000,0.500000,32.399800,1,1,1,0,1,
716200,55.000000,0.500000,32.401600,1,1,1,0,1,
716300,55.000000,0.500000,32.403400,1,1,1,0,1,
716400,55.000000,0.500000,32.405200,1,1,1,0,1,
716500,55.000000,0.500000,32.407000,1,1,1,0,1,
716600,55.000000,0.500000,32.408800,1,1,1,0,1,
716700,55.000000,0.500000,32.410600,1,1,1,0,1,
716800,55.000000,0.500000,32.412400,1,1,1,0,1,
716900,55.000000,0.500000,32.414200,1,1,1,0,1,
717000,82.000000,0.500000,32.416000,1,1,1,0,1,
717100,82.000000,0.500000,32.417800,1,1,1,0,1,
717200,82.000000,0.500000,32.419600,1,1,1,0,1,
717300,82.000000,0.500000,32.421400,1,1,1,0,1,
717400,82.000000,0.500000,32.423200,1,1,1,0,1,
717500,82.000000,0.500000,32.425000,1,1,1,0,1,
717600,82.000000,0.500000,32.426800,1,1,1,0,1,
717700,82.000000,0.500000,32.428600,1,1,1,0,1,
717800,82.000000,0.500000,32.430400,1,1,1,0,1,
717900,82.000000,0.500000,32.432200,1,1,1,0,1,
718000,82.000000,0.500000,32.434000,1,1,1,0,1,
718100,82.000000,0.500000,32.435800,1,1,1,0,1,
718200,82.000000,0.500000,32.437600,1,1,1,0,1,
718300,82.000000,0.500000,32.439400,1,1,1,0,1,
718400,82.000000,0.500000,32.441200,1,1,1,0,1,
718500,82.000000,0.500000,32.443000,1,1,1,0,1,
718600,82.000000,0.500000,32.444800,1,1,1,0,1,
718700,82.000000,0.500000,32.446600,1,1,1,0,1,
718800,82.000000,0.500000,32.448400,1,1,1,0,1,
718900,82.000000,0.500000,32.450200,1,1,1,0,1,
719000,-15.000000,0.500000,32.452000,1,1,1,0,1,
719100,-15.000000,0.500000,32.453800,1,1,1,0,1,
719200,-15.000000,0.500000,32.455600,1,1,1,0,1,
719300,-15.000000,0.500000,32.457400,1,1,1,0,1,
719400,-15.000000,0.500000,32.459200,1,1,1,0,1,
719500,-15.000000,0.500000,32.461000,1,1,1,0,1,
719600,-15.000000,0.500000,32.462800,1,1,1,0,1,
719700,-15.000000,0.500000,32.464600,1,1,1,0,1,
719800,-15.000000,0.500000,32.466400,1,1,1,0,1,
719900,-15.000000,0.500000,32.468200,1,1,1,0,1,
720000,42.000000,0.500000,32.470000,1,1,1,0,1,
720100,42.000000,0.500000,32.471800,1,1,1,0,1,
720200,42.000000,0.500000,32.473600,1,1,1,0,1,
720300,42.000000,0.500000,32.475400,1,1,1,0,1,
720400,42.000000,0.500000,32.477200,1,1,1,0,1,
720500,42.000000,0.500000,32.479000,1,1,1,0,1,
720600,42.000000,0.500000,32.480800,1,1,1,0,1,
720700,42.000000,0.500000,32.482600,1,1,1,0,1,
720800,42.000000,0.500000,32.484400,1,1,1,0,1,
720900,42.000000,0.500000,32.486200,1,1,1,0,1,
721000,42.000000,0.500000,32.488000,1,1,1,0,1,
721100,42.000000,0.500000,32.489800,1,1,1,0,1,
721200,42.000000,0.500000,32.491600,1,1,1,0,1,
721300,42.000000,0.500000,32.493400,1,1,1,0,1,
721400,42.000000,0.500000,32.495200,1,1,1,0,1,
721500,42.000000,0.500000,32.497000,1,1,1,0,1,
721600,42.000000,0.500000,32.498800,1,1,1,0,1,
721700,42.000000,0.500000,32.500600,1,1,1,0,1,
721800,42.000000,0.500000,32.502400,1,1,1,0,1,
721900,42.000000,0.500000,32.504200,1,1,1,0,1,
722000,42.000000,0.500000,32.506000,1,1,1,0,1,
722100,42.000000,0.500000,32.507800,1,1,1,0,1,
722200,42.000000,0.500000,32.509600,1,1,1,0,1,
722300,42.000000,0.500000,32.511400,1,1,1,0,1,
722400,42.000000,0.500000,32.513200,1,1,1,0,1,
722500,42.000000,0.500000,32.515000,1,1,1,0,1,
722600,42.000000,0.500000,32.516800,1,1,1,0,1,
722700,42.000000,0.500000,32.518600,1,1,1,0,1,
722800,42.000000,0.500000,32.520400,1,1,1,0,1,
722900,42.000000,0.500000,32.522200,1,1,1,0,1,
723000,42.000000,0.500000,32.524000,1,1,1,0,1,
723100,42.000000,0.500000,32.525800,1,1,1,0,1,
723200,42.000000,0.500000,32.527600,1,1,1,0,1,
723300,42.000000,0.500000,32.529400,1,1,1,0,1,
723400,42.000000,0.500000,32.531200,1,1,1,0,1,
723500,42.000000,0.500000,32.533000,1,1,1,0,1,
723600,42.000000,0.500000,32.534800,1,1,1,0,1,
723700,42.000000,0.500000,32.536600,1,1,1,0,1,
723800,42.000000,0.500000,32.538400,1,1,1,0,1,
723900,42.000000,0.500000,32.540200,1,1,1,0,1,
724000,42.000000,0.500000,32.542000,1,1,1,0,1,
724100,42.000000,0.500000,32.543800,1,1,1,0,1,
724200,42.000000,0.500000,32.545600,1,1,1,0,1,
724300,42.000000,0.500000,32.547400,1,1,1,0,1,
724400,42.000000,0.500000,32.549200,1,1,1,0,1,
724500,42.000000,0.500000,32.551000,1,1,1,0,1,
724600,42.000000,0.500000,32.552800,1,1,1,0,1,
724700,42.000000,0.500000,32.554600,1,1,1,0,1,
724800,42.000000,0.500000,32.556400,1,1,1,0,1,
724900,42.000000,0.500000,32.558200,1,1,1,0,1,
725000,95.000000,0.500000,32.560000,1,1,1,0,1,
725100,95.000000,0.500000,32.561800,1,1,1,0,1,
725200,95.000000,0.500000,32.563600,1,1,1,0,1,
725300,95.000000,0.500000,32.565400,1,1,1,0,1,
725400,95.000000,0.500000,32.567200,1,1,1,0,1,
725500,95.000000,0.500000,32.569000,1,1,1,0,1,
725600,95.000000,0.500000,32.570800,1,1,1,0,1,
725700,95.000000,0.500000,32.572600,1,1,1,0,1,
725800,95.000000,0.500000,32.574400,1,1,1,0,1,
725900,95.000000,0.500000,32.576200,1,1,1,0,1,
726000,95.000000,0.500000,32.578000,1,1,1,0,1,
726100,95.000000,0.500000,32.579800,1,1,1,0,1,
726200,95.000000,0.500000,32.581600,1,1,1,0,1,
726300,95.000000,0.500000,32.583400,1,1,1,0,1,
726400,95.000000,0.500000,32.585200,1,1,1,0,1,
726500,95.000000,0.500000,32.587000,1,1,1,0,1,
726600,95.000000,0.500000,32.588800,1,1,1,0,1,
726700,95.000000,0.500000,32.590600,1,1,1,0,1,
726800,95.000000,0.500000,32.592400,1,1,1,0,1,
726900,95.000000,0.500000,32.594200,1,1,1,0,1,
727000,68.000000,0.500000,32.596000,1,1,1,0,1,
727100,68.000000,0.500000,32.597800,1,1,1,0,1,
727200,68.000000,0.500000,32.599600,1,1,1,0,1,
727300,68.000000,0.500000,32.601400,1,1,1,0,1,
727400,68.000000,0.500000,32.603200,1,1,1,0,1,
727500,68.000000,0.500000,32.605000,1,1,1,0,1,
727600,68.000000,0.500000,32.606800,1,1,1,0,1,
727700,68.000000,0.500000,32.608600,1,1,1,0,1,
727800,68.000000,0.500000,32.610400,1,1,1,0,1,
727900,68.000000,0.500000,32.612200,1,1,1,0,1,
728000,68.000000,0.500000,32.614000,1,1,1,0,1,
728100,68.000000,0.500000,32.615800,1,1,1,0,1,
728200,68.000000,0.500000,32.617600,1,1,1,0,1,
728300,68.000000,0.500000,32.619400,1,1,1,0,1,
728400,68.000000,0.500000,32.621200,1,1,1,0,1,
728500,68.000000,0.500000,32.623000,1,1,1,0,1,
728600,68.000000,0.500000,32.624800,1,1,1,0,1,
728700,68.000000,0.500000,32.626600,1,1,1,0,1,
728800,68.000000,0.500000,32.628400,1,1,1,0,1,
728900,68.000000,0.500000,32.630200,1,1,1,0,1,
729000,68.000000,0.500000,32.632000,1,1,1,0,1,
729100,68.000000,0.500000,32.633800,1,1,1,0,1,
729200,68.000000,0.500000,32.635600,1,1,1,0,1,
729300,68.000000,0.500000,32.637400,1,1,1,0,1,
729400,68.000000,0.500000,32.639200,1,1,1,0,1,
729500,68.000000,0.500000,32.641000,1,1,1,0,1,
729600,68.000000,0.500000,32.642800,1,1,1,0,1,
729700,68.000000,0.500000,32.644600,1,1,1,0,1,
729800,68.000000,0.500000,32.646400,1,1,1,0,1,
729900,68.000000,0.500000,32.648200,1,1,1,0,1,
730000,-25.000000,0.500000,32.650000,1,1,1,0,1,
730100,-25.000000,0.500000,32.651800,1,1,1,0,1,
730200,-25.000000,0.500000,32.653600,1,1,1,0,1,
730300,-25.000000,0.500000,32.655400,1,1,1,0,1,
730400,-25.000000,0.500000,32.657200,1,1,1,0,1,
730500,-25.000000,0.500000,32.659000,1,1,1,0,1,
730600,-25.000000,0.500000,32.660800,1,1,1,0,1,
730700,-25.000000,0.500000,32.662600,1,1,1,0,1,
730800,-25.000000,0.500000,32.664400,1,1,1,0,1,
730900,-25.000000,0.500000,32.666200,1,1,1,0,1,
731000,55.000000,0.500000,32.668000,1,1,1,0,1,
731100,55.000000,0.500000,32.669800,1,1,1,0,1,
731200,55.000000,0.500000,32.671600,1,1,1,0,1,
731300,55.000000,0.500000,32.673400,1,1,1,0,1,
731400,55.000000,0.500000,32.675200,1,1,1,0,1,
731500,55.000000,0.500000,32.677000,1,1,1,0,1,
731600,55.000000,0.500000,32.678800,1,1,1,0,1,
731700,55.000000,0.500000,32.680600,1,1,1,0,1,
731800,55.000000,0.500000,32.682400,1,1,1,0,1,
731900,55.000000,0.500000,32.684200,1,1,1,0,1,
732000,55.000000,0.500000,32.686000,1,1,1,0,1,
732100,55.000000,0.500000,32.687800,1,1,1,0,1,
732200,55.000000,0.500000,32.689600,1,1,1,0,1,
732300,55.000000,0.500000,32.691400,1,1,1,0,1,
732400,55.000000,0.500000,32.693200,1,1,1,0,1,
732500,55.000000,0.500000,32.695000,1,1,1,0,1,
732600,55.000000,0.500000,32.696800,1,1,1,0,1,
732700,55.000000,0.500000,32.698600,1,1,1,0,1,
732800,55.000000,0.500000,32.700400,1,1,1,0,1,
732900,55.000000,0.500000,32.702200,1,1,1,0,1,
733000,55.000000,0.500000,32.704000,1,1,1,0,1,
733100,55.000000,0.500000,32.705800,1,1,1,0,1,
733200,55.000000,0.500000,32.707600,1,1,1,0,1,
733300,55.000000,0.500000,32.709400,1,1,1,0,1,
733400,55.000000,0.500000,32.711200,1,1,1,0,1,
733500,55.000000,0.500000,32.713000,1,1,1,0,1,
733600,55.000000,0.500000,32.714800,1,1,1,0,1,
733700,55.000000,0.500000,32.716600,1,1,1,0,1,
733800,55.000000,0.500000,32.718400,1,1,1,0,1,
733900,55.000000,0.500000,32.720200,1,1,1,0,1,
734000,55.000000,0.500000,32.722000,1,1,1,0,1,
734100,55.000000,0.500000,32.723800,1,1,1,0,1,
734200,55.000000,0.500000,32.725600,1,1,1,0,1,
734300,55.000000,0.500000,32.727400,1,1,1,0,1,
734400,55.000000,0.500000,32.729200,1,1,1,0,1,
734500,55.000000,0.500000,32.731000,1,1,1,0,1,
734600,55.000000,0.500000,32.732800,1,1,1,0,1,
734700,55.000000,0.500000,32.734600,1,1,1,0,1,
734800,55.000000,0.500000,32.736400,1,1,1,0,1,
734900,55.000000,0.500000,32.738200,1,1,1,0,1,
735000,55.000000,0.500000,32.740000,1,1,1,0,1,
735100,55.000000,0.500000,32.741800,1,1,1,0,1,
735200,55.000000,0.500000,32.743600,1,1,1,0,1,
735300,55.000000,0.500000,32.745400,1,1,1,0,1,
735400,55.000000,0.500000,32.747200,1,1,1,0,1,
735500,55.000000,0.500000,32.749000,1,1,1,0,1,
735600,55.000000,0.500000,32.750800,1,1,1,0,1,
735700,55.000000,0.500000,32.752600,1,1,1,0,1,
735800,55.000000,0.500000,32.754400,1,1,1,0,1,
735900,55.000000,0.500000,32.756200,1,1,1,0,1,
736000,55.000000,0.500000,32.758000,1,1,1,0,1,
736100,55.000000,0.500000,32.759800,1,1,1,0,1,
736200,55.000000,0.500000,32.761600,1,1,1,0,1,
736300,55.000000,0.500000,32.763400,1,1,1,0,1,
736400,55.000000,0.500000,32.765200,1,1,1,0,1,
736500,55.000000,0.500000,32.767000,1,1,1,0,1,
736600,55.000000,0.500000,32.768800,1,1,1,0,1,
736700,55.000000,0.500000,32.770600,1,1,1,0,1,
736800,55.000000,0.500000,32.772400,1,1,1,0,1,
736900,55.000000,0.500000,32.774200,1,1,1,0,1,
737000,82.000000,0.500000,32.776000,1,1,1,0,1,
737100,82.000000,0.500000,32.777800,1,1,1,0,1,
737200,82.000000,0.500000,32.779600,1,1,1,0,1,
737300,82.000000,0.500000,32.781400,1,1,1,0,1,
737400,82.000000,0.500000,32.783200,1,1,1,0,1,
737500,82.000000,0.500000,32.785000,1,1,1,0,1,
737600,82.000000,0.500000,32.786800,1,1,1,0,1,
737700,82.000000,0.500000,32.788600,1,1,1,0,1,
737800,82.000000,0.500000,32.790400,1,1,1,0,1,
737900,82.000000,0.500000,32.792200,1,1,1,0,1,
738000,82.000000,0.500000,32.794000,1,1,1,0,1,
738100,82.000000,0.500000,32.795800,1,1,1,0,1,
738200,82.000000,0.500000,32.797600,1,1,1,0,1,
738300,82.000000,0.500000,32.799400,1,1,1,0,1,
738400,82.000000,0.500000,32.801200,1,1,1,0,1,
738500,82.000000,0.500000,32.803000,1,1,1,0,1,
738600,82.000000,0.500000,32.804800,1,1,1,0,1,
738700,82.000000,0.500000,32.806600,1,1,1,0,1,
738800,82.000000,0.500000,32.808400,1,1,1,0,1,
738900,82.000000,0.500000,32.810200,1,1,1,0,1,
739000,-15.000000,0.500000,32.812000,1,1,1,0,1,
739100,-15.000000,0.500000,32.813800,1,1,1,0,1,
739200,-15.000000,0.500000,32.815600,1,1,1,0,1,
739300,-15.000000,0.500000,32.817400,1,1,1,0,1,
739400,-15.000000,0.500000,32.819200,1,1,1,0,1,
739500,-15.000000,0.500000,32.821000,1,1,1,0,1,
739600,-15.000000,0.500000,32.822800,1,1,1,0,1,
739700,-15.000000,0.500000,32.824600,1,1,1,0,1,
739800,-15.000000,0.500000,32.826400,1,1,1,0,1,
739900,-15.000000,0.500000,32.828200,1,1,1,0,1,
740000,42.000000,0.500000,32.830000,1,1,1,0,1,
740100,42.000000,0.500000,32.831800,1,1,1,0,1,
740200,42.000000,0.500000,32.833600,1,1,1,0,1,
740300,42.000000,0.500000,32.835400,1,1,1,0,1,
740400,42.000000,0.500000,32.837200,1,1,1,0,1,
740500,42.000000,0.500000,32.839000,1,1,1,0,1,
740600,42.000000,0.500000,32.840800,1,1,1,0,1,
740700,42.000000,0.500000,32.842600,1,1,1,0,1,
740800,42.000000,0.500000,32.844400,1,1,1,0,1,
740900,42.000000,0.500000,32.846200,1,1,1,0,1,
741000,42.000000,0.500000,32.848000,1,1,1,0,1,
741100,42.000000,0.500000,32.849800,1,1,1,0,1,
741200,42.000000,0.500000,32.851600,1,1,1,0,1,
741300,42.000000,0.500000,32.853400,1,1,1,0,1,
741400,42.000000,0.500000,32.855200,1,1,1,0,1,
741500,42.000000,0.500000,32.857000,1,1,1,0,1,
741600,42.000000,0.500000,32.858800,1,1,1,0,1,
741700,42.000000,0.500000,32.860600,1,1,1,0,1,
741800,42.000000,0.500000,32.862400,1,1,1,0,1,
741900,42.000000,0.500000,32.864200,1,1,1,0,1,
742000,42.000000,0.500000,32.866000,1,1,1,0,1,
742100,42.000000,0.500000,32.867800,1,1,1,0,1,
742200,42.000000,0.500000,32.869600,1,1,1,0,1,
742300,42.000000,0.500000,32.871400,1,1,1,0,1,
742400,42.000000,0.500000,32.873200,1,1,1,0,1,
742500,42.000000,0.500000,32.875000,1,1,1,0,1,
742600,42.000000,0.500000,32.876800,1,1,1,0,1,
742700,42.000000,0.500000,32.878600,1,1,1,0,1,
742800,42.000000,0.500000,32.880400,1,1,1,0,1,
742900,42.000000,0.500000,32.882200,1,1,1,0,1,
743000,42.000000,0.500000,32.884000,1,1,1,0,1,
743100,42.000000,0.500000,32.885800,1,1,1,0,1,
743200,42.000000,0.500000,32.887600,1,1,1,0,1,
743300,42.000000,0.500000,32.889400,1,1,1,0,1,
743400,42.000000,0.500000,32.891200,1,1,1,0,1,
743500,42.000000,0.500000,32.893000,1,1,1,0,1,
743600,42.000000,0.500000,32.894800,1,1,1,0,1,
743700,42.000000,0.500000,32.896600,1,1,1,0,1,
743800,42.000000,0.500000,32.898400,1,1,1,0,1,
743900,42.000000,0.500000,32.900200,1,1,1,0,1,
744000,42.000000,0.500000,32.902000,1,1,1,0,1,
744100,42.000000,0.500000,32.903800,1,1,1,0,1,
744200,42.000000,0.500000,32.905600,1,1,1,0,1,
744300,42.000000,0.500000,32.907400,1,1,1,0,1,
744400,42.000000,0.500000,32.909200,1,1,1,0,1,
744500,42.000000,0.500000,32.911000,1,1,1,0,1,
744600,42.000000,0.500000,32.912800,1,1,1,0,1,
744700,42.000000,0.500000,32.914600,1,1,1,0,1,
744800,42.000000,0.500000,32.916400,1,1,1,0,1,
744900,42.000000,0.500000,32.918200,1,1,1,0,1,
745000,95.000000,0.500000,32.920000,1,1,1,0,1,
745100,95.000000,0.500000,32.921800,1,1,1,0,1,
745200,95.000000,0.500000,32.923600,1,1,1,0,1,
745300,95.000000,0.500000,32.925400,1,1,1,0,1,
745400,95.000000,0.500000,32.927200,1,1,1,0,1,
745500,95.000000,0.500000,32.929000,1,1,1,0,1,
745600,95.000000,0.500000,32.930800,1,1,1,0,1,
745700,95.000000,0.500000,32.932600,1,1,1,0,1,
745800,95.000000,0.500000,32.934400,1,1,1,0,1,
745900,95.000000,0.500000,32.936200,1,1,1,0,1,
746000,95.000000,0.500000,32.938000,1,1,1,0,1,
746100,95.000000,0.500000,32.939800,1,1,1,0,1,
746200,95.000000,0.500000,32.941600,1,1,1,0,1,
746300,95.000000,0.500000,32.943400,1,1,1,0,1,
746400,95.000000,0.500000,32.945200,1,1,1,0,1,
746500,95.000000,0.500000,32.947000,1,1,1,0,1,
746600,95.000000,0.500000,32.948800,1,1,1,0,1,
746700,95.000000,0.500000,32.950600,1,1,1,0,1,
746800,95.000000,0.500000,32.952400,1,1,1,0,1,
746900,95.000000,0.500000,32.954200,1,1,1,0,1,
747000,68.000000,0.500000,32.956000,1,1,1,0,1,
747100,68.000000,0.500000,32.957800,1,1,1,0,1,
747200,68.000000,0.500000,32.959600,1,1,1,0,1,
747300,68.000000,0.500000,32.961400,1,1,1,0,1,
747400,68.000000,0.500000,32.963200,1,1,1,0,1,
747500,68.000000,0.500000,32.965000,1,1,1,0,1,
747600,68.000000,0.500000,32.966800,1,1,1,0,1,
747700,68.000000,0.500000,32.968600,1,1,1,0,1,
747800,68.000000,0.500000,32.970400,1,1,1,0,1,
747900,68.000000,0.500000,32.972200,1,1,1,0,1,
748000,68.000000,0.500000,32.974000,1,1,1,0,1,
748100,68.000000,0.500000,32.975800,1,1,1,0,1,
748200,68.000000,0.500000,32.977600,1,1,1,0,1,
748300,68.000000,0.500000,32.979400,1,1,1,0,1,
748400,68.000000,0.500000,32.981200,1,1,1,0,1,
748500,68.000000,0.500000,32.983000,1,1,1,0,1,
748600,68.000000,0.500000,32.984800,1,1,1,0,1,
748700,68.000000,0.500000,32.986600,1,1,1,0,1,
748800,68.000000,0.500000,32.988400,1,1,1,0,1,
748900,68.000000,0.500000,32.990200,1,1,1,0,1,
749000,68.000000,0.500000,32.992000,1,1,1,0,1,
749100,68.000000,0.500000,32.993800,1,1,1,0,1,
749200,68.000000,0.500000,32.995600,1,1,1,0,1,
749300,68.000000,0.500000,32.997400,1,1,1,0,1,
749400,68.000000,0.500000,32.999200,1,1,1,0,1,
749500,68.000000,0.500000,33.001000,1,1,1,0,1,
749600,68.000000,0.500000,33.002800,1,1,1,0,1,
749700,68.000000,0.500000,33.004600,1,1,1,0,1,
749800,68.000000,0.500000,33.006400,1,1,1,0,1,
749900,68.000000,0.500000,33.008200,1,1,1,0,1,
750000,-25.000000,0.500000,33.010000,1,1,1,0,1,
750100,-25.000000,0.500000,33.011800,1,1,1,0,1,
750200,-25.000000,0.500000,33.013600,1,1,1,0,1,
750300,-25.000000,0.500000,33.015400,1,1,1,0,1,
750400,-25.000000,0.500000,33.017200,1,1,1,0,1,
750500,-25.000000,0.500000,33.019000,1,1,1,0,1,
750600,-25.000000,0.500000,33.020800,1,1,1,0,1,
750700,-25.000000,0.500000,33.022600,1,1,1,0,1,
750800,-25.000000,0.500000,33.024400,1,1,1,0,1,
750900,-25.000000,0.500000,33.026200,1,1,1,0,1,
751000,55.000000,0.500000,33.028000,1,1,1,0,1,
751100,55.000000,0.500000,33.029800,1,1,1,0,1,
751200,55.000000,0.500000,33.031600,1,1,1,0,1,
751300,55.000000,0.500000,33.033400,1,1,1,0,1,
751400,55.000000,0.500000,33.035200,1,1,1,0,1,
751500,55.000000,0.500000,33.037000,1,1,1,0,1,
751600,55.000000,0.500000,33.038800,1,1,1,0,1,
751700,55.000000,0.500000,33.040600,1,1,1,0,1,
751800,55.000000,0.500000,33.042400,1,1,1,0,1,
751900,55.000000,0.500000,33.044200,1,1,1,0,1,
752000,55.000000,0.500000,33.046000,1,1,1,0,1,
752100,55.000000,0.500000,33.047800,1,1,1,0,1,
752200,55.000000,0.500000,33.049600,1,1,1,0,1,
752300,55.000000,0.500000,33.051400,1,1,1,0,1,
752400,55.000000,0.500000,33.053200,1,1,1,0,1,
752500,55.000000,0.500000,33.055000,1,1,1,0,1,
752600,55.000000,0.500000,33.056800,1,1,1,0,1,
752700,55.000000,0.500000,33.058600,1,1,1,0,1,
752800,55.000000,0.500000,33.060400,1,1,1,0,1,
752900,55.000000,0.500000,33.062200,1,1,1,0,1,
753000,55.000000,0.500000,33.064000,1,1,1,0,1,
753100,55.000000,0.500000,33.065800,1,1,1,0,1,
753200,55.000000,0.500000,33.067600,1,1,1,0,1,
753300,55.000000,0.500000,33.069400,1,1,1,0,1,
753400,55.000000,0.500000,33.071200,1,1,1,0,1,
753500,55.000000,0.500000,33.073000,1,1,1,0,1,
753600,55.000000,0.500000,33.074800,1,1,1,0,1,
753700,55.000000,0.500000,33.076600,1,1,1,0,1,
753800,55.000000,0.500000,33.078400,1,1,1,0,1,
753900,55.000000,0.500000,33.080200,1,1,1,0,1,
754000,55.000000,0.500000,33.082000,1,1,1,0,1,
754100,55.000000,0.500000,33.083800,1,1,1,0,1,
754200,55.000000,0.500000,33.085600,1,1,1,0,1,
754300,55.000000,0.500000,33.087400,1,1,1,0,1,
754400,55.000000,0.500000,33.089200,1,1,1,0,1,
754500,55.000000,0.500000,33.091000,1,1,1,0,1,
754600,55.000000,0.500000,33.092800,1,1,1,0,1,
754700,55.000000,0.500000,33.094600,1,1,1,0,1,
754800,55.000000,0.500000,33.096400,1,1,1,0,1,
754900,55.000000,0.500000,33.098200,1,1,1,0,1,
755000,55.000000,0.500000,33.100000,1,1,1,0,1,
755100,55.000000,0.500000,33.101800,1,1,1,0,1,
755200,55.000000,0.500000,33.103600,1,1,1,0,1,
755300,55.000000,0.500000,33.105400,1,1,1,0,1,
755400,55.000000,0.500000,33.107200,1,1,1,0,1,
755500,55.000000,0.500000,33.109000,1,1,1,0,1,
755600,55.000000,0.500000,33.110800,1,1,1,0,1,
755700,55.000000,0.500000,33.112600,1,1,1,0,1,
755800,55.000000,0.500000,33.114400,1,1,1,0,1,
755900,55.000000,0.500000,33.116200,1,1,1,0,1,
756000,55.000000,0.500000,33.118000,1,1,1,0,1,
756100,55.000000,0.500000,33.119800,1,1,1,0,1,
756200,55.000000,0.500000,33.121600,1,1,1,0,1,
756300,55.000000,0.500000,33.123400,1,1,1,0,1,
756400,55.000000,0.500000,33.125200,1,1,1,0,1,
756500,55.000000,0.500000,33.127000,1,1,1,0,1,
756600,55.000000,0.500000,33.128800,1,1,1,0,1,
756700,55.000000,0.500000,33.130600,1,1,1,0,1,
756800,55.000000,0.500000,33.132400,1,1,1,0,1,
756900,55.000000,0.500000,33.134200,1,1,1,0,1,
757000,82.000000,0.500000,33.136000,1,1,1,0,1,
757100,82.000000,0.500000,33.137800,1,1,1,0,1,
757200,82.000000,0.500000,33.139600,1,1,1,0,1,
757300,82.000000,0.500000,33.141400,1,1,1,0,1,
757400,82.000000,0.500000,33.143200,1,1,1,0,1,
757500,82.000000,0.500000,33.145000,1,1,1,0,1,
757600,82.000000,0.500000,33.146800,1,1,1,0,1,
757700,82.000000,0.500000,33.148600,1,1,1,0,1,
757800,82.000000,0.500000,33.150400,1,1,1,0,1,
757900,82.000000,0.500000,33.152200,1,1,1,0,1,
758000,82.000000,0.500000,33.154000,1,1,1,0,1,
758100,82.000000,0.500000,33.155800,1,1,1,0,1,
758200,82.000000,0.500000,33.157600,1,1,1,0,1,
758300,82.000000,0.500000,33.159400,1,1,1,0,1,
758400,82.000000,0.500000,33.161200,1,1,1,0,1,
758500,82.000000,0.500000,33.163000,1,1,1,0,1,
758600,82.000000,0.500000,33.164800,1,1,1,0,1,
758700,82.000000,0.500000,33.166600,1,1,1,0,1,
758800,82.000000,0.500000,33.168400,1,1,1,0,1,
758900,82.000000,0.500000,33.170200,1,1,1,0,1,
759000,-15.000000,0.500000,33.172000,1,1,1,0,1,
759100,-15.000000,0.500000,33.173800,1,1,1,0,1,
759200,-15.000000,0.500000,33.175600,1,1,1,0,1,
759300,-15.000000,0.500000,33.177400,1,1,1,0,1,
759400,-15.000000,0.500000,33.179200,1,1,1,0,1,
759500,-15.000000,0.500000,33.181000,1,1,1,0,1,
759600,-15.000000,0.500000,33.182800,1,1,1,0,1,
759700,-15.000000,0.500000,33.184600,1,1,1,0,1,
759800,-15.000000,0.500000,33.186400,1,1,1,0,1,
759900,-15.000000,0.500000,33.188200,1,1,1,0,1,
760000,42.000000,0.500000,33.190000,1,1,1,0,1,
760100,42.000000,0.500000,33.191800,1,1,1,0,1,
760200,42.000000,0.500000,33.193600,1,1,1,0,1,
760300,42.000000,0.500000,33.195400,1,1,1,0,1,
760400,42.000000,0.500000,33.197200,1,1,1,0,1,
760500,42.000000,0.500000,33.199000,1,1,1,0,1,
760600,42.000000,0.500000,33.200800,1,1,1,0,1,
760700,42.000000,0.500000,33.202600,1,1,1,0,1,
760800,42.000000,0.500000,33.204400,1,1,1,0,1,
760900,42.000000,0.500000,33.206200,1,1,1,0,1,
761000,42.000000,0.500000,33.208000,1,1,1,0,1,
761100,42.000000,0.500000,33.209800,1,1,1,0,1,
761200,42.000000,0.500000,33.211600,1,1,1,0,1,
761300,42.000000,0.500000,33.213400,1,1,1,0,1,
761400,42.000000,0.500000,33.215200,1,1,1,0,1,
761500,42.000000,0.500000,33.217000,1,1,1,0,1,
761600,42.000000,0.500000,33.218800,1,1,1,0,1,
761700,42.000000,0.500000,33.220600,1,1,1,0,1,
761800,42.000000,0.500000,33.222400,1,1,1,0,1,
761900,42.000000,0.500000,33.224200,1,1,1,0,1,
762000,42.000000,0.500000,33.226000,1,1,1,0,1,
762100,42.000000,0.500000,33.227800,1,1,1,0,1,
762200,42.000000,0.500000,33.229600,1,1,1,0,1,
762300,42.000000,0.500000,33.231400,1,1,1,0,1,
762400,42.000000,0.500000,33.233200,1,1,1,0,1,
762500,42.000000,0.500000,33.235000,1,1,1,0,1,
762600,42.000000,0.500000,33.236800,1,1,1,0,1,
762700,42.000000,0.500000,33.238600,1,1,1,0,1,
762800,42.000000,0.500000,33.240400,1,1,1,0,1,
762900,42.000000,0.500000,33.242200,1,1,1,0,1,
763000,42.000000,0.500000,33.244000,1,1,1,0,1,
763100,42.000000,0.500000,33.245800,1,1,1,0,1,
763200,42.000000,0.500000,33.247600,1,1,1,0,1,
763300,42.000000,0.500000,33.249400,1,1,1,0,1,
763400,42.000000,0.500000,33.251200,1,1,1,0,1,
763500,42.000000,0.500000,33.253000,1,1,1,0,1,
763600,42.000000,0.500000,33.254800,1,1,1,0,1,
763700,42.000000,0.500000,33.256600,1,1,1,0,1,
763800,42.000000,0.500000,33.258400,1,1,1,0,1,
763900,42.000000,0.500000,33.260200,1,1,1,0,1,
764000,42.000000,0.500000,33.262000,1,1,1,0,1,
764100,42.000000,0.500000,33.263800,1,1,1,0,1,
764200,42.000000,0.500000,33.265600,1,1,1,0,1,
764300,42.000000,0.500000,33.267400,1,1,1,0,1,
764400,42.000000,0.500000,33.269200,1,1,1,0,1,
764500,42.000000,0.500000,33.271000,1,1,1,0,1,
764600,42.000000,0.500000,33.272800,1,1,1,0,1,
764700,42.000000,0.500000,33.274600,1,1,1,0,1,
764800,42.000000,0.500000,33.276400,1,1,1,0,1,
764900,42.000000,0.500000,33.278200,1,1,1,0,1,
765000,95.000000,0.500000,33.280000,1,1,1,0,1,
765100,95.000000,0.500000,33.281800,1,1,1,0,1,
765200,95.000000,0.500000,33.283600,1,1,1,0,1,
765300,95.000000,0.500000,33.285400,1,1,1,0,1,
765400,95.000000,0.500000,33.287200,1,1,1,0,1,
765500,95.000000,0.500000,33.289000,1,1,1,0,1,
765600,95.000000,0.500000,33.290800,1,1,1,0,1,
765700,95.000000,0.500000,33.292600,1,1,1,0,1,
765800,95.000000,0.500000,33.294400,1,1,1,0,1,
765900,95.000000,0.500000,33.296200,1,1,1,0,1,
766000,95.000000,0.500000,33.298000,1,1,1,0,1,
766100,95.000000,0.500000,33.299800,1,1,1,0,1,
766200,95.000000,0.500000,33.301600,1,1,1,0,1,
766300,95.000000,0.500000,33.303400,1,1,1,0,1,
766400,95.000000,0.500000,33.305200,1,1,1,0,1,
766500,95.000000,0.500000,33.307000,1,1,1,0,1,
766600,95.000000,0.500000,33.308800,1,1,1,0,1,
766700,95.000000,0.500000,33.310600,1,1,1,0,1,
766800,95.000000,0.500000,33.312400,1,1,1,0,1,
766900,95.000000,0.500000,33.314200,1,1,1,0,1,
767000,68.000000,0.500000,33.316000,1,1,1,0,1,
767100,68.000000,0.500000,33.317800,1,1,1,0,1,
767200,68.000000,0.500000,33.319600,1,1,1,0,1,
767300,68.000000,0.500000,33.321400,1,1,1,0,1,
767400,68.000000,0.500000,33.323200,1,1,1,0,1,
767500,68.000000,0.500000,33.325000,1,1,1,0,1,
767600,68.000000,0.500000,33.326800,1,1,1,0,1,
767700,68.000000,0.500000,33.328600,1,1,1,0,1,
767800,68.000000,0.500000,33.330400,1,1,1,0,1,
767900,68.000000,0.500000,33.332200,1,1,1,0,1,
768000,68.000000,0.500000,33.334000,1,1,1,0,1,
768100,68.000000,0.500000,33.335800,1,1,1,0,1,
768200,68.000000,0.500000,33.337600,1,1,1,0,1,
768300,68.000000,0.500000,33.339400,1,1,1,0,1,
768400,68.000000,0.500000,33.341200,1,1,1,0,1,
768500,68.000000,0.500000,33.343000,1,1,1,0,1,
768600,68.000000,0.500000,33.344800,1,1,1,0,1,
768700,68.000000,0.500000,33.346600,1,1,1,0,1,
768800,68.000000,0.500000,33.348400,1,1,1,0,1,
768900,68.000000,0.500000,33.350200,1,1,1,0,1,
769000,68.000000,0.500000,33.352000,1,1,1,0,1,
769100,68.000000,0.500000,33.353800,1,1,1,0,1,
769200,68.000000,0.500000,33.355600,1,1,1,0,1,
769300,68.000000,0.500000,33.357400,1,1,1,0,1,
769400,68.000000,0.500000,33.359200,1,1,1,0,1,
769500,68.000000,0.500000,33.361000,1,1,1,0,1,
769600,68.000000,0.500000,33.362800,1,1,1,0,1,
769700,68.000000,0.500000,33.364600,1,1,1,0,1,
769800,68.000000,0.500000,33.366400,1,1,1,0,1,
769900,68.000000,0.500000,33.368200,1,1,1,0,1,
770000,-25.000000,0.500000,33.370000,1,1,1,0,1,
770100,-25.000000,0.500000,33.371800,1,1,1,0,1,
770200,-25.000000,0.500000,33.373600,1,1,1,0,1,
770300,-25.000000,0.500000,33.375400,1,1,1,0,1,
770400,-25.000000,0.500000,33.377200,1,1,1,0,1,
770500,-25.000000,0.500000,33.379000,1,1,1,0,1,
770600,-25.000000,0.500000,33.380800,1,1,1,0,1,
770700,-25.000000,0.500000,33.382600,1,1,1,0,1,
770800,-25.000000,0.500000,33.384400,1,1,1,0,1,
770900,-25.000000,0.500000,33.386200,1,1,1,0,1,
771000,55.000000,0.500000,33.388000,1,1,1,0,1,
771100,55.000000,0.500000,33.389800,1,1,1,0,1,
771200,55.000000,0.500000,33.391600,1,1,1,0,1,
771300,55.000000,0.500000,33.393400,1,1,1,0,1,
771400,55.000000,0.500000,33.395200,1,1,1,0,1,
771500,55.000000,0.500000,33.397000,1,1,1,0,1,
771600,55.000000,0.500000,33.398800,1,1,1,0,1,
771700,55.000000,0.500000,33.400600,1,1,1,0,1,
771800,55.000000,0.500000,33.402400,1,1,1,0,1,
771900,55.000000,0.500000,33.404200,1,1,1,0,1,
772000,55.000000,0.500000,33.406000,1,1,1,0,1,
772100,55.000000,0.500000,33.407800,1,1,1,0,1,
772200,55.000000,0.500000,33.409600,1,1,1,0,1,
772300,55.000000,0.500000,33.411400,1,1,1,0,1,
772400,55.000000,0.500000,33.413200,1,1,1,0,1,
772500,55.000000,0.500000,33.415000,1,1,1,0,1,
772600,55.000000,0.500000,33.416800,1,1,1,0,1,
772700,55.000000,0.500000,33.418600,1,1,1,0,1,
772800,55.000000,0.500000,33.420400,1,1,1,0,1,
772900,55.000000,0.500000,33.422200,1,1,1,0,1,
773000,55.000000,0.500000,33.424000,1,1,1,0,1,
773100,55.000000,0.500000,33.425800,1,1,1,0,1,
773200,55.000000,0.500000,33.427600,1,1,1,0,1,
773300,55.000000,0.500000,33.429400,1,1,1,0,1,
773400,55.000000,0.500000,33.431200,1,1,1,0,1,
773500,55.000000,0.500000,33.433000,1,1,1,0,1,
773600,55.000000,0.500000,33.434800,1,1,1,0,1,
773700,55.000000,0.500000,33.436600,1,1,1,0,1,
773800,55.000000,0.500000,33.438400,1,1,1,0,1,
773900,55.000000,0.500000,33.440200,1,1,1,0,1,
774000,55.000000,0.500000,33.442000,1,1,1,0,1,
774100,55.000000,0.500000,33.443800,1,1,1,0,1,
774200,55.000000,0.500000,33.445600,1,1,1,0,1,
774300,55.000000,0.500000,33.447400,1,1,1,0,1,
774400,55.000000,0.500000,33.449200,1,1,1,0,1,
774500,55.000000,0.500000,33.451000,1,1,1,0,1,
774600,55.000000,0.500000,33.452800,1,1,1,0,1,
774700,55.000000,0.500000,33.454600,1,1,1,0,1,
774800,55.000000,0.500000,33.456400,1,1,1,0,1,
774900,55.000000,0.500000,33.458200,1,1,1,0,1,
775000,55.000000,0.500000,33.460000,1,1,1,0,1,
775100,55.000000,0.500000,33.461800,1,1,1,0,1,
775200,55.000000,0.500000,33.463600,1,1,1,0,1,
775300,55.000000,0.500000,33.465400,1,1,1,0,1,
775400,55.000000,0.500000,33.467200,1,1,1,0,1,
775500,55.000000,0.500000,33.469000,1,1,1,0,1,
775600,55.000000,0.500000,33.470800,1,1,1,0,1,
775700,55.000000,0.500000,33.472600,1,1,1,0,1,
775800,55.000000,0.500000,33.474400,1,1,1,0,1,
775900,55.000000,0.500000,33.476200,1,1,1,0,1,
776000,55.000000,0.500000,33.478000,1,1,1,0,1,
776100,55.000000,0.500000,33.479800,1,1,1,0,1,
776200,55.000000,0.500000,33.481600,1,1,1,0,1,
776300,55.000000,0.500000,33.483400,1,1,1,0,1,
776400,55.000000,0.500000,33.485200,1,1,1,0,1,
776500,55.000000,0.500000,33.487000,1,1,1,0,1,
776600,55.000000,0.500000,33.488800,1,1,1,0,1,
776700,55.000000,0.500000,33.490600,1,1,1,0,1,
776800,55.000000,0.500000,33.492400,1,1,1,0,1,
776900,55.000000,0.500000,33.494200,1,1,1,0,1,
777000,82.000000,0.500000,33.496000,1,1,1,0,1,
777100,82.000000,0.500000,33.497800,1,1,1,0,1,
777200,82.000000,0.500000,33.499600,1,1,1,0,1,
777300,82.000000,0.500000,33.501400,1,1,1,0,1,
777400,82.000000,0.500000,33.503200,1,1,1,0,1,
777500,82.000000,0.500000,33.505000,1,1,1,0,1,
777600,82.000000,0.500000,33.506800,1,1,1,0,1,
777700,82.000000,0.500000,33.508600,1,1,1,0,1,
777800,82.000000,0.500000,33.510400,1,1,1,0,1,
777900,82.000000,0.500000,33.512200,1,1,1,0,1,
778000,82.000000,0.500000,33.514000,1,1,1,0,1,
778100,82.000000,0.500000,33.515800,1,1,1,0,1,
778200,82.000000,0.500000,33.517600,1,1,1,0,1,
778300,82.000000,0.500000,33.519400,1,1,1,0,1,
778400,82.000000,0.500000,33.521200,1,1,1,0,1,
778500,82.000000,0.500000,33.523000,1,1,1,0,1,
778600,82.000000,0.500000,33.524800,1,1,1,0,1,
778700,82.000000,0.500000,33.526600,1,1,1,0,1,
778800,82.000000,0.500000,33.528400,1,1,1,0,1,
778900,82.000000,0.500000,33.530200,1,1,1,0,1,
779000,-15.000000,0.500000,33.532000,1,1,1,0,1,
779100,-15.000000,0.500000,33.533800,1,1,1,0,1,
779200,-15.000000,0.500000,33.535600,1,1,1,0,1,
779300,-15.000000,0.500000,33.537400,1,1,1,0,1,
779400,-15.000000,0.500000,33.539200,1,1,1,0,1,
779500,-15.000000,0.500000,33.541000,1,1,1,0,1,
779600,-15.000000,0.500000,33.542800,1,1,1,0,1,
779700,-15.000000,0.500000,33.544600,1,1,1,0,1,
779800,-15.000000,0.500000,33.546400,1,1,1,0,1,
779900,-15.000000,0.500000,33.548200,1,1,1,0,1,
780000,42.000000,0.500000,33.550000,1,1,1,0,1,
780100,42.000000,0.500000,33.551800,1,1,1,0,1,
780200,42.000000,0.500000,33.553600,1,1,1,0,1,
780300,42.000000,0.500000,33.555400,1,1,1,0,1,
780400,42.000000,0.500000,33.557200,1,1,1,0,1,
780500,42.000000,0.500000,33.559000,1,1,1,0,1,
780600,42.000000,0.500000,33.560800,1,1,1,0,1,
780700,42.000000,0.500000,33.562600,1,1,1,0,1,
780800,42.000000,0.500000,33.564400,1,1,1,0,1,
780900,42.000000,0.500000,33.566200,1,1,1,0,1,
781000,42.000000,0.500000,33.568000,1,1,1,0,1,
781100,42.000000,0.500000,33.569800,1,1,1,0,1,
781200,42.000000,0.500000,33.571600,1,1,1,0,1,
781300,42.000000,0.500000,33.573400,1,1,1,0,1,
781400,42.000000,0.500000,33.575200,1,1,1,0,1,
781500,42.000000,0.500000,33.577000,1,1,1,0,1,
781600,42.000000,0.500000,33.578800,1,1,1,0,1,
781700,42.000000,0.500000,33.580600,1,1,1,0,1,
781800,42.000000,0.500000,33.582400,1,1,1,0,1,
781900,42.000000,0.500000,33.584200,1,1,1,0,1,
782000,42.000000,0.500000,33.586000,1,1,1,0,1,
782100,42.000000,0.500000,33.587800,1,1,1,0,1,
782200,42.000000,0.500000,33.589600,1,1,1,0,1,
782300,42.000000,0.500000,33.591400,1,1,1,0,1,
782400,42.000000,0.500000,33.593200,1,1,1,0,1,
782500,42.000000,0.500000,33.595000,1,1,1,0,1,
782600,42.000000,0.500000,33.596800,1,1,1,0,1,
782700,42.000000,0.500000,33.598600,1,1,1,0,1,
782800,42.000000,0.500000,33.600400,1,1,1,0,1,
782900,42.000000,0.500000,33.602200,1,1,1,0,1,
783000,42.000000,0.500000,33.604000,1,1,1,0,1,
783100,42.000000,0.500000,33.605800,1,1,1,0,1,
783200,42.000000,0.500000,33.607600,1,1,1,0,1,
783300,42.000000,0.500000,33.609400,1,1,1,0,1,
783400,42.000000,0.500000,33.611200,1,1,1,0,1,
783500,42.000000,0.500000,33.613000,1,1,1,0,1,
783600,42.000000,0.500000,33.614800,1,1,1,0,1,
783700,42.000000,0.500000,33.616600,1,1,1,0,1,
783800,42.000000,0.500000,33.618400,1,1,1,0,1,
783900,42.000000,0.500000,33.620200,1,1,1,0,1,
784000,42.000000,0.500000,33.622000,1,1,1,0,1,
784100,42.000000,0.500000,33.623800,1,1,1,0,1,
784200,42.000000,0.500000,33.625600,1,1,1,0,1,
784300,42.000000,0.500000,33.627400,1,1,1,0,1,
784400,42.000000,0.500000,33.629200,1,1,1,0,1,
784500,42.000000,0.500000,33.631000,1,1,1,0,1,
784600,42.000000,0.500000,33.632800,1,1,1,0,1,
784700,42.000000,0.500000,33.634600,1,1,1,0,1,
784800,42.000000,0.500000,33.636400,1,1,1,0,1,
784900,42.000000,0.500000,33.638200,1,1,1,0,1,
785000,95.000000,0.500000,33.640000,1,1,1,0,1,
785100,95.000000,0.500000,33.641800,1,1,1,0,1,
785200,95.000000,0.500000,33.643600,1,1,1,0,1,
785300,95.000000,0.500000,33.645400,1,1,1,0,1,
785400,95.000000,0.500000,33.647200,1,1,1,0,1,
785500,95.000000,0.500000,33.649000,1,1,1,0,1,
785600,95.000000,0.500000,33.650800,1,1,1,0,1,
785700,95.000000,0.500000,33.652600,1,1,1,0,1,
785800,95.000000,0.500000,33.654400,1,1,1,0,1,
785900,95.000000,0.500000,33.656200,1,1,1,0,1,
786000,95.000000,0.500000,33.658000,1,1,1,0,1,
786100,95.000000,0.500000,33.659800,1,1,1,0,1,
786200,95.000000,0.500000,33.661600,1,1,1,0,1,
786300,95.000000,0.500000,33.663400,1,1,1,0,1,
786400,95.000000,0.500000,33.665200,1,1,1,0,1,
786500,95.000000,0.500000,33.667000,1,1,1,0,1,
786600,95.000000,0.500000,33.668800,1,1,1,0,1,
786700,95.000000,0.500000,33.670600,1,1,1,0,1,
786800,95.000000,0.500000,33.672400,1,1,1,0,1,
786900,95.000000,0.500000,33.674200,1,1,1,0,1,
787000,68.000000,0.500000,33.676000,1,1,1,0,1,
787100,68.000000,0.500000,33.677800,1,1,1,0,1,
787200,68.000000,0.500000,33.679600,1,1,1,0,1,
787300,68.000000,0.500000,33.681400,1,1,1,0,1,
787400,68.000000,0.500000,33.683200,1,1,1,0,1,
787500,68.000000,0.500000,33.685000,1,1,1,0,1,
787600,68.000000,0.500000,33.686800,1,1,1,0,1,
787700,68.000000,0.500000,33.688600,1,1,1,0,1,
787800,68.000000,0.500000,33.690400,1,1,1,0,1,
787900,68.000000,0.500000,33.692200,1,1,1,0,1,
788000,68.000000,0.500000,33.694000,1,1,1,0,1,
788100,68.000000,0.500000,33.695800,1,1,1,0,1,
788200,68.000000,0.500000,33.697600,1,1,1,0,1,
788300,68.000000,0.500000,33.699400,1,1,1,0,1,
788400,68.000000,0.500000,33.701200,1,1,1,0,1,
788500,68.000000,0.500000,33.703000,1,1,1,0,1,
788600,68.000000,0.500000,33.704800,1,1,1,0,1,
788700,68.000000,0.500000,33.706600,1,1,1,0,1,
788800,68.000000,0.500000,33.708400,1,1,1,0,1,
788900,68.000000,0.500000,33.710200,1,1,1,0,1,
789000,68.000000,0.500000,33.712000,1,1,1,0,1,
789100,68.000000,0.500000,33.713800,1,1,1,0,1,
789200,68.000000,0.500000,33.715600,1,1,1,0,1,
789300,68.000000,0.500000,33.717400,1,1,1,0,1,
789400,68.000000,0.500000,33.719200,1,1,1,0,1,
789500,68.000000,0.500000,33.721000,1,1,1,0,1,
789600,68.000000,0.500000,33.722800,1,1,1,0,1,
789700,68.000000,0.500000,33.724600,1,1,1,0,1,
789800,68.000000,0.500000,33.726400,1,1,1,0,1,
789900,68.000000,0.500000,33.728200,1,1,1,0,1,
790000,-25.000000,0.500000,33.730000,1,1,1,0,1,
790100,-25.000000,0.500000,33.731800,1,1,1,0,1,
790200,-25.000000,0.500000,33.733600,1,1,1,0,1,
790300,-25.000000,0.500000,33.735400,1,1,1,0,1,
790400,-25.000000,0.500000,33.737200,1,1,1,0,1,
790500,-25.000000,0.500000,33.739000,1,1,1,0,1,
790600,-25.000000,0.500000,33.740800,1,1,1,0,1,
790700,-25.000000,0.500000,33.742600,1,1,1,0,1,
790800,-25.000000,0.500000,33.744400,1,1,1,0,1,
790900,-25.000000,0.500000,33.746200,1,1,1,0,1,
791000,55.000000,0.500000,33.748000,1,1,1,0,1,
791100,55.000000,0.500000,33.749800,1,1,1,0,1,
791200,55.000000,0.500000,33.751600,1,1,1,0,1,
791300,55.000000,0.500000,33.753400,1,1,1,0,1,
791400,55.000000,0.500000,33.755200,1,1,1,0,1,
791500,55.000000,0.500000,33.757000,1,1,1,0,1,
791600,55.000000,0.500000,33.758800,1,1,1,0,1,
791700,55.000000,0.500000,33.760600,1,1,1,0,1,
791800,55.000000,0.500000,33.762400,1,1,1,0,1,
791900,55.000000,0.500000,33.764200,1,1,1,0,1,
792000,55.000000,0.500000,33.766000,1,1,1,0,1,
792100,55.000000,0.500000,33.767800,1,1,1,0,1,
792200,55.000000,0.500000,33.769600,1,1,1,0,1,
792300,55.000000,0.500000,33.771400,1,1,1,0,1,
792400,55.000000,0.500000,33.773200,1,1,1,0,1,
792500,55.000000,0.500000,33.775000,1,1,1,0,1,
792600,55.000000,0.500000,33.776800,1,1,1,0,1,
792700,55.000000,0.500000,33.778600,1,1,1,0,1,
792800,55.000000,0.500000,33.780400,1,1,1,0,1,
792900,55.000000,0.500000,33.782200,1,1,1,0,1,
793000,55.000000,0.500000,33.784000,1,1,1,0,1,
793100,55.000000,0.500000,33.785800,1,1,1,0,1,
793200,55.000000,0.500000,33.787600,1,1,1,0,1,
793300,55.000000,0.500000,33.789400,1,1,1,0,1,
793400,55.000000,0.500000,33.791200,1,1,1,0,1,
793500,55.000000,0.500000,33.793000,1,1,1,0,1,
793600,55.000000,0.500000,33.794800,1,1,1,0,1,
793700,55.000000,0.500000,33.796600,1,1,1,0,1,
793800,55.000000,0.500000,33.798400,1,1,1,0,1,
793900,55.000000,0.500000,33.800200,1,1,1,0,1,
794000,55.000000,0.500000,33.802000,1,1,1,0,1,
794100,55.000000,0.500000,33.803800,1,1,1,0,1,
794200,55.000000,0.500000,33.805600,1,1,1,0,1,
794300,55.000000,0.500000,33.807400,1,1,1,0,1,
794400,55.000000,0.500000,33.809200,1,1,1,0,1,
794500,55.000000,0.500000,33.811000,1,1,1,0,1,
794600,55.000000,0.500000,33.812800,1,1,1,0,1,
794700,55.000000,0.500000,33.814600,1,1,1,0,1,
794800,55.000000,0.500000,33.816400,1,1,1,0,1,
794900,55.000000,0.500000,33.818200,1,1,1,0,1,
795000,55.000000,0.500000,33.820000,1,1,1,0,1,
795100,55.000000,0.500000,33.821800,1,1,1,0,1,
795200,55.000000,0.500000,33.823600,1,1,1,0,1,
795300,55.000000,0.500000,33.825400,1,1,1,0,1,
795400,55.000000,0.500000,33.827200,1,1,1,0,1,
795500,55.000000,0.500000,33.829000,1,1,1,0,1,
795600,55.000000,0.500000,33.830800,1,1,1,0,1,
795700,55.000000,0.500000,33.832600,1,1,1,0,1,
795800,55.000000,0.500000,33.834400,1,1,1,0,1,
795900,55.000000,0.500000,33.836200,1,1,1,0,1,
796000,55.000000,0.500000,33.838000,1,1,1,0,1,
796100,55.000000,0.500000,33.839800,1,1,1,0,1,
796200,55.000000,0.500000,33.841600,1,1,1,0,1,
796300,55.000000,0.500000,33.843400,1,1,1,0,1,
796400,55.000000,0.500000,33.845200,1,1,1,0,1,
796500,55.000000,0.500000,33.847000,1,1,1,0,1,
796600,55.000000,0.500000,33.848800,1,1,1,0,1,
796700,55.000000,0.500000,33.850600,1,1,1,0,1,
796800,55.000000,0.500000,33.852400,1,1,1,0,1,
796900,55.000000,0.500000,33.854200,1,1,1,0,1,
797000,82.000000,0.500000,33.856000,1,1,1,0,1,
797100,82.000000,0.500000,33.857800,1,1,1,0,1,
797200,82.000000,0.500000,33.859600,1,1,1,0,1,
797300,82.000000,0.500000,33.861400,1,1,1,0,1,
797400,82.000000,0.500000,33.863200,1,1,1,0,1,
797500,82.000000,0.500000,33.865000,1,1,1,0,1,
797600,82.000000,0.500000,33.866800,1,1,1,0,1,
797700,82.000000,0.500000,33.868600,1,1,1,0,1,
797800,82.000000,0.500000,33.870400,1,1,1,0,1,
797900,82.000000,0.500000,33.872200,1,1,1,0,1,
798000,82.000000,0.500000,33.874000,1,1,1,0,1,
798100,82.000000,0.500000,33.875800,1,1,1,0,1,
798200,82.000000,0.500000,33.877600,1,1,1,0,1,
798300,82.000000,0.500000,33.879400,1,1,1,0,1,
798400,82.000000,0.500000,33.881200,1,1,1,0,1,
798500,82.000000,0.500000,33.883000,1,1,1,0,1,
798600,82.000000,0.500000,33.884800,1,1,1,0,1,
798700,82.000000,0.500000,33.886600,1,1,1,0,1,
798800,82.000000,0.500000,33.888400,1,1,1,0,1,
798900,82.000000,0.500000,33.890200,1,1,1,0,1,
799000,-15.000000,0.500000,33.892000,1,1,1,0,1,
799100,-15.000000,0.500000,33.893800,1,1,1,0,1,
799200,-15.000000,0.500000,33.895600,1,1,1,0,1,
799300,-15.000000,0.500000,33.897400,1,1,1,0,1,
799400,-15.000000,0.500000,33.899200,1,1,1,0,1,
799500,-15.000000,0.500000,33.901000,1,1,1,0,1,
799600,-15.000000,0.500000,33.902800,1,1,1,0,1,
799700,-15.000000,0.500000,33.904600,1,1,1,0,1,
799800,-15.000000,0.500000,33.906400,1,1,1,0,1,
799900,-15.000000,0.500000,33.908200,1,1,1,0,1,
800000,42.000000,0.500000,33.910000,1,1,1,0,1,
800100,42.000000,0.500000,33.911800,1,1,1,0,1,
800200,42.000000,0.500000,33.913600,1,1,1,0,1,
800300,42.000000,0.500000,33.915400,1,1,1,0,1,
800400,42.000000,0.500000,33.917200,1,1,1,0,1,
800500,42.000000,0.500000,33.919000,1,1,1,0,1,
800600,42.000000,0.500000,33.920800,1,1,1,0,1,
800700,42.000000,0.500000,33.922600,1,1,1,0,1,
800800,42.000000,0.500000,33.924400,1,1,1,0,1,
800900,42.000000,0.500000,33.926200,1,1,1,0,1,
801000,42.000000,0.500000,33.928000,1,1,1,0,1,
801100,42.000000,0.500000,33.929800,1,1,1,0,1,
801200,42.000000,0.500000,33.931600,1,1,1,0,1,
801300,42.000000,0.500000,33.933400,1,1,1,0,1,
801400,42.000000,0.500000,33.935200,1,1,1,0,1,
801500,42.000000,0.500000,33.937000,1,1,1,0,1,
801600,42.000000,0.500000,33.938800,1,1,1,0,1,
801700,42.000000,0.500000,33.940600,1,1,1,0,1,
801800,42.000000,0.500000,33.942400,1,1,1,0,1,
801900,42.000000,0.500000,33.944200,1,1,1,0,1,
802000,42.000000,0.500000,33.946000,1,1,1,0,1,
802100,42.000000,0.500000,33.947800,1,1,1,0,1,
802200,42.000000,0.500000,33.949600,1,1,1,0,1,
802300,42.000000,0.500000,33.951400,1,1,1,0,1,
802400,42.000000,0.500000,33.953200,1,1,1,0,1,
802500,42.000000,0.500000,33.955000,1,1,1,0,1,
802600,42.000000,0.500000,33.956800,1,1,1,0,1,
802700,42.000000,0.500000,33.958600,1,1,1,0,1,
802800,42.000000,0.500000,33.960400,1,1,1,0,1,
802900,42.000000,0.500000,33.962200,1,1,1,0,1,
803000,42.000000,0.500000,33.964000,1,1,1,0,1,
803100,42.000000,0.500000,33.965800,1,1,1,0,1,
803200,42.000000,0.500000,33.967600,1,1,1,0,1,
803300,42.000000,0.500000,33.969400,1,1,1,0,1,
803400,42.000000,0.500000,33.971200,1,1,1,0,1,
803500,42.000000,0.500000,33.973000,1,1,1,0,1,
803600,42.000000,0.500000,33.974800,1,1,1,0,1,
803700,42.000000,0.500000,33.976600,1,1,1,0,1,
803800,42.000000,0.500000,33.978400,1,1,1,0,1,
803900,42.000000,0.500000,33.980200,1,1,1,0,1,
804000,42.000000,0.500000,33.982000,1,1,1,0,1,
804100,42.000000,0.500000,33.983800,1,1,1,0,1,
804200,42.000000,0.500000,33.985600,1,1,1,0,1,
804300,42.000000,0.500000,33.987400,1,1,1,0,1,
804400,42.000000,0.500000,33.989200,1,1,1,0,1,
804500,42.000000,0.500000,33.991000,1,1,1,0,1,
804600,42.000000,0.500000,33.992800,1,1,1,0,1,
804700,42.000000,0.500000,33.994600,1,1,1,0,1,
804800,42.000000,0.500000,33.996400,1,1,1,0,1,
804900,42.000000,0.500000,33.998200,1,1,1,0,1,
805000,95.000000,0.500000,34.000000,1,1,1,0,1,
805100,95.000000,0.500000,34.001800,1,1,1,0,1,
805200,95.000000,0.500000,34.003600,1,1,1,0,1,
805300,95.000000,0.500000,34.005400,1,1,1,0,1,
805400,95.000000,0.500000,34.007200,1,1,1,0,1,
805500,95.000000,0.500000,34.009000,1,1,1,0,1,
805600,95.000000,0.500000,34.010800,1,1,1,0,1,
805700,95.000000,0.500000,34.012600,1,1,1,0,1,
805800,95.000000,0.500000,34.014400,1,1,1,0,1,
805900,95.000000,0.500000,34.016200,1,1,1,0,1,
806000,95.000000,0.500000,34.018000,1,1,1,0,1,
806100,95.000000,0.500000,34.019800,1,1,1,0,1,
806200,95.000000,0.500000,34.021600,1,1,1,0,1,
806300,95.000000,0.500000,34.023400,1,1,1,0,1,
806400,95.000000,0.500000,34.025200,1,1,1,0,1,
806500,95.000000,0.500000,34.027000,1,1,1,0,1,
806600,95.000000,0.500000,34.028800,1,1,1,0,1,
806700,95.000000,0.500000,34.030600,1,1,1,0,1,
806800,95.000000,0.500000,34.032400,1,1,1,0,1,
806900,95.000000,0.500000,34.034200,1,1,1,0,1,
807000,68.000000,0.500000,34.036000,1,1,1,0,1,
807100,68.000000,0.500000,34.037800,1,1,1,0,1,
807200,68.000000,0.500000,34.039600,1,1,1,0,1,
807300,68.000000,0.500000,34.041400,1,1,1,0,1,
807400,68.000000,0.500000,34.043200,1,1,1,0,1,
807500,68.000000,0.500000,34.045000,1,1,1,0,1,
807600,68.000000,0.500000,34.046800,1,1,1,0,1,
807700,68.000000,0.500000,34.048600,1,1,1,0,1,
807800,68.000000,0.500000,34.050400,1,1,1,0,1,
807900,68.000000,0.500000,34.052200,1,1,1,0,1,
808000,68.000000,0.500000,34.054000,1,1,1,0,1,
808100,68.000000,0.500000,34.055800,1,1,1,0,1,
808200,68.000000,0.500000,34.057600,1,1,1,0,1,
808300,68.000000,0.500000,34.059400,1,1,1,0,1,
808400,68.000000,0.500000,34.061200,1,1,1,0,1,
808500,68.000000,0.500000,34.063000,1,1,1,0,1,
808600,68.000000,0.500000,34.064800,1,1,1,0,1,
808700,68.000000,0.500000,34.066600,1,1,1,0,1,
808800,68.000000,0.500000,34.068400,1,1,1,0,1,
808900,68.000000,0.500000,34.070200,1,1,1,0,1,
809000,68.000000,0.500000,34.072000,1,1,1,0,1,
809100,68.000000,0.500000,34.073800,1,1,1,0,1,
809200,68.000000,0.500000,34.075600,1,1,1,0,1,
809300,68.000000,0.500000,34.077400,1,1,1,0,1,
809400,68.000000,0.500000,34.079200,1,1,1,0,1,
809500,68.000000,0.500000,34.081000,1,1,1,0,1,
809600,68.000000,0.500000,34.082800,1,1,1,0,1,
809700,68.000000,0.500000,34.084600,1,1,1,0,1,
809800,68.000000,0.500000,34.086400,1,1,1,0,1,
809900,68.000000,0.500000,34.088200,1,1,1,0,1,
810000,-25.000000,0.500000,34.090000,1,1,1,0,1,
810100,-25.000000,0.500000,34.091800,1,1,1,0,1,
810200,-25.000000,0.500000,34.093600,1,1,1,0,1,
810300,-25.000000,0.500000,34.095400,1,1,1,0,1,
810400,-25.000000,0.500000,34.097200,1,1,1,0,1,
810500,-25.000000,0.500000,34.099000,1,1,1,0,1,
810600,-25.000000,0.500000,34.100800,1,1,1,0,1,
810700,-25.000000,0.500000,34.102600,1,1,1,0,1,
810800,-25.000000,0.500000,34.104400,1,1,1,0,1,
810900,-25.000000,0.500000,34.106200,1,1,1,0,1,
811000,55.000000,0.500000,34.108000,1,1,1,0,1,
811100,55.000000,0.500000,34.109800,1,1,1,0,1,
811200,55.000000,0.500000,34.111600,1,1,1,0,1,
811300,55.000000,0.500000,34.113400,1,1,1,0,1,
811400,55.000000,0.500000,34.115200,1,1,1,0,1,
811500,55.000000,0.500000,34.117000,1,1,1,0,1,
811600,55.000000,0.500000,34.118800,1,1,1,0,1,
811700,55.000000,0.500000,34.120600,1,1,1,0,1,
811800,55.000000,0.500000,34.122400,1,1,1,0,1,
811900,55.000000,0.500000,34.124200,1,1,1,0,1,
812000,55.000000,0.500000,34.126000,1,1,1,0,1,
812100,55.000000,0.500000,34.127800,1,1,1,0,1,
812200,55.000000,0.500000,34.129600,1,1,1,0,1,
812300,55.000000,0.500000,34.131400,1,1,1,0,1,
812400,55.000000,0.500000,34.133200,1,1,1,0,1,
812500,55.000000,0.500000,34.135000,1,1,1,0,1,
812600,55.000000,0.500000,34.136800,1,1,1,0,1,
812700,55.000000,0.500000,34.138600,1,1,1,0,1,
812800,55.000000,0.500000,34.140400,1,1,1,0,1,
812900,55.000000,0.500000,34.142200,1,1,1,0,1,
813000,55.000000,0.500000,34.144000,1,1,1,0,1,
813100,55.000000,0.500000,34.145800,1,1,1,0,1,
813200,55.000000,0.500000,34.147600,1,1,1,0,1,
813300,55.000000,0.500000,34.149400,1,1,1,0,1,
813400,55.000000,0.500000,34.151200,1,1,1,0,1,
813500,55.000000,0.500000,34.153000,1,1,1,0,1,
813600,55.000000,0.500000,34.154800,1,1,1,0,1,
813700,55.000000,0.500000,34.156600,1,1,1,0,1,
813800,55.000000,0.500000,34.158400,1,1,1,0,1,
813900,55.000000,0.500000,34.160200,1,1,1,0,1,
814000,55.000000,0.500000,34.162000,1,1,1,0,1,
814100,55.000000,0.500000,34.163800,1,1,1,0,1,
814200,55.000000,0.500000,34.165600,1,1,1,0,1,
814300,55.000000,0.500000,34.167400,1,1,1,0,1,
814400,55.000000,0.500000,34.169200,1,1,1,0,1,
814500,55.000000,0.500000,34.171000,1,1,1,0,1,
814600,55.000000,0.500000,34.172800,1,1,1,0,1,
814700,55.000000,0.500000,34.174600,1,1,1,0,1,
814800,55.000000,0.500000,34.176400,1,1,1,0,1,
814900,55.000000,0.500000,34.178200,1,1,1,0,1,
815000,55.000000,0.500000,34.180000,1,1,1,0,1,
815100,55.000000,0.500000,34.181800,1,1,1,0,1,
815200,55.000000,0.500000,34.183600,1,1,1,0,1,
815300,55.000000,0.500000,34.185400,1,1,1,0,1,
815400,55.000000,0.500000,34.187200,1,1,1,0,1,
815500,55.000000,0.500000,34.189000,1,1,1,0,1,
815600,55.000000,0.500000,34.190800,1,1,1,0,1,
815700,55.000000,0.500000,34.192600,1,1,1,0,1,
815800,55.000000,0.500000,34.194400,1,1,1,0,1,
815900,55.000000,0.500000,34.196200,1,1,1,0,1,
816000,55.000000,0.500000,34.198000,1,1,1,0,1,
816100,55.000000,0.500000,34.199800,1,1,1,0,1,
816200,55.000000,0.500000,34.201600,1,1,1,0,1,
816300,55.000000,0.500000,34.203400,1,1,1,0,1,
816400,55.000000,0.500000,34.205200,1,1,1,0,1,
816500,55.000000,0.500000,34.207000,1,1,1,0,1,
816600,55.000000,0.500000,34.208800,1,1,1,0,1,
816700,55.000000,0.500000,34.210600,1,1,1,0,1,
816800,55.000000,0.500000,34.212400,1,1,1,0,1,
816900,55.000000,0.500000,34.214200,1,1,1,0,1,
817000,82.000000,0.500000,34.216000,1,1,1,0,1,
817100,82.000000,0.500000,34.217800,1,1,1,0,1,
817200,82.000000,0.500000,34.219600,1,1,1,0,1,
817300,82.000000,0.500000,34.221400,1,1,1,0,1,
817400,82.000000,0.500000,34.223200,1,1,1,0,1,
817500,82.000000,0.500000,34.225000,1,1,1,0,1,
817600,82.000000,0.500000,34.226800,1,1,1,0,1,
817700,82.000000,0.500000,34.228600,1,1,1,0,1,
817800,82.000000,0.500000,34.230400,1,1,1,0,1,
817900,82.000000,0.500000,34.232200,1,1,1,0,1,
818000,82.000000,0.500000,34.234000,1,1,1,0,1,
818100,82.000000,0.500000,34.235800,1,1,1,0,1,
818200,82.000000,0.500000,34.237600,1,1,1,0,1,
818300,82.000000,0.500000,34.239400,1,1,1,0,1,
818400,82.000000,0.500000,34.241200,1,1,1,0,1,
818500,82.000000,0.500000,34.243000,1,1,1,0,1,
818600,82.000000,0.500000,34.244800,1,1,1,0,1,
818700,82.000000,0.500000,34.246600,1,1,1,0,1,
818800,82.000000,0.500000,34.248400,1,1,1,0,1,
818900,82.000000,0.500000,34.250200,1,1,1,0,1,
819000,-15.000000,0.500000,34.252000,1,1,1,0,1,
819100,-15.000000,0.500000,34.253800,1,1,1,0,1,
819200,-15.000000,0.500000,34.255600,1,1,1,0,1,
819300,-15.000000,0.500000,34.257400,1,1,1,0,1,
819400,-15.000000,0.500000,34.259200,1,1,1,0,1,
819500,-15.000000,0.500000,34.261000,1,1,1,0,1,
819600,-15.000000,0.500000,34.262800,1,1,1,0,1,
819700,-15.000000,0.500000,34.264600,1,1,1,0,1,
819800,-15.000000,0.500000,34.266400,1,1,1,0,1,
819900,-15.000000,0.500000,34.268200,1,1,1,0,1,
820000,42.000000,0.500000,34.270000,1,1,1,0,1,
820100,42.000000,0.500000,34.271800,1,1,1,0,1,
820200,42.000000,0.500000,34.273600,1,1,1,0,1,
820300,42.000000,0.500000,34.275400,1,1,1,0,1,
820400,42.000000,0.500000,34.277200,1,1,1,0,1,
820500,42.000000,0.500000,34.279000,1,1,1,0,1,
820600,42.000000,0.500000,34.280800,1,1,1,0,1,
820700,42.000000,0.500000,34.282600,1,1,1,0,1,
820800,42.000000,0.500000,34.284400,1,1,1,0,1,
820900,42.000000,0.500000,34.286200,1,1,1,0,1,
821000,42.000000,0.500000,34.288000,1,1,1,0,1,
821100,42.000000,0.500000,34.289800,1,1,1,0,1,
821200,42.000000,0.500000,34.291600,1,1,1,0,1,
821300,42.000000,0.500000,34.293400,1,1,1,0,1,
821400,42.000000,0.500000,34.295200,1,1,1,0,1,
821500,42.000000,0.500000,34.297000,1,1,1,0,1,
821600,42.000000,0.500000,34.298800,1,1,1,0,1,
821700,42.000000,0.500000,34.300600,1,1,1,0,1,
821800,42.000000,0.500000,34.302400,1,1,1,0,1,
821900,42.000000,0.500000,34.304200,1,1,1,0,1,
822000,42.000000,0.500000,34.306000,1,1,1,0,1,
822100,42.000000,0.500000,34.307800,1,1,1,0,1,
822200,42.000000,0.500000,34.309600,1,1,1,0,1,
822300,42.000000,0.500000,34.311400,1,1,1,0,1,
822400,42.000000,0.500000,34.313200,1,1,1,0,1,
822500,42.000000,0.500000,34.315000,1,1,1,0,1,
822600,42.000000,0.500000,34.316800,1,1,1,0,1,
822700,42.000000,0.500000,34.318600,1,1,1,0,1,
822800,42.000000,0.500000,34.320400,1,1,1,0,1,
822900,42.000000,0.500000,34.322200,1,1,1,0,1,
823000,42.000000,0.500000,34.324000,1,1,1,0,1,
823100,42.000000,0.500000,34.325800,1,1,1,0,1,
823200,42.000000,0.500000,34.327600,1,1,1,0,1,
823300,42.000000,0.500000,34.329400,1,1,1,0,1,
823400,42.000000,0.500000,34.331200,1,1,1,0,1,
823500,42.000000,0.500000,34.333000,1,1,1,0,1,
823600,42.000000,0.500000,34.334800,1,1,1,0,1,
823700,42.000000,0.500000,34.336600,1,1,1,0,1,
823800,42.000000,0.500000,34.338400,1,1,1,0,1,
823900,42.000000,0.500000,34.340200,1,1,1,0,1,
824000,42.000000,0.500000,34.342000,1,1,1,0,1,
824100,42.000000,0.500000,34.343800,1,1,1,0,1,
824200,42.000000,0.500000,34.345600,1,1,1,0,1,
824300,42.000000,0.500000,34.347400,1,1,1,0,1,
824400,42.000000,0.500000,34.349200,1,1,1,0,1,
824500,42.000000,0.500000,34.351000,1,1,1,0,1,
824600,42.000000,0.500000,34.352800,1,1,1,0,1,
824700,42.000000,0.500000,34.354600,1,1,1,0,1,
824800,42.000000,0.500000,34.356400,1,1,1,0,1,
824900,42.000000,0.500000,34.358200,1,1,1,0,1,
825000,95.000000,0.500000,34.360000,1,1,1,0,1,
825100,95.000000,0.500000,34.361800,1,1,1,0,1,
825200,95.000000,0.500000,34.363600,1,1,1,0,1,
825300,95.000000,0.500000,34.365400,1,1,1,0,1,
825400,95.000000,0.500000,34.367200,1,1,1,0,1,
825500,95.000000,0.500000,34.369000,1,1,1,0,1,
825600,95.000000,0.500000,34.370800,1,1,1,0,1,
825700,95.000000,0.500000,34.372600,1,1,1,0,1,
825800,95.000000,0.500000,34.374400,1,1,1,0,1,
825900,95.000000,0.500000,34.376200,1,1,1,0,1,
826000,95.000000,0.500000,34.378000,1,1,1,0,1,
826100,95.000000,0.500000,34.379800,1,1,1,0,1,
826200,95.000000,0.500000,34.381600,1,1,1,0,1,
826300,95.000000,0.500000,34.383400,1,1,1,0,1,
826400,95.000000,0.500000,34.385200,1,1,1,0,1,
826500,95.000000,0.500000,34.387000,1,1,1,0,1,
826600,95.000000,0.500000,34.388800,1,1,1,0,1,
826700,95.000000,0.500000,34.390600,1,1,1,0,1,
826800,95.000000,0.500000,34.392400,1,1,1,0,1,
826900,95.000000,0.500000,34.394200,1,1,1,0,1,
827000,68.000000,0.500000,34.396000,1,1,1,0,1,
827100,68.000000,0.500000,34.397800,1,1,1,0,1,
827200,68.000000,0.500000,34.399600,1,1,1,0,1,
827300,68.000000,0.500000,34.401400,1,1,1,0,1,
827400,68.000000,0.500000,34.403200,1,1,1,0,1,
827500,68.000000,0.500000,34.405000,1,1,1,0,1,
827600,68.000000,0.500000,34.406800,1,1,1,0,1,
827700,68.000000,0.500000,34.408600,1,1,1,0,1,
827800,68.000000,0.500000,34.410400,1,1,1,0,1,
827900,68.000000,0.500000,34.412200,1,1,1,0,1,
828000,68.000000,0.500000,34.414000,1,1,1,0,1,
828100,68.000000,0.500000,34.415800,1,1,1,0,1,
828200,68.000000,0.500000,34.417600,1,1,1,0,1,
828300,68.000000,0.500000,34.419400,1,1,1,0,1,
828400,68.000000,0.500000,34.421200,1,1,1,0,1,
828500,68.000000,0.500000,34.423000,1,1,1,0,1,
828600,68.000000,0.500000,34.424800,1,1,1,0,1,
828700,68.000000,0.500000,34.426600,1,1,1,0,1,
828800,68.000000,0.500000,34.428400,1,1,1,0,1,
828900,68.000000,0.500000,34.430200,1,1,1,0,1,
829000,68.000000,0.500000,34.432000,1,1,1,0,1,
829100,68.000000,0.500000,34.433800,1,1,1,0,1,
829200,68.000000,0.500000,34.435600,1,1,1,0,1,
829300,68.000000,0.500000,34.437400,1,1,1,0,1,
829400,68.000000,0.500000,34.439200,1,1,1,0,1,
829500,68.000000,0.500000,34.441000,1,1,1,0,1,
829600,68.000000,0.500000,34.442800,1,1,1,0,1,
829700,68.000000,0.500000,34.444600,1,1,1,0,1,
829800,68.000000,0.500000,34.446400,1,1,1,0,1,
829900,68.000000,0.500000,34.448200,1,1,1,0,1,
830000,-25.000000,0.500000,34.450000,1,1,1,0,1,
830100,-25.000000,0.500000,34.451800,1,1,1,0,1,
830200,-25.000000,0.500000,34.453600,1,1,1,0,1,
830300,-25.000000,0.500000,34.455400,1,1,1,0,1,
830400,-25.000000,0.500000,34.457200,1,1,1,0,1,
830500,-25.000000,0.500000,34.459000,1,1,1,0,1,
830600,-25.000000,0.500000,34.460800,1,1,1,0,1,
830700,-25.000000,0.500000,34.462600,1,1,1,0,1,
830800,-25.000000,0.500000,34.464400,1,1,1,0,1,
830900,-25.000000,0.500000,34.466200,1,1,1,0,1,
831000,55.000000,0.500000,34.468000,1,1,1,0,1,
831100,55.000000,0.500000,34.469800,1,1,1,0,1,
831200,55.000000,0.500000,34.471600,1,1,1,0,1,
831300,55.000000,0.500000,34.473400,1,1,1,0,1,
831400,55.000000,0.500000,34.475200,1,1,1,0,1,
831500,55.000000,0.500000,34.477000,1,1,1,0,1,
831600,55.000000,0.500000,34.478800,1,1,1,0,1,
831700,55.000000,0.500000,34.480600,1,1,1,0,1,
831800,55.000000,0.500000,34.482400,1,1,1,0,1,
831900,55.000000,0.500000,34.484200,1,1,1,0,1,
832000,55.000000,0.500000,34.486000,1,1,1,0,1,
832100,55.000000,0.500000,34.487800,1,1,1,0,1,
832200,55.000000,0.500000,34.489600,1,1,1,0,1,
832300,55.000000,0.500000,34.491400,1,1,1,0,1,
832400,55.000000,0.500000,34.493200,1,1,1,0,1,
832500,55.000000,0.500000,34.495000,1,1,1,0,1,
832600,55.000000,0.500000,34.496800,1,1,1,0,1,
832700,55.000000,0.500000,34.498600,1,1,1,0,1,
832800,55.000000,0.500000,34.500400,1,1,1,0,1,
832900,55.000000,0.500000,34.502200,1,1,1,0,1,
833000,55.000000,0.500000,34.504000,1,1,1,0,1,
833100,55.000000,0.500000,34.505800,1,1,1,0,1,
833200,55.000000,0.500000,34.507600,1,1,1,0,1,
833300,55.000000,0.500000,34.509400,1,1,1,0,1,
833400,55.000000,0.500000,34.511200,1,1,1,0,1,
833500,55.000000,0.500000,34.513000,1,1,1,0,1,
833600,55.000000,0.500000,34.514800,1,1,1,0,1,
833700,55.000000,0.500000,34.516600,1,1,1,0,1,
833800,55.000000,0.500000,34.518400,1,1,1,0,1,
833900,55.000000,0.500000,34.520200,1,1,1,0,1,
834000,55.000000,0.500000,34.522000,1,1,1,0,1,
834100,55.000000,0.500000,34.523800,1,1,1,0,1,
834200,55.000000,0.500000,34.525600,1,1,1,0,1,
834300,55.000000,0.500000,34.527400,1,1,1,0,1,
834400,55.000000,0.500000,34.529200,1,1,1,0,1,
834500,55.000000,0.500000,34.531000,1,1,1,0,1,
834600,55.000000,0.500000,34.532800,1,1,1,0,1,
834700,55.000000,0.500000,34.534600,1,1,1,0,1,
834800,55.000000,0.500000,34.536400,1,1,1,0,1,
834900,55.000000,0.500000,34.538200,1,1,1,0,1,
835000,55.000000,0.500000,34.540000,1,1,1,0,1,
835100,55.000000,0.500000,34.541800,1,1,1,0,1,
835200,55.000000,0.500000,34.543600,1,1,1,0,1,
835300,55.000000,0.500000,34.545400,1,1,1,0,1,
835400,55.000000,0.500000,34.547200,1,1,1,0,1,
835500,55.000000,0.500000,34.549000,1,1,1,0,1,
835600,55.000000,0.500000,34.550800,1,1,1,0,1,
835700,55.000000,0.500000,34.552600,1,1,1,0,1,
835800,55.000000,0.500000,34.554400,1,1,1,0,1,
835900,55.000000,0.500000,34.556200,1,1,1,0,1,
836000,55.000000,0.500000,34.558000,1,1,1,0,1,
836100,55.000000,0.500000,34.559800,1,1,1,0,1,
836200,55.000000,0.500000,34.561600,1,1,1,0,1,
836300,55.000000,0.500000,34.563400,1,1,1,0,1,
836400,55.000000,0.500000,34.565200,1,1,1,0,1,
836500,55.000000,0.500000,34.567000,1,1,1,0,1,
836600,55.000000,0.500000,34.568800,1,1,1,0,1,
836700,55.000000,0.500000,34.570600,1,1,1,0,1,
836800,55.000000,0.500000,34.572400,1,1,1,0,1,
836900,55.000000,0.500000,34.574200,1,1,1,0,1,
837000,82.000000,0.500000,34.576000,1,1,1,0,1,
837100,82.000000,0.500000,34.577800,1,1,1,0,1,
837200,82.000000,0.500000,34.579600,1,1,1,0,1,
837300,82.000000,0.500000,34.581400,1,1,1,0,1,
837400,82.000000,0.500000,34.583200,1,1,1,0,1,
837500,82.000000,0.500000,34.585000,1,1,1,0,1,
837600,82.000000,0.500000,34.586800,1,1,1,0,1,
837700,82.000000,0.500000,34.588600,1,1,1,0,1,
837800,82.000000,0.500000,34.590400,1,1,1,0,1,
837900,82.000000,0.500000,34.592200,1,1,1,0,1,
838000,82.000000,0.500000,34.594000,1,1,1,0,1,
838100,82.000000,0.500000,34.595800,1,1,1,0,1,
838200,82.000000,0.500000,34.597600,1,1,1,0,1,
838300,82.000000,0.500000,34.599400,1,1,1,0,1,
838400,82.000000,0.500000,34.601200,1,1,1,0,1,
838500,82.000000,0.500000,34.603000,1,1,1,0,1,
838600,82.000000,0.500000,34.604800,1,1,1,0,1,
838700,82.000000,0.500000,34.606600,1,1,1,0,1,
838800,82.000000,0.500000,34.608400,1,1,1,0,1,
838900,82.000000,0.500000,34.610200,1,1,1,0,1,
839000,-15.000000,0.500000,34.612000,1,1,1,0,1,
839100,-15.000000,0.500000,34.613800,1,1,1,0,1,
839200,-15.000000,0.500000,34.615600,1,1,1,0,1,
839300,-15.000000,0.500000,34.617400,1,1,1,0,1,
839400,-15.000000,0.500000,34.619200,1,1,1,0,1,
839500,-15.000000,0.500000,34.621000,1,1,1,0,1,
839600,-15.000000,0.500000,34.622800,1,1,1,0,1,
839700,-15.000000,0.500000,34.624600,1,1,1,0,1,
839800,-15.000000,0.500000,34.626400,1,1,1,0,1,
839900,-15.000000,0.500000,34.628200,1,1,1,0,1,
840000,42.000000,0.500000,34.630000,1,1,1,0,1,
840100,42.000000,0.500000,34.631800,1,1,1,0,1,
840200,42.000000,0.500000,34.633600,1,1,1,0,1,
840300,42.000000,0.500000,34.635400,1,1,1,0,1,
840400,42.000000,0.500000,34.637200,1,1,1,0,1,
840500,42.000000,0.500000,34.639000,1,1,1,0,1,
840600,42.000000,0.500000,34.640800,1,1,1,0,1,
840700,42.000000,0.500000,34.642600,1,1,1,0,1,
840800,42.000000,0.500000,34.644400,1,1,1,0,1,
840900,42.000000,0.500000,34.646200,1,1,1,0,1,
841000,42.000000,0.500000,34.648000,1,1,1,0,1,
841100,42.000000,0.500000,34.649800,1,1,1,0,1,
841200,42.000000,0.500000,34.651600,1,1,1,0,1,
841300,42.000000,0.500000,34.653400,1,1,1,0,1,
841400,42.000000,0.500000,34.655200,1,1,1,0,1,
841500,42.000000,0.500000,34.657000,1,1,1,0,1,
841600,42.000000,0.500000,34.658800,1,1,1,0,1,
841700,42.000000,0.500000,34.660600,1,1,1,0,1,
841800,42.000000,0.500000,34.662400,1,1,1,0,1,
841900,42.000000,0.500000,34.664200,1,1,1,0,1,
842000,42.000000,0.500000,34.666000,1,1,1,0,1,
842100,42.000000,0.500000,34.667800,1,1,1,0,1,
842200,42.000000,0.500000,34.669600,1,1,1,0,1,
842300,42.000000,0.500000,34.671400,1,1,1,0,1,
842400,42.000000,0.500000,34.673200,1,1,1,0,1,
842500,42.000000,0.500000,34.675000,1,1,1,0,1,
842600,42.000000,0.500000,34.676800,1,1,1,0,1,
842700,42.000000,0.500000,34.678600,1,1,1,0,1,
842800,42.000000,0.500000,34.680400,1,1,1,0,1,
842900,42.000000,0.500000,34.682200,1,1,1,0,1,
843000,42.000000,0.500000,34.684000,1,1,1,0,1,
843100,42.000000,0.500000,34.685800,1,1,1,0,1,
843200,42.000000,0.500000,34.687600,1,1,1,0,1,
843300,42.000000,0.500000,34.689400,1,1,1,0,1,
843400,42.000000,0.500000,34.691200,1,1,1,0,1,
843500,42.000000,0.500000,34.693000,1,1,1,0,1,
843600,42.000000,0.500000,34.694800,1,1,1,0,1,
843700,42.000000,0.500000,34.696600,1,1,1,0,1,
843800,42.000000,0.500000,34.698400,1,1,1,0,1,
843900,42.000000,0.500000,34.700200,1,1,1,0,1,
844000,42.000000,0.500000,34.702000,1,1,1,0,1,
844100,42.000000,0.500000,34.703800,1,1,1,0,1,
844200,42.000000,0.500000,34.705600,1,1,1,0,1,
844300,42.000000,0.500000,34.707400,1,1,1,0,1,
844400,42.000000,0.500000,34.709200,1,1,1,0,1,
844500,42.000000,0.500000,34.711000,1,1,1,0,1,
844600,42.000000,0.500000,34.712800,1,1,1,0,1,
844700,42.000000,0.500000,34.714600,1,1,1,0,1,
844800,42.000000,0.500000,34.716400,1,1,1,0,1,
844900,42.000000,0.500000,34.718200,1,1,1,0,1,
845000,95.000000,0.500000,34.720000,1,1,1,0,1,
845100,95.000000,0.500000,34.721800,1,1,1,0,1,
845200,95.000000,0.500000,34.723600,1,1,1,0,1,
845300,95.000000,0.500000,34.725400,1,1,1,0,1,
845400,95.000000,0.500000,34.727200,1,1,1,0,1,
845500,95.000000,0.500000,34.729000,1,1,1,0,1,
845600,95.000000,0.500000,34.730800,1,1,1,0,1,
845700,95.000000,0.500000,34.732600,1,1,1,0,1,
845800,95.000000,0.500000,34.734400,1,1,1,0,1,
845900,95.000000,0.500000,34.736200,1,1,1,0,1,
846000,95.000000,0.500000,34.738000,1,1,1,0,1,
846100,95.000000,0.500000,34.739800,1,1,1,0,1,
846200,95.000000,0.500000,34.741600,1,1,1,0,1,
846300,95.000000,0.500000,34.743400,1,1,1,0,1,
846400,95.000000,0.500000,34.745200,1,1,1,0,1,
846500,95.000000,0.500000,34.747000,1,1,1,0,1,
846600,95.000000,0.500000,34.748800,1,1,1,0,1,
846700,95.000000,0.500000,34.750600,1,1,1,0,1,
846800,95.000000,0.500000,34.752400,1,1,1,0,1,
846900,95.000000,0.500000,34.754200,1,1,1,0,1,
847000,68.000000,0.500000,34.756000,1,1,1,0,1,
847100,68.000000,0.500000,34.757800,1,1,1,0,1,
847200,68.000000,0.500000,34.759600,1,1,1,0,1,
847300,68.000000,0.500000,34.761400,1,1,1,0,1,
847400,68.000000,0.500000,34.763200,1,1,1,0,1,
847500,68.000000,0.500000,34.765000,1,1,1,0,1,
847600,68.000000,0.500000,34.766800,1,1,1,0,1,
847700,68.000000,0.500000,34.768600,1,1,1,0,1,
847800,68.000000,0.500000,34.770400,1,1,1,0,1,
847900,68.000000,0.500000,34.772200,1,1,1,0,1,
848000,68.000000,0.500000,34.774000,1,1,1,0,1,
848100,68.000000,0.500000,34.775800,1,1,1,0,1,
848200,68.000000,0.500000,34.777600,1,1,1,0,1,
848300,68.000000,0.500000,34.779400,1,1,1,0,1,
848400,68.000000,0.500000,34.781200,1,1,1,0,1,
848500,68.000000,0.500000,34.783000,1,1,1,0,1,
848600,68.000000,0.500000,34.784800,1,1,1,0,1,
848700,68.000000,0.500000,34.786600,1,1,1,0,1,
848800,68.000000,0.500000,34.788400,1,1,1,0,1,
848900,68.000000,0.500000,34.790200,1,1,1,0,1,
849000,68.000000,0.500000,34.792000,1,1,1,0,1,
849100,68.000000,0.500000,34.793800,1,1,1,0,1,
849200,68.000000,0.500000,34.795600,1,1,1,0,1,
849300,68.000000,0.500000,34.797400,1,1,1,0,1,
849400,68.000000,0.500000,34.799200,1,1,1,0,1,
849500,68.000000,0.500000,34.801000,1,1,1,0,1,
849600,68.000000,0.500000,34.802800,1,1,1,0,1,
849700,68.000000,0.500000,34.804600,1,1,1,0,1,
849800,68.000000,0.500000,34.806400,1,1,1,0,1,
849900,68.000000,0.500000,34.808200,1,1,1,0,1,
850000,-25.000000,0.500000,34.810000,1,1,1,0,1,
850100,-25.000000,0.500000,34.811800,1,1,1,0,1,
850200,-25.000000,0.500000,34.813600,1,1,1,0,1,
850300,-25.000000,0.500000,34.815400,1,1,1,0,1,
850400,-25.000000,0.500000,34.817200,1,1,1,0,1,
850500,-25.000000,0.500000,34.819000,1,1,1,0,1,
850600,-25.000000,0.500000,34.820800,1,1,1,0,1,
850700,-25.000000,0.500000,34.822600,1,1,1,0,1,
850800,-25.000000,0.500000,34.824400,1,1,1,0,1,
850900,-25.000000,0.500000,34.826200,1,1,1,0,1,
851000,55.000000,0.500000,34.828000,1,1,1,0,1,
851100,55.000000,0.500000,34.829800,1,1,1,0,1,
851200,55.000000,0.500000,34.831600,1,1,1,0,1,
851300,55.000000,0.500000,34.833400,1,1,1,0,1,
851400,55.000000,0.500000,34.835200,1,1,1,0,1,
851500,55.000000,0.500000,34.837000,1,1,1,0,1,
851600,55.000000,0.500000,34.838800,1,1,1,0,1,
851700,55.000000,0.500000,34.840600,1,1,1,0,1,
851800,55.000000,0.500000,34.842400,1,1,1,0,1,
851900,55.000000,0.500000,34.844200,1,1,1,0,1,
852000,55.000000,0.500000,34.846000,1,1,1,0,1,
852100,55.000000,0.500000,34.847800,1,1,1,0,1,
852200,55.000000,0.500000,34.849600,1,1,1,0,1,
852300,55.000000,0.500000,34.851400,1,1,1,0,1,
852400,55.000000,0.500000,34.853200,1,1,1,0,1,
852500,55.000000,0.500000,34.855000,1,1,1,0,1,
852600,55.000000,0.500000,34.856800,1,1,1,0,1,
852700,55.000000,0.500000,34.858600,1,1,1,0,1,
852800,55.000000,0.500000,34.860400,1,1,1,0,1,
852900,55.000000,0.500000,34.862200,1,1,1,0,1,
853000,55.000000,0.500000,34.864000,1,1,1,0,1,
853100,55.000000,0.500000,34.865800,1,1,1,0,1,
853200,55.000000,0.500000,34.867600,1,1,1,0,1,
853300,55.000000,0.500000,34.869400,1,1,1,0,1,
853400,55.000000,0.500000,34.871200,1,1,1,0,1,
853500,55.000000,0.500000,34.873000,1,1,1,0,1,
853600,55.000000,0.500000,34.874800,1,1,1,0,1,
853700,55.000000,0.500000,34.876600,1,1,1,0,1,
853800,55.000000,0.500000,34.878400,1,1,1,0,1,
853900,55.000000,0.500000,34.880200,1,1,1,0,1,
854000,55.000000,0.500000,34.882000,1,1,1,0,1,
854100,55.000000,0.500000,34.883800,1,1,1,0,1,
854200,55.000000,0.500000,34.885600,1,1,1,0,1,
854300,55.000000,0.500000,34.887400,1,1,1,0,1,
854400,55.000000,0.500000,34.889200,1,1,1,0,1,
854500,55.000000,0.500000,34.891000,1,1,1,0,1,
854600,55.000000,0.500000,34.892800,1,1,1,0,1,
854700,55.000000,0.500000,34.894600,1,1,1,0,1,
854800,55.000000,0.500000,34.896400,1,1,1,0,1,
854900,55.000000,0.500000,34.898200,1,1,1,0,1,
855000,55.000000,0.500000,34.900000,1,1,1,0,1,
855100,55.000000,0.500000,34.901800,1,1,1,0,1,
855200,55.000000,0.500000,34.903600,1,1,1,0,1,
855300,55.000000,0.500000,34.905400,1,1,1,0,1,
855400,55.000000,0.500000,34.907200,1,1,1,0,1,
855500,55.000000,0.500000,34.909000,1,1,1,0,1,
855600,55.000000,0.500000,34.910800,1,1,1,0,1,
855700,55.000000,0.500000,34.912600,1,1,1,0,1,
855800,55.000000,0.500000,34.914400,1,1,1,0,1,
855900,55.000000,0.500000,34.916200,1,1,1,0,1,
856000,55.000000,0.500000,34.918000,1,1,1,0,1,
856100,55.000000,0.500000,34.919800,1,1,1,0,1,
856200,55.000000,0.500000,34.921600,1,1,1,0,1,
856300,55.000000,0.500000,34.923400,1,1,1,0,1,
856400,55.000000,0.500000,34.925200,1,1,1,0,1,
856500,55.000000,0.500000,34.927000,1,1,1,0,1,
856600,55.000000,0.500000,34.928800,1,1,1,0,1,
856700,55.000000,0.500000,34.930600,1,1,1,0,1,
856800,55.000000,0.500000,34.932400,1,1,1,0,1,
856900,55.000000,0.500000,34.934200,1,1,1,0,1,
857000,82.000000,0.500000,34.936000,1,1,1,0,1,
857100,82.000000,0.500000,34.937800,1,1,1,0,1,
857200,82.000000,0.500000,34.939600,1,1,1,0,1,
857300,82.000000,0.500000,34.941400,1,1,1,0,1,
857400,82.000000,0.500000,34.943200,1,1,1,0,1,
857500,82.000000,0.500000,34.945000,1,1,1,0,1,
857600,82.000000,0.500000,34.946800,1,1,1,0,1,
857700,82.000000,0.500000,34.948600,1,1,1,0,1,
857800,82.000000,0.500000,34.950400,1,1,1,0,1,
857900,82.000000,0.500000,34.952200,1,1,1,0,1,
858000,82.000000,0.500000,34.954000,1,1,1,0,1,
858100,82.000000,0.500000,34.955800,1,1,1,0,1,
858200,82.000000,0.500000,34.957600,1,1,1,0,1,
858300,82.000000,0.500000,34.959400,1,1,1,0,1,
858400,82.000000,0.500000,34.961200,1,1,1,0,1,
858500,82.000000,0.500000,34.963000,1,1,1,0,1,
858600,82.000000,0.500000,34.964800,1,1,1,0,1,
858700,82.000000,0.500000,34.966600,1,1,1,0,1,
858800,82.000000,0.500000,34.968400,1,1,1,0,1,
858900,82.000000,0.500000,34.970200,1,1,1,0,1,
859000,-15.000000,0.500000,34.972000,1,1,1,0,1,
859100,-15.000000,0.500000,34.973800,1,1,1,0,1,
859200,-15.000000,0.500000,34.975600,1,1,1,0,1,
859300,-15.000000,0.500000,34.977400,1,1,1,0,1,
859400,-15.000000,0.500000,34.979200,1,1,1,0,1,
859500,-15.000000,0.500000,34.981000,1,1,1,0,1,
859600,-15.000000,0.500000,34.982800,1,1,1,0,1,
859700,-15.000000,0.500000,34.984600,1,1,1,0,1,
859800,-15.000000,0.500000,34.986400,1,1,1,0,1,
859900,-15.000000,0.500000,34.988200,1,1,1,0,1,
860000,42.000000,0.500000,34.990000,1,1,1,0,1,
860100,42.000000,0.500000,34.991800,1,1,1,0,1,
860200,42.000000,0.500000,34.993600,1,1,1,0,1,
860300,42.000000,0.500000,34.995400,1,1,1,0,1,
860400,42.000000,0.500000,34.997200,1,1,1,0,1,
860500,42.000000,0.500000,34.999000,1,1,1,0,1,
860600,42.000000,0.500000,35.000800,1,1,1,0,1,
860700,42.000000,0.500000,35.002600,1,1,1,0,1,
860800,42.000000,0.500000,35.004400,1,1,1,0,1,
860900,42.000000,0.500000,35.006200,1,1,1,0,1,
861000,42.000000,0.500000,35.008000,1,1,1,0,1,
861100,42.000000,0.500000,35.009800,1,1,1,0,1,
861200,42.000000,0.500000,35.011600,1,1,1,0,1,
861300,42.000000,0.500000,35.013400,1,1,1,0,1,
861400,42.000000,0.500000,35.015200,1,1,1,0,1,
861500,42.000000,0.500000,35.017000,1,1,1,0,1,
861600,42.000000,0.500000,35.018800,1,1,1,0,1,
861700,42.000000,0.500000,35.020600,1,1,1,0,1,
861800,42.000000,0.500000,35.022400,1,1,1,0,1,
861900,42.000000,0.500000,35.024200,1,1,1,0,1,
862000,42.000000,0.500000,35.026000,1,1,1,0,1,
862100,42.000000,0.500000,35.027800,1,1,1,0,1,
862200,42.000000,0.500000,35.029600,1,1,1,0,1,
862300,42.000000,0.500000,35.031400,1,1,1,0,1,
862400,42.000000,0.500000,35.033200,1,1,1,0,1,
862500,42.000000,0.500000,35.035000,1,1,1,0,1,
862600,42.000000,0.500000,35.036800,1,1,1,0,1,
862700,42.000000,0.500000,35.038600,1,1,1,0,1,
862800,42.000000,0.500000,35.040400,1,1,1,0,1,
862900,42.000000,0.500000,35.042200,1,1,1,0,1,
863000,42.000000,0.500000,35.044000,1,1,1,0,1,
863100,42.000000,0.500000,35.045800,1,1,1,0,1,
863200,42.000000,0.500000,35.047600,1,1,1,0,1,
863300,42.000000,0.500000,35.049400,1,1,1,0,1,
863400,42.000000,0.500000,35.051200,1,1,1,0,1,
863500,42.000000,0.500000,35.053000,1,1,1,0,1,
863600,42.000000,0.500000,35.054800,1,1,1,0,1,
863700,42.000000,0.500000,35.056600,1,1,1,0,1,
863800,42.000000,0.500000,35.058400,1,1,1,0,1,
863900,42.000000,0.500000,35.060200,1,1,1,0,1,
864000,42.000000,0.500000,35.062000,1,1,1,0,1,
864100,42.000000,0.500000,35.063800,1,1,1,0,1,
864200,42.000000,0.500000,35.065600,1,1,1,0,1,
864300,42.000000,0.500000,35.067400,1,1,1,0,1,
864400,42.000000,0.500000,35.069200,1,1,1,0,1,
864500,42.000000,0.500000,35.071000,1,1,1,0,1,
864600,42.000000,0.500000,35.072800,1,1,1,0,1,
864700,42.000000,0.500000,35.074600,1,1,1,0,1,
864800,42.000000,0.500000,35.076400,1,1,1,0,1,
864900,42.000000,0.500000,35.078200,1,1,1,0,1,
865000,95.000000,0.500000,35.080000,1,1,1,0,1,
865100,95.000000,0.500000,35.081800,1,1,1,0,1,
865200,95.000000,0.500000,35.083600,1,1,1,0,1,
865300,95.000000,0.500000,35.085400,1,1,1,0,1,
865400,95.000000,0.500000,35.087200,1,1,1,0,1,
865500,95.000000,0.500000,35.089000,1,1,1,0,1,
865600,95.000000,0.500000,35.090800,1,1,1,0,1,
865700,95.000000,0.500000,35.092600,1,1,1,0,1,
865800,95.000000,0.500000,35.094400,1,1,1,0,1,
865900,95.000000,0.500000,35.096200,1,1,1,0,1,
866000,95.000000,0.500000,35.098000,1,1,1,0,1,
866100,95.000000,0.500000,35.099800,1,1,1,0,1,
866200,95.000000,0.500000,35.101600,1,1,1,0,1,
866300,95.000000,0.500000,35.103400,1,1,1,0,1,
866400,95.000000,0.500000,35.105200,1,1,1,0,1,
866500,95.000000,0.500000,35.107000,1,1,1,0,1,
866600,95.000000,0.500000,35.108800,1,1,1,0,1,
866700,95.000000,0.500000,35.110600,1,1,1,0,1,
866800,95.000000,0.500000,35.112400,1,1,1,0,1,
866900,95.000000,0.500000,35.114200,1,1,1,0,1,
867000,68.000000,0.500000,35.116000,1,1,1,0,1,
867100,68.000000,0.500000,35.117800,1,1,1,0,1,
867200,68.000000,0.500000,35.119600,1,1,1,0,1,
867300,68.000000,0.500000,35.121400,1,1,1,0,1,
867400,68.000000,0.500000,35.123200,1,1,1,0,1,
867500,68.000000,0.500000,35.125000,1,1,1,0,1,
867600,68.000000,0.500000,35.126800,1,1,1,0,1,
867700,68.000000,0.500000,35.128600,1,1,1,0,1,
867800,68.000000,0.500000,35.130400,1,1,1,0,1,
867900,68.000000,0.500000,35.132200,1,1,1,0,1,
868000,68.000000,0.500000,35.134000,1,1,1,0,1,
868100,68.000000,0.500000,35.135800,1,1,1,0,1,
868200,68.000000,0.500000,35.137600,1,1,1,0,1,
868300,68.000000,0.500000,35.139400,1,1,1,0,1,
868400,68.000000,0.500000,35.141200,1,1,1,0,1,
868500,68.000000,0.500000,35.143000,1,1,1,0,1,
868600,68.000000,0.500000,35.144800,1,1,1,0,1,
868700,68.000000,0.500000,35.146600,1,1,1,0,1,
868800,68.000000,0.500000,35.148400,1,1,1,0,1,
868900,68.000000,0.500000,35.150200,1,1,1,0,1,
869000,68.000000,0.500000,35.152000,1,1,1,0,1,
869100,68.000000,0.500000,35.153800,1,1,1,0,1,
869200,68.000000,0.500000,35.155600,1,1,1,0,1,
869300,68.000000,0.500000,35.157400,1,1,1,0,1,
869400,68.000000,0.500000,35.159200,1,1,1,0,1,
869500,68.000000,0.500000,35.161000,1,1,1,0,1,
869600,68.000000,0.500000,35.162800,1,1,1,0,1,
869700,68.000000,0.500000,35.164600,1,1,1,0,1,
869800,68.000000,0.500000,35.166400,1,1,1,0,1,
869900,68.000000,0.500000,35.168200,1,1,1,0,1,
870000,-25.000000,0.500000,35.170000,1,1,1,0,1,
870100,-25.000000,0.500000,35.171800,1,1,1,0,1,
870200,-25.000000,0.500000,35.173600,1,1,1,0,1,
870300,-25.000000,0.500000,35.175400,1,1,1,0,1,
870400,-25.000000,0.500000,35.177200,1,1,1,0,1,
870500,-25.000000,0.500000,35.179000,1,1,1,0,1,
870600,-25.000000,0.500000,35.180800,1,1,1,0,1,
870700,-25.000000,0.500000,35.182600,1,1,1,0,1,
870800,-25.000000,0.500000,35.184400,1,1,1,0,1,
870900,-25.000000,0.500000,35.186200,1,1,1,0,1,
871000,55.000000,0.500000,35.188000,1,1,1,0,1,
871100,55.000000,0.500000,35.189800,1,1,1,0,1,
871200,55.000000,0.500000,35.191600,1,1,1,0,1,
871300,55.000000,0.500000,35.193400,1,1,1,0,1,
871400,55.000000,0.500000,35.195200,1,1,1,0,1,
871500,55.000000,0.500000,35.197000,1,1,1,0,1,
871600,55.000000,0.500000,35.198800,1,1,1,0,1,
871700,55.000000,0.500000,35.200600,1,1,1,0,1,
871800,55.000000,0.500000,35.202400,1,1,1,0,1,
871900,55.000000,0.500000,35.204200,1,1,1,0,1,
872000,55.000000,0.500000,35.206000,1,1,1,0,1,
872100,55.000000,0.500000,35.207800,1,1,1,0,1,
872200,55.000000,0.500000,35.209600,1,1,1,0,1,
872300,55.000000,0.500000,35.211400,1,1,1,0,1,
872400,55.000000,0.500000,35.213200,1,1,1,0,1,
872500,55.000000,0.500000,35.215000,1,1,1,0,1,
872600,55.000000,0.500000,35.216800,1,1,1,0,1,
872700,55.000000,0.500000,35.218600,1,1,1,0,1,
872800,55.000000,0.500000,35.220400,1,1,1,0,1,
872900,55.000000,0.500000,35.222200,1,1,1,0,1,
873000,55.000000,0.500000,35.224000,1,1,1,0,1,
873100,55.000000,0.500000,35.225800,1,1,1,0,1,
873200,55.000000,0.500000,35.227600,1,1,1,0,1,
873300,55.000000,0.500000,35.229400,1,1,1,0,1,
873400,55.000000,0.500000,35.231200,1,1,1,0,1,
873500,55.000000,0.500000,35.233000,1,1,1,0,1,
873600,55.000000,0.500000,35.234800,1,1,1,0,1,
873700,55.000000,0.500000,35.236600,1,1,1,0,1,
873800,55.000000,0.500000,35.238400,1,1,1,0,1,
873900,55.000000,0.500000,35.240200,1,1,1,0,1,
874000,55.000000,0.500000,35.242000,1,1,1,0,1,
874100,55.000000,0.500000,35.243800,1,1,1,0,1,
874200,55.000000,0.500000,35.245600,1,1,1,0,1,
874300,55.000000,0.500000,35.247400,1,1,1,0,1,
874400,55.000000,0.500000,35.249200,1,1,1,0,1,
874500,55.000000,0.500000,35.251000,1,1,1,0,1,
874600,55.000000,0.500000,35.252800,1,1,1,0,1,
874700,55.000000,0.500000,35.254600,1,1,1,0,1,
874800,55.000000,0.500000,35.256400,1,1,1,0,1,
874900,55.000000,0.500000,35.258200,1,1,1,0,1,
875000,55.000000,0.500000,35.260000,1,1,1,0,1,
875100,55.000000,0.500000,35.261800,1,1,1,0,1,
875200,55.000000,0.500000,35.263600,1,1,1,0,1,
875300,55.000000,0.500000,35.265400,1,1,1,0,1,
875400,55.000000,0.500000,35.267200,1,1,1,0,1,
875500,55.000000,0.500000,35.269000,1,1,1,0,1,
875600,55.000000,0.500000,35.270800,1,1,1,0,1,
875700,55.000000,0.500000,35.272600,1,1,1,0,1,
875800,55.000000,0.500000,35.274400,1,1,1,0,1,
875900,55.000000,0.500000,35.276200,1,1,1,0,1,
876000,55.000000,0.500000,35.278000,1,1,1,0,1,
876100,55.000000,0.500000,35.279800,1,1,1,0,1,
876200,55.000000,0.500000,35.281600,1,1,1,0,1,
876300,55.000000,0.500000,35.283400,1,1,1,0,1,
876400,55.000000,0.500000,35.285200,1,1,1,0,1,
876500,55.000000,0.500000,35.287000,1,1,1,0,1,
876600,55.000000,0.500000,35.288800,1,1,1,0,1,
876700,55.000000,0.500000,35.290600,1,1,1,0,1,
876800,55.000000,0.500000,35.292400,1,1,1,0,1,
876900,55.000000,0.500000,35.294200,1,1,1,0,1,
877000,82.000000,0.500000,35.296000,1,1,1,0,1,
877100,82.000000,0.500000,35.297800,1,1,1,0,1,
877200,82.000000,0.500000,35.299600,1,1,1,0,1,
877300,82.000000,0.500000,35.301400,1,1,1,0,1,
877400,82.000000,0.500000,35.303200,1,1,1,0,1,
877500,82.000000,0.500000,35.305000,1,1,1,0,1,
877600,82.000000,0.500000,35.306800,1,1,1,0,1,
877700,82.000000,0.500000,35.308600,1,1,1,0,1,
877800,82.000000,0.500000,35.310400,1,1,1,0,1,
877900,82.000000,0.500000,35.312200,1,1,1,0,1,
878000,82.000000,0.500000,35.314000,1,1,1,0,1,
878100,82.000000,0.500000,35.315800,1,1,1,0,1,
878200,82.000000,0.500000,35.317600,1,1,1,0,1,
878300,82.000000,0.500000,35.319400,1,1,1,0,1,
878400,82.000000,0.500000,35.321200,1,1,1,0,1,
878500,82.000000,0.500000,35.323000,1,1,1,0,1,
878600,82.000000,0.500000,35.324800,1,1,1,0,1,
878700,82.000000,0.500000,35.326600,1,1,1,0,1,
878800,82.000000,0.500000,35.328400,1,1,1,0,1,
878900,82.000000,0.500000,35.330200,1,1,1,0,1,
879000,-15.000000,0.500000,35.332000,1,1,1,0,1,
879100,-15.000000,0.500000,35.333800,1,1,1,0,1,
879200,-15.000000,0.500000,35.335600,1,1,1,0,1,
879300,-15.000000,0.500000,35.337400,1,1,1,0,1,
879400,-15.000000,0.500000,35.339200,1,1,1,0,1,
879500,-15.000000,0.500000,35.341000,1,1,1,0,1,
879600,-15.000000,0.500000,35.342800,1,1,1,0,1,
879700,-15.000000,0.500000,35.344600,1,1,1,0,1,
879800,-15.000000,0.500000,35.346400,1,1,1,0,1,
879900,-15.000000,0.500000,35.348200,1,1,1,0,1,
880000,42.000000,0.500000,35.350000,1,1,1,0,1,
880100,42.000000,0.500000,35.351800,1,1,1,0,1,
880200,42.000000,0.500000,35.353600,1,1,1,0,1,
880300,42.000000,0.500000,35.355400,1,1,1,0,1,
880400,42.000000,0.500000,35.357200,1,1,1,0,1,
880500,42.000000,0.500000,35.359000,1,1,1,0,1,
880600,42.000000,0.500000,35.360800,1,1,1,0,1,
880700,42.000000,0.500000,35.362600,1,1,1,0,1,
880800,42.000000,0.500000,35.364400,1,1,1,0,1,
880900,42.000000,0.500000,35.366200,1,1,1,0,1,
881000,42.000000,0.500000,35.368000,1,1,1,0,1,
881100,42.000000,0.500000,35.369800,1,1,1,0,1,
881200,42.000000,0.500000,35.371600,1,1,1,0,1,
881300,42.000000,0.500000,35.373400,1,1,1,0,1,
881400,42.000000,0.500000,35.375200,1,1,1,0,1,
881500,42.000000,0.500000,35.377000,1,1,1,0,1,
881600,42.000000,0.500000,35.378800,1,1,1,0,1,
881700,42.000000,0.500000,35.380600,1,1,1,0,1,
881800,42.000000,0.500000,35.382400,1,1,1,0,1,
881900,42.000000,0.500000,35.384200,1,1,1,0,1,
882000,42.000000,0.500000,35.386000,1,1,1,0,1,
882100,42.000000,0.500000,35.387800,1,1,1,0,1,
882200,42.000000,0.500000,35.389600,1,1,1,0,1,
882300,42.000000,0.500000,35.391400,1,1,1,0,1,
882400,42.000000,0.500000,35.393200,1,1,1,0,1,
882500,42.000000,0.500000,35.395000,1,1,1,0,1,
882600,42.000000,0.500000,35.396800,1,1,1,0,1,
882700,42.000000,0.500000,35.398600,1,1,1,0,1,
882800,42.000000,0.500000,35.400400,1,1,1,0,1,
882900,42.000000,0.500000,35.402200,1,1,1,0,1,
883000,42.000000,0.500000,35.404000,1,1,1,0,1,
883100,42.000000,0.500000,35.405800,1,1,1,0,1,
883200,42.000000,0.500000,35.407600,1,1,1,0,1,
883300,42.000000,0.500000,35.409400,1,1,1,0,1,
883400,42.000000,0.500000,35.411200,1,1,1,0,1,
883500,42.000000,0.500000,35.413000,1,1,1,0,1,
883600,42.000000,0.500000,35.414800,1,1,1,0,1,
883700,42.000000,0.500000,35.416600,1,1,1,0,1,
883800,42.000000,0.500000,35.418400,1,1,1,0,1,
883900,42.000000,0.500000,35.420200,1,1,1,0,1,
884000,42.000000,0.500000,35.422000,1,1,1,0,1,
884100,42.000000,0.500000,35.423800,1,1,1,0,1,
884200,42.000000,0.500000,35.425600,1,1,1,0,1,
884300,42.000000,0.500000,35.427400,1,1,1,0,1,
884400,42.000000,0.500000,35.429200,1,1,1,0,1,
884500,42.000000,0.500000,35.431000,1,1,1,0,1,
884600,42.000000,0.500000,35.432800,1,1,1,0,1,
884700,42.000000,0.500000,35.434600,1,1,1,0,1,
884800,42.000000,0.500000,35.436400,1,1,1,0,1,
884900,42.000000,0.500000,35.438200,1,1,1,0,1,
885000,95.000000,0.500000,35.440000,1,1,1,0,1,
885100,95.000000,0.500000,35.441800,1,1,1,0,1,
885200,95.000000,0.500000,35.443600,1,1,1,0,1,
885300,95.000000,0.500000,35.445400,1,1,1,0,1,
885400,95.000000,0.500000,35.447200,1,1,1,0,1,
885500,95.000000,0.500000,35.449000,1,1,1,0,1,
885600,95.000000,0.500000,35.450800,1,1,1,0,1,
885700,95.000000,0.500000,35.452600,1,1,1,0,1,
885800,95.000000,0.500000,35.454400,1,1,1,0,1,
885900,95.000000,0.500000,35.456200,1,1,1,0,1,
886000,95.000000,0.500000,35.458000,1,1,1,0,1,
886100,95.000000,0.500000,35.459800,1,1,1,0,1,
886200,95.000000,0.500000,35.461600,1,1,1,0,1,
886300,95.000000,0.500000,35.463400,1,1,1,0,1,
886400,95.000000,0.500000,35.465200,1,1,1,0,1,
886500,95.000000,0.500000,35.467000,1,1,1,0,1,
886600,95.000000,0.500000,35.468800,1,1,1,0,1,
886700,95.000000,0.500000,35.470600,1,1,1,0,1,
886800,95.000000,0.500000,35.472400,1,1,1,0,1,
886900,95.000000,0.500000,35.474200,1,1,1,0,1,
887000,68.000000,0.500000,35.476000,1,1,1,0,1,
887100,68.000000,0.500000,35.477800,1,1,1,0,1,
887200,68.000000,0.500000,35.479600,1,1,1,0,1,
887300,68.000000,0.500000,35.481400,1,1,1,0,1,
887400,68.000000,0.500000,35.483200,1,1,1,0,1,
887500,68.000000,0.500000,35.485000,1,1,1,0,1,
887600,68.000000,0.500000,35.486800,1,1,1,0,1,
887700,68.000000,0.500000,35.488600,1,1,1,0,1,
887800,68.000000,0.500000,35.490400,1,1,1,0,1,
887900,68.000000,0.500000,35.492200,1,1,1,0,1,
888000,68.000000,0.500000,35.494000,1,1,1,0,1,
888100,68.000000,0.500000,35.495800,1,1,1,0,1,
888200,68.000000,0.500000,35.497600,1,1,1,0,1,
888300,68.000000,0.500000,35.499400,1,1,1,0,1,
888400,68.000000,0.500000,35.501200,1,1,1,0,1,
888500,68.000000,0.500000,35.503000,1,1,1,0,1,
888600,68.000000,0.500000,35.504800,1,1,1,0,1,
888700,68.000000,0.500000,35.506600,1,1,1,0,1,
888800,68.000000,0.500000,35.508400,1,1,1,0,1,
888900,68.000000,0.500000,35.510200,1,1,1,0,1,
889000,68.000000,0.500000,35.512000,1,1,1,0,1,
889100,68.000000,0.500000,35.513800,1,1,1,0,1,
889200,68.000000,0.500000,35.515600,1,1,1,0,1,
889300,68.000000,0.500000,35.517400,1,1,1,0,1,
889400,68.000000,0.500000,35.519200,1,1,1,0,1,
889500,68.000000,0.500000,35.521000,1,1,1,0,1,
889600,68.000000,0.500000,35.522800,1,1,1,0,1,
889700,68.000000,0.500000,35.524600,1,1,1,0,1,
889800,68.000000,0.500000,35.526400,1,1,1,0,1,
889900,68.000000,0.500000,35.528200,1,1,1,0,1,
890000,-25.000000,0.500000,35.530000,1,1,1,0,1,
890100,-25.000000,0.500000,35.531800,1,1,1,0,1,
890200,-25.000000,0.500000,35.533600,1,1,1,0,1,
890300,-25.000000,0.500000,35.535400,1,1,1,0,1,
890400,-25.000000,0.500000,35.537200,1,1,1,0,1,
890500,-25.000000,0.500000,35.539000,1,1,1,0,1,
890600,-25.000000,0.500000,35.540800,1,1,1,0,1,
890700,-25.000000,0.500000,35.542600,1,1,1,0,1,
890800,-25.000000,0.500000,35.544400,1,1,1,0,1,
890900,-25.000000,0.500000,35.546200,1,1,1,0,1,
891000,55.000000,0.500000,35.548000,1,1,1,0,1,
891100,55.000000,0.500000,35.549800,1,1,1,0,1,
891200,55.000000,0.500000,35.551600,1,1,1,0,1,
891300,55.000000,0.500000,35.553400,1,1,1,0,1,
891400,55.000000,0.500000,35.555200,1,1,1,0,1,
891500,55.000000,0.500000,35.557000,1,1,1,0,1,
891600,55.000000,0.500000,35.558800,1,1,1,0,1,
891700,55.000000,0.500000,35.560600,1,1,1,0,1,
891800,55.000000,0.500000,35.562400,1,1,1,0,1,
891900,55.000000,0.500000,35.564200,1,1,1,0,1,
892000,55.000000,0.500000,35.566000,1,1,1,0,1,
892100,55.000000,0.500000,35.567800,1,1,1,0,1,
892200,55.000000,0.500000,35.569600,1,1,1,0,1,
892300,55.000000,0.500000,35.571400,1,1,1,0,1,
892400,55.000000,0.500000,35.573200,1,1,1,0,1,
892500,55.000000,0.500000,35.575000,1,1,1,0,1,
892600,55.000000,0.500000,35.576800,1,1,1,0,1,
892700,55.000000,0.500000,35.578600,1,1,1,0,1,
892800,55.000000,0.500000,35.580400,1,1,1,0,1,
892900,55.000000,0.500000,35.582200,1,1,1,0,1,
893000,55.000000,0.500000,35.584000,1,1,1,0,1,
893100,55.000000,0.500000,35.585800,1,1,1,0,1,
893200,55.000000,0.500000,35.587600,1,1,1,0,1,
893300,55.000000,0.500000,35.589400,1,1,1,0,1,
893400,55.000000,0.500000,35.591200,1,1,1,0,1,
893500,55.000000,0.500000,35.593000,1,1,1,0,1,
893600,55.000000,0.500000,35.594800,1,1,1,0,1,
893700,55.000000,0.500000,35.596600,1,1,1,0,1,
893800,55.000000,0.500000,35.598400,1,1,1,0,1,
893900,55.000000,0.500000,35.600200,1,1,1,0,1,
894000,55.000000,0.500000,35.602000,1,1,1,0,1,
894100,55.000000,0.500000,35.603800,1,1,1,0,1,
894200,55.000000,0.500000,35.605600,1,1,1,0,1,
894300,55.000000,0.500000,35.607400,1,1,1,0,1,
894400,55.000000,0.500000,35.609200,1,1,1,0,1,
894500,55.000000,0.500000,35.611000,1,1,1,0,1,
894600,55.000000,0.500000,35.612800,1,1,1,0,1,
894700,55.000000,0.500000,35.614600,1,1,1,0,1,
894800,55.000000,0.500000,35.616400,1,1,1,0,1,
894900,55.000000,0.500000,35.618200,1,1,1,0,1,
895000,55.000000,0.500000,35.620000,1,1,1,0,1,
895100,55.000000,0.500000,35.621800,1,1,1,0,1,
895200,55.000000,0.500000,35.623600,1,1,1,0,1,
895300,55.000000,0.500000,35.625400,1,1,1,0,1,
895400,55.000000,0.500000,35.627200,1,1,1,0,1,
895500,55.000000,0.500000,35.629000,1,1,1,0,1,
895600,55.000000,0.500000,35.630800,1,1,1,0,1,
895700,55.000000,0.500000,35.632600,1,1,1,0,1,
895800,55.000000,0.500000,35.634400,1,1,1,0,1,
895900,55.000000,0.500000,35.636200,1,1,1,0,1,
896000,55.000000,0.500000,35.638000,1,1,1,0,1,
896100,55.000000,0.500000,35.639800,1,1,1,0,1,
896200,55.000000,0.500000,35.641600,1,1,1,0,1,
896300,55.000000,0.500000,35.643400,1,1,1,0,1,
896400,55.000000,0.500000,35.645200,1,1,1,0,1,
896500,55.000000,0.500000,35.647000,1,1,1,0,1,
896600,55.000000,0.500000,35.648800,1,1,1,0,1,
896700,55.000000,0.500000,35.650600,1,1,1,0,1,
896800,55.000000,0.500000,35.652400,1,1,1,0,1,
896900,55.000000,0.500000,35.654200,1,1,1,0,1,
897000,82.000000,0.500000,35.656000,1,1,1,0,1,
897100,82.000000,0.500000,35.657800,1,1,1,0,1,
897200,82.000000,0.500000,35.659600,1,1,1,0,1,
897300,82.000000,0.500000,35.661400,1,1,1,0,1,
897400,82.000000,0.500000,35.663200,1,1,1,0,1,
897500,82.000000,0.500000,35.665000,1,1,1,0,1,
897600,82.000000,0.500000,35.666800,1,1,1,0,1,
897700,82.000000,0.500000,35.668600,1,1,1,0,1,
897800,82.000000,0.500000,35.670400,1,1,1,0,1,
897900,82.000000,0.500000,35.672200,1,1,1,0,1,
898000,82.000000,0.500000,35.674000,1,1,1,0,1,
898100,82.000000,0.500000,35.675800,1,1,1,0,1,
898200,82.000000,0.500000,35.677600,1,1,1,0,1,
898300,82.000000,0.500000,35.679400,1,1,1,0,1,
898400,82.000000,0.500000,35.681200,1,1,1,0,1,
898500,82.000000,0.500000,35.683000,1,1,1,0,1,
898600,82.000000,0.500000,35.684800,1,1,1,0,1,
898700,82.000000,0.500000,35.686600,1,1,1,0,1,
898800,82.000000,0.500000,35.688400,1,1,1,0,1,
898900,82.000000,0.500000,35.690200,1,1,1,0,1,
899000,-15.000000,0.500000,35.692000,1,1,1,0,1,
899100,-15.000000,0.500000,35.693800,1,1,1,0,1,
899200,-15.000000,0.500000,35.695600,1,1,1,0,1,
899300,-15.000000,0.500000,35.697400,1,1,1,0,1,
899400,-15.000000,0.500000,35.699200,1,1,1,0,1,
899500,-15.000000,0.500000,35.701000,1,1,1,0,1,
899600,-15.000000,0.500000,35.702800,1,1,1,0,1,
899700,-15.000000,0.500000,35.704600,1,1,1,0,1,
899800,-15.000000,0.500000,35.706400,1,1,1,0,1,
899900,-15.000000,0.500000,35.708200,1,1,1,0,1,
900000,42.000000,0.500000,35.710000,1,1,1,0,1,
900100,42.000000,0.500000,35.711800,1,1,1,0,1,
900200,42.000000,0.500000,35.713600,1,1,1,0,1,
900300,42.000000,0.500000,35.715400,1,1,1,0,1,
900400,42.000000,0.500000,35.717200,1,1,1,0,1,
900500,42.000000,0.500000,35.719000,1,1,1,0,1,
900600,42.000000,0.500000,35.720800,1,1,1,0,1,
900700,42.000000,0.500000,35.722600,1,1,1,0,1,
900800,42.000000,0.500000,35.724400,1,1,1,0,1,
900900,42.000000,0.500000,35.726200,1,1,1,0,1,
901000,42.000000,0.500000,35.728000,1,1,1,0,1,
901100,42.000000,0.500000,35.729800,1,1,1,0,1,
901200,42.000000,0.500000,35.731600,1,1,1,0,1,
901300,42.000000,0.500000,35.733400,1,1,1,0,1,
901400,42.000000,0.500000,35.735200,1,1,1,0,1,
901500,42.000000,0.500000,35.737000,1,1,1,0,1,
901600,42.000000,0.500000,35.738800,1,1,1,0,1,
901700,42.000000,0.500000,35.740600,1,1,1,0,1,
901800,42.000000,0.500000,35.742400,1,1,1,0,1,
901900,42.000000,0.500000,35.744200,1,1,1,0,1,
902000,42.000000,0.500000,35.746000,1,1,1,0,1,
902100,42.000000,0.500000,35.747800,1,1,1,0,1,
902200,42.000000,0.500000,35.749600,1,1,1,0,1,
902300,42.000000,0.500000,35.751400,1,1,1,0,1,
902400,42.000000,0.500000,35.753200,1,1,1,0,1,
902500,42.000000,0.500000,35.755000,1,1,1,0,1,
902600,42.000000,0.500000,35.756800,1,1,1,0,1,
902700,42.000000,0.500000,35.758600,1,1,1,0,1,
902800,42.000000,0.500000,35.760400,1,1,1,0,1,
902900,42.000000,0.500000,35.762200,1,1,1,0,1,
903000,42.000000,0.500000,35.764000,1,1,1,0,1,
903100,42.000000,0.500000,35.765800,1,1,1,0,1,
903200,42.000000,0.500000,35.767600,1,1,1,0,1,
903300,42.000000,0.500000,35.769400,1,1,1,0,1,
903400,42.000000,0.500000,35.771200,1,1,1,0,1,
903500,42.000000,0.500000,35.773000,1,1,1,0,1,
903600,42.000000,0.500000,35.774800,1,1,1,0,1,
903700,42.000000,0.500000,35.776600,1,1,1,0,1,
903800,42.000000,0.500000,35.778400,1,1,1,0,1,
903900,42.000000,0.500000,35.780200,1,1,1,0,1,
904000,42.000000,0.500000,35.782000,1,1,1,0,1,
904100,42.000000,0.500000,35.783800,1,1,1,0,1,
904200,42.000000,0.500000,35.785600,1,1,1,0,1,
904300,42.000000,0.500000,35.787400,1,1,1,0,1,
904400,42.000000,0.500000,35.789200,1,1,1,0,1,
904500,42.000000,0.500000,35.791000,1,1,1,0,1,
904600,42.000000,0.500000,35.792800,1,1,1,0,1,
904700,42.000000,0.500000,35.794600,1,1,1,0,1,
904800,42.000000,0.500000,35.796400,1,1,1,0,1,
904900,42.000000,0.500000,35.798200,1,1,1,0,1,
905000,95.000000,0.500000,35.800000,1,1,1,0,1,
905100,95.000000,0.500000,35.801800,1,1,1,0,1,
905200,95.000000,0.500000,35.803600,1,1,1,0,1,
905300,95.000000,0.500000,35.805400,1,1,1,0,1,
905400,95.000000,0.500000,35.807200,1,1,1,0,1,
905500,95.000000,0.500000,35.809000,1,1,1,0,1,
905600,95.000000,0.500000,35.810800,1,1,1,0,1,
905700,95.000000,0.500000,35.812600,1,1,1,0,1,
905800,95.000000,0.500000,35.814400,1,1,1,0,1,
905900,95.000000,0.500000,35.816200,1,1,1,0,1,
906000,95.000000,0.500000,35.818000,1,1,1,0,1,
906100,95.000000,0.500000,35.819800,1,1,1,0,1,
906200,95.000000,0.500000,35.821600,1,1,1,0,1,
906300,95.000000,0.500000,35.823400,1,1,1,0,1,
906400,95.000000,0.500000,35.825200,1,1,1,0,1,
906500,95.000000,0.500000,35.827000,1,1,1,0,1,
906600,95.000000,0.500000,35.828800,1,1,1,0,1,
906700,95.000000,0.500000,35.830600,1,1,1,0,1,
906800,95.000000,0.500000,35.832400,1,1,1,0,1,
906900,95.000000,0.500000,35.834200,1,1,1,0,1,
907000,68.000000,0.500000,35.836000,1,1,1,0,1,
907100,68.000000,0.500000,35.837800,1,1,1,0,1,
907200,68.000000,0.500000,35.839600,1,1,1,0,1,
907300,68.000000,0.500000,35.841400,1,1,1,0,1,
907400,68.000000,0.500000,35.843200,1,1,1,0,1,
907500,68.000000,0.500000,35.845000,1,1,1,0,1,
907600,68.000000,0.500000,35.846800,1,1,1,0,1,
907700,68.000000,0.500000,35.848600,1,1,1,0,1,
907800,68.000000,0.500000,35.850400,1,1,1,0,1,
907900,68.000000,0.500000,35.852200,1,1,1,0,1,
908000,68.000000,0.500000,35.854000,1,1,1,0,1,
908100,68.000000,0.500000,35.855800,1,1,1,0,1,
908200,68.000000,0.500000,35.857600,1,1,1,0,1,
908300,68.000000,0.500000,35.859400,1,1,1,0,1,
908400,68.000000,0.500000,35.861200,1,1,1,0,1,
908500,68.000000,0.500000,35.863000,1,1,1,0,1,
908600,68.000000,0.500000,35.864800,1,1,1,0,1,
908700,68.000000,0.500000,35.866600,1,1,1,0,1,
908800,68.000000,0.500000,35.868400,1,1,1,0,1,
908900,68.000000,0.500000,35.870200,1,1,1,0,1,
909000,68.000000,0.500000,35.872000,1,1,1,0,1,
909100,68.000000,0.500000,35.873800,1,1,1,0,1,
909200,68.000000,0.500000,35.875600,1,1,1,0,1,
909300,68.000000,0.500000,35.877400,1,1,1,0,1,
909400,68.000000,0.500000,35.879200,1,1,1,0,1,
909500,68.000000,0.500000,35.881000,1,1,1,0,1,
909600,68.000000,0.500000,35.882800,1,1,1,0,1,
909700,68.000000,0.500000,35.884600,1,1,1,0,1,
909800,68.000000,0.500000,35.886400,1,1,1,0,1,
909900,68.000000,0.500000,35.888200,1,1,1,0,1,
910000,-25.000000,0.500000,35.890000,1,1,1,0,1,
910100,-25.000000,0.500000,35.891800,1,1,1,0,1,
910200,-25.000000,0.500000,35.893600,1,1,1,0,1,
910300,-25.000000,0.500000,35.895400,1,1,1,0,1,
910400,-25.000000,0.500000,35.897200,1,1,1,0,1,
910500,-25.000000,0.500000,35.899000,1,1,1,0,1,
910600,-25.000000,0.500000,35.900800,1,1,1,0,1,
910700,-25.000000,0.500000,35.902600,1,1,1,0,1,
910800,-25.000000,0.500000,35.904400,1,1,1,0,1,
910900,-25.000000,0.500000,35.906200,1,1,1,0,1,
911000,55.000000,0.500000,35.908000,1,1,1,0,1,
911100,55.000000,0.500000,35.909800,1,1,1,0,1,
911200,55.000000,0.500000,35.911600,1,1,1,0,1,
911300,55.000000,0.500000,35.913400,1,1,1,0,1,
911400,55.000000,0.500000,35.915200,1,1,1,0,1,
911500,55.000000,0.500000,35.917000,1,1,1,0,1,
911600,55.000000,0.500000,35.918800,1,1,1,0,1,
911700,55.000000,0.500000,35.920600,1,1,1,0,1,
911800,55.000000,0.500000,35.922400,1,1,1,0,1,
911900,55.000000,0.500000,35.924200,1,1,1,0,1,
912000,55.000000,0.500000,35.926000,1,1,1,0,1,
912100,55.000000,0.500000,35.927800,1,1,1,0,1,
912200,55.000000,0.500000,35.929600,1,1,1,0,1,
912300,55.000000,0.500000,35.931400,1,1,1,0,1,
912400,55.000000,0.500000,35.933200,1,1,1,0,1,
912500,55.000000,0.500000,35.935000,1,1,1,0,1,
912600,55.000000,0.500000,35.936800,1,1,1,0,1,
912700,55.000000,0.500000,35.938600,1,1,1,0,1,
912800,55.000000,0.500000,35.940400,1,1,1,0,1,
912900,55.000000,0.500000,35.942200,1,1,1,0,1,
913000,55.000000,0.500000,35.944000,1,1,1,0,1,
913100,55.000000,0.500000,35.945800,1,1,1,0,1,
913200,55.000000,0.500000,35.947600,1,1,1,0,1,
913300,55.000000,0.500000,35.949400,1,1,1,0,1,
913400,55.000000,0.500000,35.951200,1,1,1,0,1,
913500,55.000000,0.500000,35.953000,1,1,1,0,1,
913600,55.000000,0.500000,35.954800,1,1,1,0,1,
913700,55.000000,0.500000,35.956600,1,1,1,0,1,
913800,55.000000,0.500000,35.958400,1,1,1,0,1,
913900,55.000000,0.500000,35.960200,1,1,1,0,1,
914000,55.000000,0.500000,35.962000,1,1,1,0,1,
914100,55.000000,0.500000,35.963800,1,1,1,0,1,
914200,55.000000,0.500000,35.965600,1,1,1,0,1,
914300,55.000000,0.500000,35.967400,1,1,1,0,1,
914400,55.000000,0.500000,35.969200,1,1,1,0,1,
914500,55.000000,0.500000,35.971000,1,1,1,0,1,
914600,55.000000,0.500000,35.972800,1,1,1,0,1,
914700,55.000000,0.500000,35.974600,1,1,1,0,1,
914800,55.000000,0.500000,35.976400,1,1,1,0,1,
914900,55.000000,0.500000,35.978200,1,1,1,0,1,
915000,55.000000,0.500000,35.980000,1,1,1,0,1,
915100,55.000000,0.500000,35.981800,1,1,1,0,1,
915200,55.000000,0.500000,35.983600,1,1,1,0,1,
915300,55.000000,0.500000,35.985400,1,1,1,0,1,
915400,55.000000,0.500000,35.987200,1,1,1,0,1,
915500,55.000000,0.500000,35.989000,1,1,1,0,1,
915600,55.000000,0.500000,35.990800,1,1,1,0,1,
915700,55.000000,0.500000,35.992600,1,1,1,0,1,
915800,55.000000,0.500000,35.994400,1,1,1,0,1,
915900,55.000000,0.500000,35.996200,1,1,1,0,1,
916000,55.000000,0.500000,35.998000,1,1,1,0,1,
916100,55.000000,0.500000,35.999800,1,1,1,0,1,
916200,55.000000,0.500000,36.001600,1,1,1,0,1,
916300,55.000000,0.500000,36.003400,1,1,1,0,1,
916400,55.000000,0.500000,36.005200,1,1,1,0,1,
916500,55.000000,0.500000,36.007000,1,1,1,0,1,
916600,55.000000,0.500000,36.008800,1,1,1,0,1,
916700,55.000000,0.500000,36.010600,1,1,1,0,1,
916800,55.000000,0.500000,36.012400,1,1,1,0,1,
916900,55.000000,0.500000,36.014200,1,1,1,0,1,
917000,82.000000,0.500000,36.016000,1,1,1,0,1,
917100,82.000000,0.500000,36.017800,1,1,1,0,1,
917200,82.000000,0.500000,36.019600,1,1,1,0,1,
917300,82.000000,0.500000,36.021400,1,1,1,0,1,
917400,82.000000,0.500000,36.023200,1,1,1,0,1,
917500,82.000000,0.500000,36.025000,1,1,1,0,1,
917600,82.000000,0.500000,36.026800,1,1,1,0,1,
917700,82.000000,0.500000,36.028600,1,1,1,0,1,
917800,82.000000,0.500000,36.030400,1,1,1,0,1,
917900,82.000000,0.500000,36.032200,1,1,1,0,1,
918000,82.000000,0.500000,36.034000,1,1,1,0,1,
918100,82.000000,0.500000,36.035800,1,1,1,0,1,
918200,82.000000,0.500000,36.037600,1,1,1,0,1,
918300,82.000000,0.500000,36.039400,1,1,1,0,1,
918400,82.000000,0.500000,36.041200,1,1,1,0,1,
918500,82.000000,0.500000,36.043000,1,1,1,0,1,
918600,82.000000,0.500000,36.044800,1,1,1,0,1,
918700,82.000000,0.500000,36.046600,1,1,1,0,1,
918800,82.000000,0.500000,36.048400,1,1,1,0,1,
918900,82.000000,0.500000,36.050200,1,1,1,0,1,
919000,-15.000000,0.500000,36.052000,1,1,1,0,1,
919100,-15.000000,0.500000,36.053800,1,1,1,0,1,
919200,-15.000000,0.500000,36.055600,1,1,1,0,1,
919300,-15.000000,0.500000,36.057400,1,1,1,0,1,
919400,-15.000000,0.500000,36.059200,1,1,1,0,1,
919500,-15.000000,0.500000,36.061000,1,1,1,0,1,
919600,-15.000000,0.500000,36.062800,1,1,1,0,1,
919700,-15.000000,0.500000,36.064600,1,1,1,0,1,
919800,-15.000000,0.500000,36.066400,1,1,1,0,1,
919900,-15.000000,0.500000,36.068200,1,1,1,0,1,
920000,42.000000,0.500000,36.070000,1,1,1,0,1,
920100,42.000000,0.500000,36.071800,1,1,1,0,1,
920200,42.000000,0.500000,36.073600,1,1,1,0,1,
920300,42.000000,0.500000,36.075400,1,1,1,0,1,
920400,42.000000,0.500000,36.077200,1,1,1,0,1,
920500,42.000000,0.500000,36.079000,1,1,1,0,1,
920600,42.000000,0.500000,36.080800,1,1,1,0,1,
920700,42.000000,0.500000,36.082600,1,1,1,0,1,
920800,42.000000,0.500000,36.084400,1,1,1,0,1,
920900,42.000000,0.500000,36.086200,1,1,1,0,1,
921000,42.000000,0.500000,36.088000,1,1,1,0,1,
921100,42.000000,0.500000,36.089800,1,1,1,0,1,
921200,42.000000,0.500000,36.091600,1,1,1,0,1,
921300,42.000000,0.500000,36.093400,1,1,1,0,1,
921400,42.000000,0.500000,36.095200,1,1,1,0,1,
921500,42.000000,0.500000,36.097000,1,1,1,0,1,
921600,42.000000,0.500000,36.098800,1,1,1,0,1,
921700,42.000000,0.500000,36.100600,1,1,1,0,1,
921800,42.000000,0.500000,36.102400,1,1,1,0,1,
921900,42.000000,0.500000,36.104200,1,1,1,0,1,
922000,42.000000,0.500000,36.106000,1,1,1,0,1,
922100,42.000000,0.500000,36.107800,1,1,1,0,1,
922200,42.000000,0.500000,36.109600,1,1,1,0,1,
922300,42.000000,0.500000,36.111400,1,1,1,0,1,
922400,42.000000,0.500000,36.113200,1,1,1,0,1,
922500,42.000000,0.500000,36.115000,1,1,1,0,1,
922600,42.000000,0.500000,36.116800,1,1,1,0,1,
922700,42.000000,0.500000,36.118600,1,1,1,0,1,
922800,42.000000,0.500000,36.120400,1,1,1,0,1,
922900,42.000000,0.500000,36.122200,1,1,1,0,1,
923000,42.000000,0.500000,36.124000,1,1,1,0,1,
923100,42.000000,0.500000,36.125800,1,1,1,0,1,
923200,42.000000,0.500000,36.127600,1,1,1,0,1,
923300,42.000000,0.500000,36.129400,1,1,1,0,1,
923400,42.000000,0.500000,36.131200,1,1,1,0,1,
923500,42.000000,0.500000,36.133000,1,1,1,0,1,
923600,42.000000,0.500000,36.134800,1,1,1,0,1,
923700,42.000000,0.500000,36.136600,1,1,1,0,1,
923800,42.000000,0.500000,36.138400,1,1,1,0,1,
923900,42.000000,0.500000,36.140200,1,1,1,0,1,
924000,42.000000,0.500000,36.142000,1,1,1,0,1,
924100,42.000000,0.500000,36.143800,1,1,1,0,1,
924200,42.000000,0.500000,36.145600,1,1,1,0,1,
924300,42.000000,0.500000,36.147400,1,1,1,0,1,
924400,42.000000,0.500000,36.149200,1,1,1,0,1,
924500,42.000000,0.500000,36.151000,1,1,1,0,1,
924600,42.000000,0.500000,36.152800,1,1,1,0,1,
924700,42.000000,0.500000,36.154600,1,1,1,0,1,
924800,42.000000,0.500000,36.156400,1,1,1,0,1,
924900,42.000000,0.500000,36.158200,1,1,1,0,1,
925000,95.000000,0.500000,36.160000,1,1,1,0,1,
925100,95.000000,0.500000,36.161800,1,1,1,0,1,
925200,95.000000,0.500000,36.163600,1,1,1,0,1,
925300,95.000000,0.500000,36.165400,1,1,1,0,1,
925400,95.000000,0.500000,36.167200,1,1,1,0,1,
925500,95.000000,0.500000,36.169000,1,1,1,0,1,
925600,95.000000,0.500000,36.170800,1,1,1,0,1,
925700,95.000000,0.500000,36.172600,1,1,1,0,1,
925800,95.000000,0.500000,36.174400,1,1,1,0,1,
925900,95.000000,0.500000,36.176200,1,1,1,0,1,
926000,95.000000,0.500000,36.178000,1,1,1,0,1,
926100,95.000000,0.500000,36.179800,1,1,1,0,1,
926200,95.000000,0.500000,36.181600,1,1,1,0,1,
926300,95.000000,0.500000,36.183400,1,1,1,0,1,
926400,95.000000,0.500000,36.185200,1,1,1,0,1,
926500,95.000000,0.500000,36.187000,1,1,1,0,1,
926600,95.000000,0.500000,36.188800,1,1,1,0,1,
926700,95.000000,0.500000,36.190600,1,1,1,0,1,
926800,95.000000,0.500000,36.192400,1,1,1,0,1,
926900,95.000000,0.500000,36.194200,1,1,1,0,1,
927000,68.000000,0.500000,36.196000,1,1,1,0,1,
927100,68.000000,0.500000,36.197800,1,1,1,0,1,
927200,68.000000,0.500000,36.199600,1,1,1,0,1,
927300,68.000000,0.500000,36.201400,1,1,1,0,1,
927400,68.000000,0.500000,36.203200,1,1,1,0,1,
927500,68.000000,0.500000,36.205000,1,1,1,0,1,
927600,68.000000,0.500000,36.206800,1,1,1,0,1,
927700,68.000000,0.500000,36.208600,1,1,1,0,1,
927800,68.000000,0.500000,36.210400,1,1,1,0,1,
927900,68.000000,0.500000,36.212200,1,1,1,0,1,
928000,68.000000,0.500000,36.214000,1,1,1,0,1,
928100,68.000000,0.500000,36.215800,1,1,1,0,1,
928200,68.000000,0.500000,36.217600,1,1,1,0,1,
928300,68.000000,0.500000,36.219400,1,1,1,0,1,
928400,68.000000,0.500000,36.221200,1,1,1,0,1,
928500,68.000000,0.500000,36.223000,1,1,1,0,1,
928600,68.000000,0.500000,36.224800,1,1,1,0,1,
928700,68.000000,0.500000,36.226600,1,1,1,0,1,
928800,68.000000,0.500000,36.228400,1,1,1,0,1,
928900,68.000000,0.500000,36.230200,1,1,1,0,1,
929000,68.000000,0.500000,36.232000,1,1,1,0,1,
929100,68.000000,0.500000,36.233800,1,1,1,0,1,
929200,68.000000,0.500000,36.235600,1,1,1,0,1,
929300,68.000000,0.500000,36.237400,1,1,1,0,1,
929400,68.000000,0.500000,36.239200,1,1,1,0,1,
929500,68.000000,0.500000,36.241000,1,1,1,0,1,
929600,68.000000,0.500000,36.242800,1,1,1,0,1,
929700,68.000000,0.500000,36.244600,1,1,1,0,1,
929800,68.000000,0.500000,36.246400,1,1,1,0,1,
929900,68.000000,0.500000,36.248200,1,1,1,0,1,
930000,-25.000000,0.500000,36.250000,1,1,1,0,1,
930100,-25.000000,0.500000,36.251800,1,1,1,0,1,
930200,-25.000000,0.500000,36.253600,1,1,1,0,1,
930300,-25.000000,0.500000,36.255400,1,1,1,0,1,
930400,-25.000000,0.500000,36.257200,1,1,1,0,1,
930500,-25.000000,0.500000,36.259000,1,1,1,0,1,
930600,-25.000000,0.500000,36.260800,1,1,1,0,1,
930700,-25.000000,0.500000,36.262600,1,1,1,0,1,
930800,-25.000000,0.500000,36.264400,1,1,1,0,1,
930900,-25.000000,0.500000,36.266200,1,1,1,0,1,
931000,55.000000,0.500000,36.268000,1,1,1,0,1,
931100,55.000000,0.500000,36.269800,1,1,1,0,1,
931200,55.000000,0.500000,36.271600,1,1,1,0,1,
931300,55.000000,0.500000,36.273400,1,1,1,0,1,
931400,55.000000,0.500000,36.275200,1,1,1,0,1,
931500,55.000000,0.500000,36.277000,1,1,1,0,1,
931600,55.000000,0.500000,36.278800,1,1,1,0,1,
931700,55.000000,0.500000,36.280600,1,1,1,0,1,
931800,55.000000,0.500000,36.282400,1,1,1,0,1,
931900,55.000000,0.500000,36.284200,1,1,1,0,1,
932000,55.000000,0.500000,36.286000,1,1,1,0,1,
932100,55.000000,0.500000,36.287800,1,1,1,0,1,
932200,55.000000,0.500000,36.289600,1,1,1,0,1,
932300,55.000000,0.500000,36.291400,1,1,1,0,1,
932400,55.000000,0.500000,36.293200,1,1,1,0,1,
932500,55.000000,0.500000,36.295000,1,1,1,0,1,
932600,55.000000,0.500000,36.296800,1,1,1,0,1,
932700,55.000000,0.500000,36.298600,1,1,1,0,1,
932800,55.000000,0.500000,36.300400,1,1,1,0,1,
932900,55.000000,0.500000,36.302200,1,1,1,0,1,
933000,55.000000,0.500000,36.304000,1,1,1,0,1,
933100,55.000000,0.500000,36.305800,1,1,1,0,1,
933200,55.000000,0.500000,36.307600,1,1,1,0,1,
933300,55.000000,0.500000,36.309400,1,1,1,0,1,
933400,55.000000,0.500000,36.311200,1,1,1,0,1,
933500,55.000000,0.500000,36.313000,1,1,1,0,1,
933600,55.000000,0.500000,36.314800,1,1,1,0,1,
933700,55.000000,0.500000,36.316600,1,1,1,0,1,
933800,55.000000,0.500000,36.318400,1,1,1,0,1,
933900,55.000000,0.500000,36.320200,1,1,1,0,1,
934000,55.000000,0.500000,36.322000,1,1,1,0,1,
934100,55.000000,0.500000,36.323800,1,1,1,0,1,
934200,55.000000,0.500000,36.325600,1,1,1,0,1,
934300,55.000000,0.500000,36.327400,1,1,1,0,1,
934400,55.000000,0.500000,36.329200,1,1,1,0,1,
934500,55.000000,0.500000,36.331000,1,1,1,0,1,
934600,55.000000,0.500000,36.332800,1,1,1,0,1,
934700,55.000000,0.500000,36.334600,1,1,1,0,1,
934800,55.000000,0.500000,36.336400,1,1,1,0,1,
934900,55.000000,0.500000,36.338200,1,1,1,0,1,
935000,55.000000,0.500000,36.340000,1,1,1,0,1,
935100,55.000000,0.500000,36.341800,1,1,1,0,1,
935200,55.000000,0.500000,36.343600,1,1,1,0,1,
935300,55.000000,0.500000,36.345400,1,1,1,0,1,
935400,55.000000,0.500000,36.347200,1,1,1,0,1,
935500,55.000000,0.500000,36.349000,1,1,1,0,1,
935600,55.000000,0.500000,36.350800,1,1,1,0,1,
935700,55.000000,0.500000,36.352600,1,1,1,0,1,
935800,55.000000,0.500000,36.354400,1,1,1,0,1,
935900,55.000000,0.500000,36.356200,1,1,1,0,1,
936000,55.000000,0.500000,36.358000,1,1,1,0,1,
936100,55.000000,0.500000,36.359800,1,1,1,0,1,
936200,55.000000,0.500000,36.361600,1,1,1,0,1,
936300,55.000000,0.500000,36.363400,1,1,1,0,1,
936400,55.000000,0.500000,36.365200,1,1,1,0,1,
936500,55.000000,0.500000,36.367000,1,1,1,0,1,
936600,55.000000,0.500000,36.368800,1,1,1,0,1,
936700,55.000000,0.500000,36.370600,1,1,1,0,1,
936800,55.000000,0.500000,36.372400,1,1,1,0,1,
936900,55.000000,0.500000,36.374200,1,1,1,0,1,
937000,82.000000,0.500000,36.376000,1,1,1,0,1,
937100,82.000000,0.500000,36.377800,1,1,1,0,1,
937200,82.000000,0.500000,36.379600,1,1,1,0,1,
937300,82.000000,0.500000,36.381400,1,1,1,0,1,
937400,82.000000,0.500000,36.383200,1,1,1,0,1,
937500,82.000000,0.500000,36.385000,1,1,1,0,1,
937600,82.000000,0.500000,36.386800,1,1,1,0,1,
937700,82.000000,0.500000,36.388600,1,1,1,0,1,
937800,82.000000,0.500000,36.390400,1,1,1,0,1,
937900,82.000000,0.500000,36.392200,1,1,1,0,1,
938000,82.000000,0.500000,36.394000,1,1,1,0,1,
938100,82.000000,0.500000,36.395800,1,1,1,0,1,
938200,82.000000,0.500000,36.397600,1,1,1,0,1,
938300,82.000000,0.500000,36.399400,1,1,1,0,1,
938400,82.000000,0.500000,36.401200,1,1,1,0,1,
938500,82.000000,0.500000,36.403000,1,1,1,0,1,
938600,82.000000,0.500000,36.404800,1,1,1,0,1,
938700,82.000000,0.500000,36.406600,1,1,1,0,1,
938800,82.000000,0.500000,36.408400,1,1,1,0,1,
938900,82.000000,0.500000,36.410200,1,1,1,0,1,
939000,-15.000000,0.500000,36.412000,1,1,1,0,1,
939100,-15.000000,0.500000,36.413800,1,1,1,0,1,
939200,-15.000000,0.500000,36.415600,1,1,1,0,1,
939300,-15.000000,0.500000,36.417400,1,1,1,0,1,
939400,-15.000000,0.500000,36.419200,1,1,1,0,1,
939500,-15.000000,0.500000,36.421000,1,1,1,0,1,
939600,-15.000000,0.500000,36.422800,1,1,1,0,1,
939700,-15.000000,0.500000,36.424600,1,1,1,0,1,
939800,-15.000000,0.500000,36.426400,1,1,1,0,1,
939900,-15.000000,0.500000,36.428200,1,1,1,0,1,
940000,42.000000,0.500000,36.430000,1,1,1,0,1,
940100,42.000000,0.500000,36.431800,1,1,1,0,1,
940200,42.000000,0.500000,36.433600,1,1,1,0,1,
940300,42.000000,0.500000,36.435400,1,1,1,0,1,
940400,42.000000,0.500000,36.437200,1,1,1,0,1,
940500,42.000000,0.500000,36.439000,1,1,1,0,1,
940600,42.000000,0.500000,36.440800,1,1,1,0,1,
940700,42.000000,0.500000,36.442600,1,1,1,0,1,
940800,42.000000,0.500000,36.444400,1,1,1,0,1,
940900,42.000000,0.500000,36.446200,1,1,1,0,1,
941000,42.000000,0.500000,36.448000,1,1,1,0,1,
941100,42.000000,0.500000,36.449800,1,1,1,0,1,
941200,42.000000,0.500000,36.451600,1,1,1,0,1,
941300,42.000000,0.500000,36.453400,1,1,1,0,1,
941400,42.000000,0.500000,36.455200,1,1,1,0,1,
941500,42.000000,0.500000,36.457000,1,1,1,0,1,
941600,42.000000,0.500000,36.458800,1,1,1,0,1,
941700,42.000000,0.500000,36.460600,1,1,1,0,1,
941800,42.000000,0.500000,36.462400,1,1,1,0,1,
941900,42.000000,0.500000,36.464200,1,1,1,0,1,
942000,42.000000,0.500000,36.466000,1,1,1,0,1,
942100,42.000000,0.500000,36.467800,1,1,1,0,1,
942200,42.000000,0.500000,36.469600,1,1,1,0,1,
942300,42.000000,0.500000,36.471400,1,1,1,0,1,
942400,42.000000,0.500000,36.473200,1,1,1,0,1,
942500,42.000000,0.500000,36.475000,1,1,1,0,1,
942600,42.000000,0.500000,36.476800,1,1,1,0,1,
942700,42.000000,0.500000,36.478600,1,1,1,0,1,
942800,42.000000,0.500000,36.480400,1,1,1,0,1,
942900,42.000000,0.500000,36.482200,1,1,1,0,1,
943000,42.000000,0.500000,36.484000,1,1,1,0,1,
943100,42.000000,0.500000,36.485800,1,1,1,0,1,
943200,42.000000,0.500000,36.487600,1,1,1,0,1,
943300,42.000000,0.500000,36.489400,1,1,1,0,1,
943400,42.000000,0.500000,36.491200,1,1,1,0,1,
943500,42.000000,0.500000,36.493000,1,1,1,0,1,
943600,42.000000,0.500000,36.494800,1,1,1,0,1,
943700,42.000000,0.500000,36.496600,1,1,1,0,1,
943800,42.000000,0.500000,36.498400,1,1,1,0,1,
943900,42.000000,0.500000,36.500200,1,1,1,0,1,
944000,42.000000,0.500000,36.502000,1,1,1,0,1,
944100,42.000000,0.500000,36.503800,1,1,1,0,1,
944200,42.000000,0.500000,36.505600,1,1,1,0,1,
944300,42.000000,0.500000,36.507400,1,1,1,0,1,
944400,42.000000,0.500000,36.509200,1,1,1,0,1,
944500,42.000000,0.500000,36.511000,1,1,1,0,1,
944600,42.000000,0.500000,36.512800,1,1,1,0,1,
944700,42.000000,0.500000,36.514600,1,1,1,0,1,
944800,42.000000,0.500000,36.516400,1,1,1,0,1,
944900,42.000000,0.500000,36.518200,1,1,1,0,1,
945000,95.000000,0.500000,36.520000,1,1,1,0,1,
945100,95.000000,0.500000,36.521800,1,1,1,0,1,
945200,95.000000,0.500000,36.523600,1,1,1,0,1,
945300,95.000000,0.500000,36.525400,1,1,1,0,1,
945400,95.000000,0.500000,36.527200,1,1,1,0,1,
945500,95.000000,0.500000,36.529000,1,1,1,0,1,
945600,95.000000,0.500000,36.530800,1,1,1,0,1,
945700,95.000000,0.500000,36.532600,1,1,1,0,1,
945800,95.000000,0.500000,36.534400,1,1,1,0,1,
945900,95.000000,0.500000,36.536200,1,1,1,0,1,
946000,95.000000,0.500000,36.538000,1,1,1,0,1,
946100,95.000000,0.500000,36.539800,1,1,1,0,1,
946200,95.000000,0.500000,36.541600,1,1,1,0,1,
946300,95.000000,0.500000,36.543400,1,1,1,0,1,
946400,95.000000,0.500000,36.545200,1,1,1,0,1,
946500,95.000000,0.500000,36.547000,1,1,1,0,1,
946600,95.000000,0.500000,36.548800,1,1,1,0,1,
946700,95.000000,0.500000,36.550600,1,1,1,0,1,
946800,95.000000,0.500000,36.552400,1,1,1,0,1,
946900,95.000000,0.500000,36.554200,1,1,1,0,1,
947000,68.000000,0.500000,36.556000,1,1,1,0,1,
947100,68.000000,0.500000,36.557800,1,1,1,0,1,
947200,68.000000,0.500000,36.559600,1,1,1,0,1,
947300,68.000000,0.500000,36.561400,1,1,1,0,1,
947400,68.000000,0.500000,36.563200,1,1,1,0,1,
947500,68.000000,0.500000,36.565000,1,1,1,0,1,
947600,68.000000,0.500000,36.566800,1,1,1,0,1,
947700,68.000000,0.500000,36.568600,1,1,1,0,1,
947800,68.000000,0.500000,36.570400,1,1,1,0,1,
947900,68.000000,0.500000,36.572200,1,1,1,0,1,
948000,68.000000,0.500000,36.574000,1,1,1,0,1,
948100,68.000000,0.500000,36.575800,1,1,1,0,1,
948200,68.000000,0.500000,36.577600,1,1,1,0,1,
948300,68.000000,0.500000,36.579400,1,1,1,0,1,
948400,68.000000,0.500000,36.581200,1,1,1,0,1,
948500,68.000000,0.500000,36.583000,1,1,1,0,1,
948600,68.000000,0.500000,36.584800,1,1,1,0,1,
948700,68.000000,0.500000,36.586600,1,1,1,0,1,
948800,68.000000,0.500000,36.588400,1,1,1,0,1,
948900,68.000000,0.500000,36.590200,1,1,1,0,1,
949000,68.000000,0.500000,36.592000,1,1,1,0,1,
949100,68.000000,0.500000,36.593800,1,1,1,0,1,
949200,68.000000,0.500000,36.595600,1,1,1,0,1,
949300,68.000000,0.500000,36.597400,1,1,1,0,1,
949400,68.000000,0.500000,36.599200,1,1,1,0,1,
949500,68.000000,0.500000,36.601000,1,1,1,0,1,
949600,68.000000,0.500000,36.602800,1,1,1,0,1,
949700,68.000000,0.500000,36.604600,1,1,1,0,1,
949800,68.000000,0.500000,36.606400,1,1,1,0,1,
949900,68.000000,0.500000,36.608200,1,1,1,0,1,
950000,-25.000000,0.500000,36.610000,1,1,1,0,1,
950100,-25.000000,0.500000,36.611800,1,1,1,0,1,
950200,-25.000000,0.500000,36.613600,1,1,1,0,1,
950300,-25.000000,0.500000,36.615400,1,1,1,0,1,
950400,-25.000000,0.500000,36.617200,1,1,1,0,1,
950500,-25.000000,0.500000,36.619000,1,1,1,0,1,
950600,-25.000000,0.500000,36.620800,1,1,1,0,1,
950700,-25.000000,0.500000,36.622600,1,1,1,0,1,
950800,-25.000000,0.500000,36.624400,1,1,1,0,1,
950900,-25.000000,0.500000,36.626200,1,1,1,0,1,
951000,55.000000,0.500000,36.628000,1,1,1,0,1,
951100,55.000000,0.500000,36.629800,1,1,1,0,1,
951200,55.000000,0.500000,36.631600,1,1,1,0,1,
951300,55.000000,0.500000,36.633400,1,1,1,0,1,
951400,55.000000,0.500000,36.635200,1,1,1,0,1,
951500,55.000000,0.500000,36.637000,1,1,1,0,1,
951600,55.000000,0.500000,36.638800,1,1,1,0,1,
951700,55.000000,0.500000,36.640600,1,1,1,0,1,
951800,55.000000,0.500000,36.642400,1,1,1,0,1,
951900,55.000000,0.500000,36.644200,1,1,1,0,1,
952000,55.000000,0.500000,36.646000,1,1,1,0,1,
952100,55.000000,0.500000,36.647800,1,1,1,0,1,
952200,55.000000,0.500000,36.649600,1,1,1,0,1,
952300,55.000000,0.500000,36.651400,1,1,1,0,1,
952400,55.000000,0.500000,36.653200,1,1,1,0,1,
952500,55.000000,0.500000,36.655000,1,1,1,0,1,
952600,55.000000,0.500000,36.656800,1,1,1,0,1,
952700,55.000000,0.500000,36.658600,1,1,1,0,1,
952800,55.000000,0.500000,36.660400,1,1,1,0,1,
952900,55.000000,0.500000,36.662200,1,1,1,0,1,
953000,55.000000,0.500000,36.664000,1,1,1,0,1,
953100,55.000000,0.500000,36.665800,1,1,1,0,1,
953200,55.000000,0.500000,36.667600,1,1,1,0,1,
953300,55.000000,0.500000,36.669400,1,1,1,0,1,
953400,55.000000,0.500000,36.671200,1,1,1,0,1,
953500,55.000000,0.500000,36.673000,1,1,1,0,1,
953600,55.000000,0.500000,36.674800,1,1,1,0,1,
953700,55.000000,0.500000,36.676600,1,1,1,0,1,
953800,55.000000,0.500000,36.678400,1,1,1,0,1,
953900,55.000000,0.500000,36.680200,1,1,1,0,1,
954000,55.000000,0.500000,36.682000,1,1,1,0,1,
954100,55.000000,0.500000,36.683800,1,1,1,0,1,
954200,55.000000,0.500000,36.685600,1,1,1,0,1,
954300,55.000000,0.500000,36.687400,1,1,1,0,1,
954400,55.000000,0.500000,36.689200,1,1,1,0,1,
954500,55.000000,0.500000,36.691000,1,1,1,0,1,
954600,55.000000,0.500000,36.692800,1,1,1,0,1,
954700,55.000000,0.500000,36.694600,1,1,1,0,1,
954800,55.000000,0.500000,36.696400,1,1,1,0,1,
954900,55.000000,0.500000,36.698200,1,1,1,0,1,
955000,55.000000,0.500000,36.700000,1,1,1,0,1,
955100,55.000000,0.500000,36.701800,1,1,1,0,1,
955200,55.000000,0.500000,36.703600,1,1,1,0,1,
955300,55.000000,0.500000,36.705400,1,1,1,0,1,
955400,55.000000,0.500000,36.707200,1,1,1,0,1,
955500,55.000000,0.500000,36.709000,1,1,1,0,1,
955600,55.000000,0.500000,36.710800,1,1,1,0,1,
955700,55.000000,0.500000,36.712600,1,1,1,0,1,
955800,55.000000,0.500000,36.714400,1,1,1,0,1,
955900,55.000000,0.500000,36.716200,1,1,1,0,1,
956000,55.000000,0.500000,36.718000,1,1,1,0,1,
956100,55.000000,0.500000,36.719800,1,1,1,0,1,
956200,55.000000,0.500000,36.721600,1,1,1,0,1,
956300,55.000000,0.500000,36.723400,1,1,1,0,1,
956400,55.000000,0.500000,36.725200,1,1,1,0,1,
956500,55.000000,0.500000,36.727000,1,1,1,0,1,
956600,55.000000,0.500000,36.728800,1,1,1,0,1,
956700,55.000000,0.500000,36.730600,1,1,1,0,1,
956800,55.000000,0.500000,36.732400,1,1,1,0,1,
956900,55.000000,0.500000,36.734200,1,1,1,0,1,
957000,82.000000,0.500000,36.736000,1,1,1,0,1,
957100,82.000000,0.500000,36.737800,1,1,1,0,1,
957200,82.000000,0.500000,36.739600,1,1,1,0,1,
957300,82.000000,0.500000,36.741400,1,1,1,0,1,
957400,82.000000,0.500000,36.743200,1,1,1,0,1,
957500,82.000000,0.500000,36.745000,1,1,1,0,1,
957600,82.000000,0.500000,36.746800,1,1,1,0,1,
957700,82.000000,0.500000,36.748600,1,1,1,0,1,
957800,82.000000,0.500000,36.750400,1,1,1,0,1,
957900,82.000000,0.500000,36.752200,1,1,1,0,1,
958000,82.000000,0.500000,36.754000,1,1,1,0,1,
958100,82.000000,0.500000,36.755800,1,1,1,0,1,
958200,82.000000,0.500000,36.757600,1,1,1,0,1,
958300,82.000000,0.500000,36.759400,1,1,1,0,1,
958400,82.000000,0.500000,36.761200,1,1,1,0,1,
958500,82.000000,0.500000,36.763000,1,1,1,0,1,
958600,82.000000,0.500000,36.764800,1,1,1,0,1,
958700,82.000000,0.500000,36.766600,1,1,1,0,1,
958800,82.000000,0.500000,36.768400,1,1,1,0,1,
958900,82.000000,0.500000,36.770200,1,1,1,0,1,
959000,-15.000000,0.500000,36.772000,1,1,1,0,1,
959100,-15.000000,0.500000,36.773800,1,1,1,0,1,
959200,-15.000000,0.500000,36.775600,1,1,1,0,1,
959300,-15.000000,0.500000,36.777400,1,1,1,0,1,
959400,-15.000000,0.500000,36.779200,1,1,1,0,1,
959500,-15.000000,0.500000,36.781000,1,1,1,0,1,
959600,-15.000000,0.500000,36.782800,1,1,1,0,1,
959700,-15.000000,0.500000,36.784600,1,1,1,0,1,
959800,-15.000000,0.500000,36.786400,1,1,1,0,1,
959900,-15.000000,0.500000,36.788200,1,1,1,0,1,
960000,42.000000,0.500000,36.790000,1,1,1,0,1,
960100,42.000000,0.500000,36.791800,1,1,1,0,1,
960200,42.000000,0.500000,36.793600,1,1,1,0,1,
960300,42.000000,0.500000,36.795400,1,1,1,0,1,
960400,42.000000,0.500000,36.797200,1,1,1,0,1,
960500,42.000000,0.500000,36.799000,1,1,1,0,1,
960600,42.000000,0.500000,36.800800,1,1,1,0,1,
960700,42.000000,0.500000,36.802600,1,1,1,0,1,
960800,42.000000,0.500000,36.804400,1,1,1,0,1,
960900,42.000000,0.500000,36.806200,1,1,1,0,1,
961000,42.000000,0.500000,36.808000,1,1,1,0,1,
961100,42.000000,0.500000,36.809800,1,1,1,0,1,
961200,42.000000,0.500000,36.811600,1,1,1,0,1,
961300,42.000000,0.500000,36.813400,1,1,1,0,1,
961400,42.000000,0.500000,36.815200,1,1,1,0,1,
961500,42.000000,0.500000,36.817000,1,1,1,0,1,
961600,42.000000,0.500000,36.818800,1,1,1,0,1,
961700,42.000000,0.500000,36.820600,1,1,1,0,1,
961800,42.000000,0.500000,36.822400,1,1,1,0,1,
961900,42.000000,0.500000,36.824200,1,1,1,0,1,
962000,42.000000,0.500000,36.826000,1,1,1,0,1,
962100,42.000000,0.500000,36.827800,1,1,1,0,1,
962200,42.000000,0.500000,36.829600,1,1,1,0,1,
962300,42.000000,0.500000,36.831400,1,1,1,0,1,
962400,42.000000,0.500000,36.833200,1,1,1,0,1,
962500,42.000000,0.500000,36.835000,1,1,1,0,1,
962600,42.000000,0.500000,36.836800,1,1,1,0,1,
962700,42.000000,0.500000,36.838600,1,1,1,0,1,
962800,42.000000,0.500000,36.840400,1,1,1,0,1,
962900,42.000000,0.500000,36.842200,1,1,1,0,1,
963000,42.000000,0.500000,36.844000,1,1,1,0,1,
963100,42.000000,0.500000,36.845800,1,1,1,0,1,
963200,42.000000,0.500000,36.847600,1,1,1,0,1,
963300,42.000000,0.500000,36.849400,1,1,1,0,1,
963400,42.000000,0.500000,36.851200,1,1,1,0,1,
963500,42.000000,0.500000,36.853000,1,1,1,0,1,
963600,42.000000,0.500000,36.854800,1,1,1,0,1,
963700,42.000000,0.500000,36.856600,1,1,1,0,1,
963800,42.000000,0.500000,36.858400,1,1,1,0,1,
963900,42.000000,0.500000,36.860200,1,1,1,0,1,
964000,42.000000,0.500000,36.862000,1,1,1,0,1,
964100,42.000000,0.500000,36.863800,1,1,1,0,1,
964200,42.000000,0.500000,36.865600,1,1,1,0,1,
964300,42.000000,0.500000,36.867400,1,1,1,0,1,
964400,42.000000,0.500000,36.869200,1,1,1,0,1,
964500,42.000000,0.500000,36.871000,1,1,1,0,1,
964600,42.000000,0.500000,36.872800,1,1,1,0,1,
964700,42.000000,0.500000,36.874600,1,1,1,0,1,
964800,42.000000,0.500000,36.876400,1,1,1,0,1,
964900,42.000000,0.500000,36.878200,1,1,1,0,1,
965000,95.000000,0.500000,36.880000,1,1,1,0,1,
965100,95.000000,0.500000,36.881800,1,1,1,0,1,
965200,95.000000,0.500000,36.883600,1,1,1,0,1,
965300,95.000000,0.500000,36.885400,1,1,1,0,1,
965400,95.000000,0.500000,36.887200,1,1,1,0,1,
965500,95.000000,0.500000,36.889000,1,1,1,0,1,
965600,95.000000,0.500000,36.890800,1,1,1,0,1,
965700,95.000000,0.500000,36.892600,1,1,1,0,1,
965800,95.000000,0.500000,36.894400,1,1,1,0,1,
965900,95.000000,0.500000,36.896200,1,1,1,0,1,
966000,95.000000,0.500000,36.898000,1,1,1,0,1,
966100,95.000000,0.500000,36.899800,1,1,1,0,1,
966200,95.000000,0.500000,36.901600,1,1,1,0,1,
966300,95.000000,0.500000,36.903400,1,1,1,0,1,
966400,95.000000,0.500000,36.905200,1,1,1,0,1,
966500,95.000000,0.500000,36.907000,1,1,1,0,1,
966600,95.000000,0.500000,36.908800,1,1,1,0,1,
966700,95.000000,0.500000,36.910600,1,1,1,0,1,
966800,95.000000,0.500000,36.912400,1,1,1,0,1,
966900,95.000000,0.500000,36.914200,1,1,1,0,1,
967000,68.000000,0.500000,36.916000,1,1,1,0,1,
967100,68.000000,0.500000,36.917800,1,1,1,0,1,
967200,68.000000,0.500000,36.919600,1,1,1,0,1,
967300,68.000000,0.500000,36.921400,1,1,1,0,1,
967400,68.000000,0.500000,36.923200,1,1,1,0,1,
967500,68.000000,0.500000,36.925000,1,1,1,0,1,
967600,68.000000,0.500000,36.926800,1,1,1,0,1,
967700,68.000000,0.500000,36.928600,1,1,1,0,1,
967800,68.000000,0.500000,36.930400,1,1,1,0,1,
967900,68.000000,0.500000,36.932200,1,1,1,0,1,
968000,68.000000,0.500000,36.934000,1,1,1,0,1,
968100,68.000000,0.500000,36.935800,1,1,1,0,1,
968200,68.000000,0.500000,36.937600,1,1,1,0,1,
968300,68.000000,0.500000,36.939400,1,1,1,0,1,
968400,68.000000,0.500000,36.941200,1,1,1,0,1,
968500,68.000000,0.500000,36.943000,1,1,1,0,1,
968600,68.000000,0.500000,36.944800,1,1,1,0,1,
968700,68.000000,0.500000,36.946600,1,1,1,0,1,
968800,68.000000,0.500000,36.948400,1,1,1,0,1,
968900,68.000000,0.500000,36.950200,1,1,1,0,1,
969000,68.000000,0.500000,36.952000,1,1,1,0,1,
969100,68.000000,0.500000,36.953800,1,1,1,0,1,
969200,68.000000,0.500000,36.955600,1,1,1,0,1,
969300,68.000000,0.500000,36.957400,1,1,1,0,1,
969400,68.000000,0.500000,36.959200,1,1,1,0,1,
969500,68.000000,0.500000,36.961000,1,1,1,0,1,
969600,68.000000,0.500000,36.962800,1,1,1,0,1,
969700,68.000000,0.500000,36.964600,1,1,1,0,1,
969800,68.000000,0.500000,36.966400,1,1,1,0,1,
969900,68.000000,0.500000,36.968200,1,1,1,0,1,
970000,-25.000000,0.500000,36.970000,1,1,1,0,1,
970100,-25.000000,0.500000,36.971800,1,1,1,0,1,
970200,-25.000000,0.500000,36.973600,1,1,1,0,1,
970300,-25.000000,0.500000,36.975400,1,1,1,0,1,
970400,-25.000000,0.500000,36.977200,1,1,1,0,1,
970500,-25.000000,0.500000,36.979000,1,1,1,0,1,
970600,-25.000000,0.500000,36.980800,1,1,1,0,1,
970700,-25.000000,0.500000,36.982600,1,1,1,0,1,
970800,-25.000000,0.500000,36.984400,1,1,1,0,1,
970900,-25.000000,0.500000,36.986200,1,1,1,0,1,
971000,55.000000,0.500000,36.988000,1,1,1,0,1,
971100,55.000000,0.500000,36.989800,1,1,1,0,1,
971200,55.000000,0.500000,36.991600,1,1,1,0,1,
971300,55.000000,0.500000,36.993400,1,1,1,0,1,
971400,55.000000,0.500000,36.995200,1,1,1,0,1,
971500,55.000000,0.500000,36.997000,1,1,1,0,1,
971600,55.000000,0.500000,36.998800,1,1,1,0,1,
971700,55.000000,0.500000,37.000600,1,1,1,0,1,
971800,55.000000,0.500000,37.002400,1,1,1,0,1,
971900,55.000000,0.500000,37.004200,1,1,1,0,1,
972000,55.000000,0.500000,37.006000,1,1,1,0,1,
972100,55.000000,0.500000,37.007800,1,1,1,0,1,
972200,55.000000,0.500000,37.009600,1,1,1,0,1,
972300,55.000000,0.500000,37.011400,1,1,1,0,1,
972400,55.000000,0.500000,37.013200,1,1,1,0,1,
972500,55.000000,0.500000,37.015000,1,1,1,0,1,
972600,55.000000,0.500000,37.016800,1,1,1,0,1,
972700,55.000000,0.500000,37.018600,1,1,1,0,1,
972800,55.000000,0.500000,37.020400,1,1,1,0,1,
972900,55.000000,0.500000,37.022200,1,1,1,0,1,
973000,55.000000,0.500000,37.024000,1,1,1,0,1,
973100,55.000000,0.500000,37.025800,1,1,1,0,1,
973200,55.000000,0.500000,37.027600,1,1,1,0,1,
973300,55.000000,0.500000,37.029400,1,1,1,0,1,
973400,55.000000,0.500000,37.031200,1,1,1,0,1,
973500,55.000000,0.500000,37.033000,1,1,1,0,1,
973600,55.000000,0.500000,37.034800,1,1,1,0,1,
973700,55.000000,0.500000,37.036600,1,1,1,0,1,
973800,55.000000,0.500000,37.038400,1,1,1,0,1,
973900,55.000000,0.500000,37.040200,1,1,1,0,1,
974000,55.000000,0.500000,37.042000,1,1,1,0,1,
974100,55.000000,0.500000,37.043800,1,1,1,0,1,
974200,55.000000,0.500000,37.045600,1,1,1,0,1,
974300,55.000000,0.500000,37.047400,1,1,1,0,1,
974400,55.000000,0.500000,37.049200,1,1,1,0,1,
974500,55.000000,0.500000,37.051000,1,1,1,0,1,
974600,55.000000,0.500000,37.052800,1,1,1,0,1,
974700,55.000000,0.500000,37.054600,1,1,1,0,1,
974800,55.000000,0.500000,37.056400,1,1,1,0,1,
974900,55.000000,0.500000,37.058200,1,1,1,0,1,
975000,55.000000,0.500000,37.060000,1,1,1,0,1,
975100,55.000000,0.500000,37.061800,1,1,1,0,1,
975200,55.000000,0.500000,37.063600,1,1,1,0,1,
975300,55.000000,0.500000,37.065400,1,1,1,0,1,
975400,55.000000,0.500000,37.067200,1,1,1,0,1,
975500,55.000000,0.500000,37.069000,1,1,1,0,1,
975600,55.000000,0.500000,37.070800,1,1,1,0,1,
975700,55.000000,0.500000,37.072600,1,1,1,0,1,
975800,55.000000,0.500000,37.074400,1,1,1,0,1,
975900,55.000000,0.500000,37.076200,1,1,1,0,1,
976000,55.000000,0.500000,37.078000,1,1,1,0,1,
976100,55.000000,0.500000,37.079800,1,1,1,0,1,
976200,55.000000,0.500000,37.081600,1,1,1,0,1,
976300,55.000000,0.500000,37.083400,1,1,1,0,1,
976400,55.000000,0.500000,37.085200,1,1,1,0,1,
976500,55.000000,0.500000,37.087000,1,1,1,0,1,
976600,55.000000,0.500000,37.088800,1,1,1,0,1,
976700,55.000000,0.500000,37.090600,1,1,1,0,1,
976800,55.000000,0.500000,37.092400,1,1,1,0,1,
976900,55.000000,0.500000,37.094200,1,1,1,0,1,
977000,82.000000,0.500000,37.096000,1,1,1,0,1,
977100,82.000000,0.500000,37.097800,1,1,1,0,1,
977200,82.000000,0.500000,37.099600,1,1,1,0,1,
977300,82.000000,0.500000,37.101400,1,1,1,0,1,
977400,82.000000,0.500000,37.103200,1,1,1,0,1,
977500,82.000000,0.500000,37.105000,1,1,1,0,1,
977600,82.000000,0.500000,37.106800,1,1,1,0,1,
977700,82.000000,0.500000,37.108600,1,1,1,0,1,
977800,82.000000,0.500000,37.110400,1,1,1,0,1,
977900,82.000000,0.500000,37.112200,1,1,1,0,1,
978000,82.000000,0.500000,37.114000,1,1,1,0,1,
978100,82.000000,0.500000,37.115800,1,1,1,0,1,
978200,82.000000,0.500000,37.117600,1,1,1,0,1,
978300,82.000000,0.500000,37.119400,1,1,1,0,1,
978400,82.000000,0.500000,37.121200,1,1,1,0,1,
978500,82.000000,0.500000,37.123000,1,1,1,0,1,
978600,82.000000,0.500000,37.124800,1,1,1,0,1,
978700,82.000000,0.500000,37.126600,1,1,1,0,1,
978800,82.000000,0.500000,37.128400,1,1,1,0,1,
978900,82.000000,0.500000,37.130200,1,1,1,0,1,
979000,-15.000000,0.500000,37.132000,1,1,1,0,1,
979100,-15.000000,0.500000,37.133800,1,1,1,0,1,
979200,-15.000000,0.500000,37.135600,1,1,1,0,1,
979300,-15.000000,0.500000,37.137400,1,1,1,0,1,
979400,-15.000000,0.500000,37.139200,1,1,1,0,1,
979500,-15.000000,0.500000,37.141000,1,1,1,0,1,
979600,-15.000000,0.500000,37.142800,1,1,1,0,1,
979700,-15.000000,0.500000,37.144600,1,1,1,0,1,
979800,-15.000000,0.500000,37.146400,1,1,1,0,1,
979900,-15.000000,0.500000,37.148200,1,1,1,0,1,
980000,42.000000,0.500000,37.150000,1,1,1,0,1,
980100,42.000000,0.500000,37.151800,1,1,1,0,1,
980200,42.000000,0.500000,37.153600,1,1,1,0,1,
980300,42.000000,0.500000,37.155400,1,1,1,0,1,
980400,42.000000,0.500000,37.157200,1,1,1,0,1,
980500,42.000000,0.500000,37.159000,1,1,1,0,1,
980600,42.000000,0.500000,37.160800,1,1,1,0,1,
980700,42.000000,0.500000,37.162600,1,1,1,0,1,
980800,42.000000,0.500000,37.164400,1,1,1,0,1,
980900,42.000000,0.500000,37.166200,1,1,1,0,1,
981000,42.000000,0.500000,37.168000,1,1,1,0,1,
981100,42.000000,0.500000,37.169800,1,1,1,0,1,
981200,42.000000,0.500000,37.171600,1,1,1,0,1,
981300,42.000000,0.500000,37.173400,1,1,1,0,1,
981400,42.000000,0.500000,37.175200,1,1,1,0,1,
981500,42.000000,0.500000,37.177000,1,1,1,0,1,
981600,42.000000,0.500000,37.178800,1,1,1,0,1,
981700,42.000000,0.500000,37.180600,1,1,1,0,1,
981800,42.000000,0.500000,37.182400,1,1,1,0,1,
981900,42.000000,0.500000,37.184200,1,1,1,0,1,
982000,42.000000,0.500000,37.186000,1,1,1,0,1,
982100,42.000000,0.500000,37.187800,1,1,1,0,1,
982200,42.000000,0.500000,37.189600,1,1,1,0,1,
982300,42.000000,0.500000,37.191400,1,1,1,0,1,
982400,42.000000,0.500000,37.193200,1,1,1,0,1,
982500,42.000000,0.500000,37.195000,1,1,1,0,1,
982600,42.000000,0.500000,37.196800,1,1,1,0,1,
982700,42.000000,0.500000,37.198600,1,1,1,0,1,
982800,42.000000,0.500000,37.200400,1,1,1,0,1,
982900,42.000000,0.500000,37.202200,1,1,1,0,1,
983000,42.000000,0.500000,37.204000,1,1,1,0,1,
983100,42.000000,0.500000,37.205800,1,1,1,0,1,
983200,42.000000,0.500000,37.207600,1,1,1,0,1,
983300,42.000000,0.500000,37.209400,1,1,1,0,1,
983400,42.000000,0.500000,37.211200,1,1,1,0,1,
983500,42.000000,0.500000,37.213000,1,1,1,0,1,
983600,42.000000,0.500000,37.214800,1,1,1,0,1,
983700,42.000000,0.500000,37.216600,1,1,1,0,1,
983800,42.000000,0.500000,37.218400,1,1,1,0,1,
983900,42.000000,0.500000,37.220200,1,1,1,0,1,
984000,42.000000,0.500000,37.222000,1,1,1,0,1,
984100,42.000000,0.500000,37.223800,1,1,1,0,1,
984200,42.000000,0.500000,37.225600,1,1,1,0,1,
984300,42.000000,0.500000,37.227400,1,1,1,0,1,
984400,42.000000,0.500000,37.229200,1,1,1,0,1,
984500,42.000000,0.500000,37.231000,1,1,1,0,1,
984600,42.000000,0.500000,37.232800,1,1,1,0,1,
984700,42.000000,0.500000,37.234600,1,1,1,0,1,
984800,42.000000,0.500000,37.236400,1,1,1,0,1,
984900,42.000000,0.500000,37.238200,1,1,1,0,1,
985000,95.000000,0.500000,37.240000,1,1,1,0,1,
985100,95.000000,0.500000,37.241800,1,1,1,0,1,
985200,95.000000,0.500000,37.243600,1,1,1,0,1,
985300,95.000000,0.500000,37.245400,1,1,1,0,1,
985400,95.000000,0.500000,37.247200,1,1,1,0,1,
985500,95.000000,0.500000,37.249000,1,1,1,0,1,
985600,95.000000,0.500000,37.250800,1,1,1,0,1,
985700,95.000000,0.500000,37.252600,1,1,1,0,1,
985800,95.000000,0.500000,37.254400,1,1,1,0,1,
985900,95.000000,0.500000,37.256200,1,1,1,0,1,
986000,95.000000,0.500000,37.258000,1,1,1,0,1,
986100,95.000000,0.500000,37.259800,1,1,1,0,1,
986200,95.000000,0.500000,37.261600,1,1,1,0,1,
986300,95.000000,0.500000,37.263400,1,1,1,0,1,
986400,95.000000,0.500000,37.265200,1,1,1,0,1,
986500,95.000000,0.500000,37.267000,1,1,1,0,1,
986600,95.000000,0.500000,37.268800,1,1,1,0,1,
986700,95.000000,0.500000,37.270600,1,1,1,0,1,
986800,95.000000,0.500000,37.272400,1,1,1,0,1,
986900,95.000000,0.500000,37.274200,1,1,1,0,1,
987000,68.000000,0.500000,37.276000,1,1,1,0,1,
987100,68.000000,0.500000,37.277800,1,1,1,0,1,
987200,68.000000,0.500000,37.279600,1,1,1,0,1,
987300,68.000000,0.500000,37.281400,1,1,1,0,1,
987400,68.000000,0.500000,37.283200,1,1,1,0,1,
987500,68.000000,0.500000,37.285000,1,1,1,0,1,
987600,68.000000,0.500000,37.286800,1,1,1,0,1,
987700,68.000000,0.500000,37.288600,1,1,1,0,1,
987800,68.000000,0.500000,37.290400,1,1,1,0,1,
987900,68.000000,0.500000,37.292200,1,1,1,0,1,
988000,68.000000,0.500000,37.294000,1,1,1,0,1,
988100,68.000000,0.500000,37.295800,1,1,1,0,1,
988200,68.000000,0.500000,37.297600,1,1,1,0,1,
988300,68.000000,0.500000,37.299400,1,1,1,0,1,
988400,68.000000,0.500000,37.301200,1,1,1,0,1,
988500,68.000000,0.500000,37.303000,1,1,1,0,1,
988600,68.000000,0.500000,37.304800,1,1,1,0,1,
988700,68.000000,0.500000,37.306600,1,1,1,0,1,
988800,68.000000,0.500000,37.308400,1,1,1,0,1,
988900,68.000000,0.500000,37.310200,1,1,1,0,1,
989000,68.000000,0.500000,37.312000,1,1,1,0,1,
989100,68.000000,0.500000,37.313800,1,1,1,0,1,
989200,68.000000,0.500000,37.315600,1,1,1,0,1,
989300,68.000000,0.500000,37.317400,1,1,1,0,1,
989400,68.000000,0.500000,37.319200,1,1,1,0,1,
989500,68.000000,0.500000,37.321000,1,1,1,0,1,
989600,68.000000,0.500000,37.322800,1,1,1,0,1,
989700,68.000000,0.500000,37.324600,1,1,1,0,1,
989800,68.000000,0.500000,37.326400,1,1,1,0,1,
989900,68.000000,0.500000,37.328200,1,1,1,0,1,
990000,-25.000000,0.500000,37.330000,1,1,1,0,1,
990100,-25.000000,0.500000,37.331800,1,1,1,0,1,
990200,-25.000000,0.500000,37.333600,1,1,1,0,1,
990300,-25.000000,0.500000,37.335400,1,1,1,0,1,
990400,-25.000000,0.500000,37.337200,1,1,1,0,1,
990500,-25.000000,0.500000,37.339000,1,1,1,0,1,
990600,-25.000000,0.500000,37.340800,1,1,1,0,1,
990700,-25.000000,0.500000,37.342600,1,1,1,0,1,
990800,-25.000000,0.500000,37.344400,1,1,1,0,1,
990900,-25.000000,0.500000,37.346200,1,1,1,0,1,
991000,55.000000,0.500000,37.348000,1,1,1,0,1,
991100,55.000000,0.500000,37.349800,1,1,1,0,1,
991200,55.000000,0.500000,37.351600,1,1,1,0,1,
991300,55.000000,0.500000,37.353400,1,1,1,0,1,
991400,55.000000,0.500000,37.355200,1,1,1,0,1,
991500,55.000000,0.500000,37.357000,1,1,1,0,1,
991600,55.000000,0.500000,37.358800,1,1,1,0,1,
991700,55.000000,0.500000,37.360600,1,1,1,0,1,
991800,55.000000,0.500000,37.362400,1,1,1,0,1,
991900,55.000000,0.500000,37.364200,1,1,1,0,1,
992000,55.000000,0.500000,37.366000,1,1,1,0,1,
992100,55.000000,0.500000,37.367800,1,1,1,0,1,
992200,55.000000,0.500000,37.369600,1,1,1,0,1,
992300,55.000000,0.500000,37.371400,1,1,1,0,1,
992400,55.000000,0.500000,37.373200,1,1,1,0,1,
992500,55.000000,0.500000,37.375000,1,1,1,0,1,
992600,55.000000,0.500000,37.376800,1,1,1,0,1,
992700,55.000000,0.500000,37.378600,1,1,1,0,1,
992800,55.000000,0.500000,37.380400,1,1,1,0,1,
992900,55.000000,0.500000,37.382200,1,1,1,0,1,
993000,55.000000,0.500000,37.384000,1,1,1,0,1,
993100,55.000000,0.500000,37.385800,1,1,1,0,1,
993200,55.000000,0.500000,37.387600,1,1,1,0,1,
993300,55.000000,0.500000,37.389400,1,1,1,0,1,
993400,55.000000,0.500000,37.391200,1,1,1,0,1,
993500,55.000000,0.500000,37.393000,1,1,1,0,1,
993600,55.000000,0.500000,37.394800,1,1,1,0,1,
993700,55.000000,0.500000,37.396600,1,1,1,0,1,
993800,55.000000,0.500000,37.398400,1,1,1,0,1,
993900,55.000000,0.500000,37.400200,1,1,1,0,1,
994000,55.000000,0.500000,37.402000,1,1,1,0,1,
994100,55.000000,0.500000,37.403800,1,1,1,0,1,
994200,55.000000,0.500000,37.405600,1,1,1,0,1,
994300,55.000000,0.500000,37.407400,1,1,1,0,1,
994400,55.000000,0.500000,37.409200,1,1,1,0,1,
994500,55.000000,0.500000,37.411000,1,1,1,0,1,
994600,55.000000,0.500000,37.412800,1,1,1,0,1,
994700,55.000000,0.500000,37.414600,1,1,1,0,1,
994800,55.000000,0.500000,37.416400,1,1,1,0,1,
994900,55.000000,0.500000,37.418200,1,1,1,0,1,
995000,55.000000,0.500000,37.420000,1,1,1,0,1,
995100,55.000000,0.500000,37.421800,1,1,1,0,1,
995200,55.000000,0.500000,37.423600,1,1,1,0,1,
995300,55.000000,0.500000,37.425400,1,1,1,0,1,
995400,55.000000,0.500000,37.427200,1,1,1,0,1,
995500,55.000000,0.500000,37.429000,1,1,1,0,1,
995600,55.000000,0.500000,37.430800,1,1,1,0,1,
995700,55.000000,0.500000,37.432600,1,1,1,0,1,
995800,55.000000,0.500000,37.434400,1,1,1,0,1,
995900,55.000000,0.500000,37.436200,1,1,1,0,1,
996000,55.000000,0.500000,37.438000,1,1,1,0,1,
996100,55.000000,0.500000,37.439800,1,1,1,0,1,
996200,55.000000,0.500000,37.441600,1,1,1,0,1,
996300,55.000000,0.500000,37.443400,1,1,1,0,1,
996400,55.000000,0.500000,37.445200,1,1,1,0,1,
996500,55.000000,0.500000,37.447000,1,1,1,0,1,
996600,55.000000,0.500000,37.448800,1,1,1,0,1,
996700,55.000000,0.500000,37.450600,1,1,1,0,1,
996800,55.000000,0.500000,37.452400,1,1,1,0,1,
996900,55.000000,0.500000,37.454200,1,1,1,0,1,
997000,82.000000,0.500000,37.456000,1,1,1,0,1,
997100,82.000000,0.500000,37.457800,1,1,1,0,1,
997200,82.000000,0.500000,37.459600,1,1,1,0,1,
997300,82.000000,0.500000,37.461400,1,1,1,0,1,
997400,82.000000,0.500000,37.463200,1,1,1,0,1,
997500,82.000000,0.500000,37.465000,1,1,1,0,1,
997600,82.000000,0.500000,37.466800,1,1,1,0,1,
997700,82.000000,0.500000,37.468600,1,1,1,0,1,
997800,82.000000,0.500000,37.470400,1,1,1,0,1,
997900,82.000000,0.500000,37.472200,1,1,1,0,1,
998000,82.000000,0.500000,37.474000,1,1,1,0,1,
998100,82.000000,0.500000,37.475800,1,1,1,0,1,
998200,82.000000,0.500000,37.477600,1,1,1,0,1,
998300,82.000000,0.500000,37.479400,1,1,1,0,1,
998400,82.000000,0.500000,37.481200,1,1,1,0,1,
998500,82.000000,0.500000,37.483000,1,1,1,0,1,
998600,82.000000,0.500000,37.484800,1,1,1,0,1,
998700,82.000000,0.500000,37.486600,1,1,1,0,1,
998800,82.000000,0.500000,37.488400,1,1,1,0,1,
998900,82.000000,0.500000,37.490200,1,1,1,0,1,
999000,-15.000000,0.500000,37.492000,1,1,1,0,1,
999100,-15.000000,0.500000,37.493800,1,1,1,0,1,
999200,-15.000000,0.500000,37.495600,1,1,1,0,1,
999300,-15.000000,0.500000,37.497400,1,1,1,0,1,
999400,-15.000000,0.500000,37.499200,1,1,1,0,1,
999500,-15.000000,0.500000,37.501000,1,1,1,0,1,
999600,-15.000000,0.500000,37.502800,1,1,1,0,1,
999700,-15.000000,0.500000,37.504600,1,1,1,0,1,
999800,-15.000000,0.500000,37.506400,1,1,1,0,1,
999900,-15.000000,0.500000,37.508200,1,1,1,0,1,
1000000,42.000000,0.500000,37.510000,1,1,1,0,1,
1000100,42.000000,0.500000,37.511800,1,1,1,0,1,
1000200,42.000000,0.500000,37.513600,1,1,1,0,1,
1000300,42.000000,0.500000,37.515400,1,1,1,0,1,
1000400,42.000000,0.500000,37.517200,1,1,1,0,1,
1000500,42.000000,0.500000,37.519000,1,1,1,0,1,
1000600,42.000000,0.500000,37.520800,1,1,1,0,1,
1000700,42.000000,0.500000,37.522600,1,1,1,0,1,
1000800,42.000000,0.500000,37.524400,1,1,1,0,1,
1000900,42.000000,0.500000,37.526200,1,1,1,0,1,
1001000,42.000000,0.500000,37.528000,1,1,1,0,1,
1001100,42.000000,0.500000,37.529800,1,1,1,0,1,
1001200,42.000000,0.500000,37.531600,1,1,1,0,1,
1001300,42.000000,0.500000,37.533400,1,1,1,0,1,
1001400,42.000000,0.500000,37.535200,1,1,1,0,1,
1001500,42.000000,0.500000,37.537000,1,1,1,0,1,
1001600,42.000000,0.500000,37.538800,1,1,1,0,1,
1001700,42.000000,0.500000,37.540600,1,1,1,0,1,
1001800,42.000000,0.500000,37.542400,1,1,1,0,1,
1001900,42.000000,0.500000,37.544200,1,1,1,0,1,
1002000,42.000000,0.500000,37.546000,1,1,1,0,1,
1002100,42.000000,0.500000,37.547800,1,1,1,0,1,
1002200,42.000000,0.500000,37.549600,1,1,1,0,1,
1002300,42.000000,0.500000,37.551400,1,1,1,0,1,
1002400,42.000000,0.500000,37.553200,1,1,1,0,1,
1002500,42.000000,0.500000,37.555000,1,1,1,0,1,
1002600,42.000000,0.500000,37.556800,1,1,1,0,1,
1002700,42.000000,0.500000,37.558600,1,1,1,0,1,
1002800,42.000000,0.500000,37.560400,1,1,1,0,1,
1002900,42.000000,0.500000,37.562200,1,1,1,0,1,
1003000,42.000000,0.500000,37.564000,1,1,1,0,1,
1003100,42.000000,0.500000,37.565800,1,1,1,0,1,
1003200,42.000000,0.500000,37.567600,1,1,1,0,1,
1003300,42.000000,0.500000,37.569400,1,1,1,0,1,
1003400,42.000000,0.500000,37.571200,1,1,1,0,1,
1003500,42.000000,0.500000,37.573000,1,1,1,0,1,
1003600,42.000000,0.500000,37.574800,1,1,1,0,1,
1003700,42.000000,0.500000,37.576600,1,1,1,0,1,
1003800,42.000000,0.500000,37.578400,1,1,1,0,1,
1003900,42.000000,0.500000,37.580200,1,1,1,0,1,
1004000,42.000000,0.500000,37.582000,1,1,1,0,1,
1004100,42.000000,0.500000,37.583800,1,1,1,0,1,
1004200,42.000000,0.500000,37.585600,1,1,1,0,1,
1004300,42.000000,0.500000,37.587400,1,1,1,0,1,
1004400,42.000000,0.500000,37.589200,1,1,1,0,1,
1004500,42.000000,0.500000,37.591000,1,1,1,0,1,
1004600,42.000000,0.500000,37.592800,1,1,1,0,1,
1004700,42.000000,0.500000,37.594600,1,1,1,0,1,
1004800,42.000000,0.500000,37.596400,1,1,1,0,1,
1004900,42.000000,0.500000,37.598200,1,1,1,0,1,
1005000,95.000000,0.500000,37.600000,1,1,1,0,1,
1005100,95.000000,0.500000,37.601800,1,1,1,0,1,
1005200,95.000000,0.500000,37.603600,1,1,1,0,1,
1005300,95.000000,0.500000,37.605400,1,1,1,0,1,
1005400,95.000000,0.500000,37.607200,1,1,1,0,1,
1005500,95.000000,0.500000,37.609000,1,1,1,0,1,
1005600,95.000000,0.500000,37.610800,1,1,1,0,1,
1005700,95.000000,0.500000,37.612600,1,1,1,0,1,
1005800,95.000000,0.500000,37.614400,1,1,1,0,1,
1005900,95.000000,0.500000,37.616200,1,1,1,0,1,
1006000,95.000000,0.500000,37.618000,1,1,1,0,1,
1006100,95.000000,0.500000,37.619800,1,1,1,0,1,
1006200,95.000000,0.500000,37.621600,1,1,1,0,1,
1006300,95.000000,0.500000,37.623400,1,1,1,0,1,
1006400,95.000000,0.500000,37.625200,1,1,1,0,1,
1006500,95.000000,0.500000,37.627000,1,1,1,0,1,
1006600,95.000000,0.500000,37.628800,1,1,1,0,1,
1006700,95.000000,0.500000,37.630600,1,1,1,0,1,
1006800,95.000000,0.500000,37.632400,1,1,1,0,1,
1006900,95.000000,0.500000,37.634200,1,1,1,0,1,
1007000,68.000000,0.500000,37.636000,1,1,1,0,1,
1007100,68.000000,0.500000,37.637800,1,1,1,0,1,
1007200,68.000000,0.500000,37.639600,1,1,1,0,1,
1007300,68.000000,0.500000,37.641400,1,1,1,0,1,
1007400,68.000000,0.500000,37.643200,1,1,1,0,1,
1007500,68.000000,0.500000,37.645000,1,1,1,0,1,
1007600,68.000000,0.500000,37.646800,1,1,1,0,1,
1007700,68.000000,0.500000,37.648600,1,1,1,0,1,
1007800,68.000000,0.500000,37.650400,1,1,1,0,1,
1007900,68.000000,0.500000,37.652200,1,1,1,0,1,
1008000,68.000000,0.500000,37.654000,1,1,1,0,1,
1008100,68.000000,0.500000,37.655800,1,1,1,0,1,
1008200,68.000000,0.500000,37.657600,1,1,1,0,1,
1008300,68.000000,0.500000,37.659400,1,1,1,0,1,
1008400,68.000000,0.500000,37.661200,1,1,1,0,1,
1008500,68.000000,0.500000,37.663000,1,1,1,0,1,
1008600,68.000000,0.500000,37.664800,1,1,1,0,1,
1008700,68.000000,0.500000,37.666600,1,1,1,0,1,
1008800,68.000000,0.500000,37.668400,1,1,1,0,1,
1008900,68.000000,0.500000,37.670200,1,1,1,0,1,
1009000,68.000000,0.500000,37.672000,1,1,1,0,1,
1009100,68.000000,0.500000,37.673800,1,1,1,0,1,
1009200,68.000000,0.500000,37.675600,1,1,1,0,1,
1009300,68.000000,0.500000,37.677400,1,1,1,0,1,
1009400,68.000000,0.500000,37.679200,1,1,1,0,1,
1009500,68.000000,0.500000,37.681000,1,1,1,0,1,
1009600,68.000000,0.500000,37.682800,1,1,1,0,1,
1009700,68.000000,0.500000,37.684600,1,1,1,0,1,
1009800,68.000000,0.500000,37.686400,1,1,1,0,1,
1009900,68.000000,0.500000,37.688200,1,1,1,0,1,
1010000,-25.000000,0.500000,37.690000,1,1,1,0,1,
1010100,-25.000000,0.500000,37.691800,1,1,1,0,1,
1010200,-25.000000,0.500000,37.693600,1,1,1,0,1,
1010300,-25.000000,0.500000,37.695400,1,1,1,0,1,
1010400,-25.000000,0.500000,37.697200,1,1,1,0,1,
1010500,-25.000000,0.500000,37.699000,1,1,1,0,1,
1010600,-25.000000,0.500000,37.700800,1,1,1,0,1,
1010700,-25.000000,0.500000,37.702600,1,1,1,0,1,
1010800,-25.000000,0.500000,37.704400,1,1,1,0,1,
1010900,-25.000000,0.500000,37.706200,1,1,1,0,1,
1011000,55.000000,0.500000,37.708000,1,1,1,0,1,
1011100,55.000000,0.500000,37.709800,1,1,1,0,1,
1011200,55.000000,0.500000,37.711600,1,1,1,0,1,
1011300,55.000000,0.500000,37.713400,1,1,1,0,1,
1011400,55.000000,0.500000,37.715200,1,1,1,0,1,
1011500,55.000000,0.500000,37.717000,1,1,1,0,1,
1011600,55.000000,0.500000,37.718800,1,1,1,0,1,
1011700,55.000000,0.500000,37.720600,1,1,1,0,1,
1011800,55.000000,0.500000,37.722400,1,1,1,0,1,
1011900,55.000000,0.500000,37.724200,1,1,1,0,1,
1012000,55.000000,0.500000,37.726000,1,1,1,0,1,
1012100,55.000000,0.500000,37.727800,1,1,1,0,1,
1012200,55.000000,0.500000,37.729600,1,1,1,0,1,
1012300,55.000000,0.500000,37.731400,1,1,1,0,1,
1012400,55.000000,0.500000,37.733200,1,1,1,0,1,
1012500,55.000000,0.500000,37.735000,1,1,1,0,1,
1012600,55.000000,0.500000,37.736800,1,1,1,0,1,
1012700,55.000000,0.500000,37.738600,1,1,1,0,1,
1012800,55.000000,0.500000,37.740400,1,1,1,0,1,
1012900,55.000000,0.500000,37.742200,1,1,1,0,1,
1013000,55.000000,0.500000,37.744000,1,1,1,0,1,
1013100,55.000000,0.500000,37.745800,1,1,1,0,1,
1013200,55.000000,0.500000,37.747600,1,1,1,0,1,
1013300,55.000000,0.500000,37.749400,1,1,1,0,1,
1013400,55.000000,0.500000,37.751200,1,1,1,0,1,
1013500,55.000000,0.500000,37.753000,1,1,1,0,1,
1013600,55.000000,0.500000,37.754800,1,1,1,0,1,
1013700,55.000000,0.500000,37.756600,1,1,1,0,1,
1013800,55.000000,0.500000,37.758400,1,1,1,0,1,
1013900,55.000000,0.500000,37.760200,1,1,1,0,1,
1014000,55.000000,0.500000,37.762000,1,1,1,0,1,
1014100,55.000000,0.500000,37.763800,1,1,1,0,1,
1014200,55.000000,0.500000,37.765600,1,1,1,0,1,
1014300,55.000000,0.500000,37.767400,1,1,1,0,1,
1014400,55.000000,0.500000,37.769200,1,1,1,0,1,
1014500,55.000000,0.500000,37.771000,1,1,1,0,1,
1014600,55.000000,0.500000,37.772800,1,1,1,0,1,
1014700,55.000000,0.500000,37.774600,1,1,1,0,1,
1014800,55.000000,0.500000,37.776400,1,1,1,0,1,
1014900,55.000000,0.500000,37.778200,1,1,1,0,1,
1015000,55.000000,0.500000,37.780000,1,1,1,0,1,
1015100,55.000000,0.500000,37.781800,1,1,1,0,1,
1015200,55.000000,0.500000,37.783600,1,1,1,0,1,
1015300,55.000000,0.500000,37.785400,1,1,1,0,1,
1015400,55.000000,0.500000,37.787200,1,1,1,0,1,
1015500,55.000000,0.500000,37.789000,1,1,1,0,1,
1015600,55.000000,0.500000,37.790800,1,1,1,0,1,
1015700,55.000000,0.500000,37.792600,1,1,1,0,1,
1015800,55.000000,0.500000,37.794400,1,1,1,0,1,
1015900,55.000000,0.500000,37.796200,1,1,1,0,1,
1016000,55.000000,0.500000,37.798000,1,1,1,0,1,
1016100,55.000000,0.500000,37.799800,1,1,1,0,1,
1016200,55.000000,0.500000,37.801600,1,1,1,0,1,
1016300,55.000000,0.500000,37.803400,1,1,1,0,1,
1016400,55.000000,0.500000,37.805200,1,1,1,0,1,
1016500,55.000000,0.500000,37.807000,1,1,1,0,1,
1016600,55.000000,0.500000,37.808800,1,1,1,0,1,
1016700,55.000000,0.500000,37.810600,1,1,1,0,1,
1016800,55.000000,0.500000,37.812400,1,1,1,0,1,
1016900,55.000000,0.500000,37.814200,1,1,1,0,1,
1017000,82.000000,0.500000,37.816000,1,1,1,0,1,
1017100,82.000000,0.500000,37.817800,1,1,1,0,1,
1017200,82.000000,0.500000,37.819600,1,1,1,0,1,
1017300,82.000000,0.500000,37.821400,1,1,1,0,1,
1017400,82.000000,0.500000,37.823200,1,1,1,0,1,
1017500,82.000000,0.500000,37.825000,1,1,1,0,1,
1017600,82.000000,0.500000,37.826800,1,1,1,0,1,
1017700,82.000000,0.500000,37.828600,1,1,1,0,1,
1017800,82.000000,0.500000,37.830400,1,1,1,0,1,
1017900,82.000000,0.500000,37.832200,1,1,1,0,1,
1018000,82.000000,0.500000,37.834000,1,1,1,0,1,
1018100,82.000000,0.500000,37.835800,1,1,1,0,1,
1018200,82.000000,0.500000,37.837600,1,1,1,0,1,
1018300,82.000000,0.500000,37.839400,1,1,1,0,1,
1018400,82.000000,0.500000,37.841200,1,1,1,0,1,
1018500,82.000000,0.500000,37.843000,1,1,1,0,1,
1018600,82.000000,0.500000,37.844800,1,1,1,0,1,
1018700,82.000000,0.500000,37.846600,1,1,1,0,1,
1018800,82.000000,0.500000,37.848400,1,1,1,0,1,
1018900,82.000000,0.500000,37.850200,1,1,1,0,1,
1019000,-15.000000,0.500000,37.852000,1,1,1,0,1,
1019100,-15.000000,0.500000,37.853800,1,1,1,0,1,
1019200,-15.000000,0.500000,37.855600,1,1,1,0,1,
1019300,-15.000000,0.500000,37.857400,1,1,1,0,1,
1019400,-15.000000,0.500000,37.859200,1,1,1,0,1,
1019500,-15.000000,0.500000,37.861000,1,1,1,0,1,
1019600,-15.000000,0.500000,37.862800,1,1,1,0,1,
1019700,-15.000000,0.500000,37.864600,1,1,1,0,1,
1019800,-15.000000,0.500000,37.866400,1,1,1,0,1,
1019900,-15.000000,0.500000,37.868200,1,1,1,0,1,
1020000,42.000000,0.500000,37.870000,1,1,1,0,1,
1020100,42.000000,0.500000,37.871800,1,1,1,0,1,
1020200,42.000000,0.500000,37.873600,1,1,1,0,1,
1020300,42.000000,0.500000,37.875400,1,1,1,0,1,
1020400,42.000000,0.500000,37.877200,1,1,1,0,1,
1020500,42.000000,0.500000,37.879000,1,1,1,0,1,
1020600,42.000000,0.500000,37.880800,1,1,1,0,1,
1020700,42.000000,0.500000,37.882600,1,1,1,0,1,
1020800,42.000000,0.500000,37.884400,1,1,1,0,1,
1020900,42.000000,0.500000,37.886200,1,1,1,0,1,
1021000,42.000000,0.500000,37.888000,1,1,1,0,1,
1021100,42.000000,0.500000,37.889800,1,1,1,0,1,
1021200,42.000000,0.500000,37.891600,1,1,1,0,1,
1021300,42.000000,0.500000,37.893400,1,1,1,0,1,
1021400,42.000000,0.500000,37.895200,1,1,1,0,1,
1021500,42.000000,0.500000,37.897000,1,1,1,0,1,
1021600,42.000000,0.500000,37.898800,1,1,1,0,1,
1021700,42.000000,0.500000,37.900600,1,1,1,0,1,
1021800,42.000000,0.500000,37.902400,1,1,1,0,1,
1021900,42.000000,0.500000,37.904200,1,1,1,0,1,
1022000,42.000000,0.500000,37.906000,1,1,1,0,1,
1022100,42.000000,0.500000,37.907800,1,1,1,0,1,
1022200,42.000000,0.500000,37.909600,1,1,1,0,1,
1022300,42.000000,0.500000,37.911400,1,1,1,0,1,
1022400,42.000000,0.500000,37.913200,1,1,1,0,1,
1022500,42.000000,0.500000,37.915000,1,1,1,0,1,
1022600,42.000000,0.500000,37.916800,1,1,1,0,1,
1022700,42.000000,0.500000,37.918600,1,1,1,0,1,
1022800,42.000000,0.500000,37.920400,1,1,1,0,1,
1022900,42.000000,0.500000,37.922200,1,1,1,0,1,
1023000,42.000000,0.500000,37.924000,1,1,1,0,1,
1023100,42.000000,0.500000,37.925800,1,1,1,0,1,
1023200,42.000000,0.500000,37.927600,1,1,1,0,1,
1023300,42.000000,0.500000,37.929400,1,1,1,0,1,
1023400,42.000000,0.500000,37.931200,1,1,1,0,1,
1023500,42.000000,0.500000,37.933000,1,1,1,0,1,
1023600,42.000000,0.500000,37.934800,1,1,1,0,1,
1023700,42.000000,0.500000,37.936600,1,1,1,0,1,
1023800,42.000000,0.500000,37.938400,1,1,1,0,1,
1023900,42.000000,0.500000,37.940200,1,1,1,0,1,
1024000,42.000000,0.500000,37.942000,1,1,1,0,1,
1024100,42.000000,0.500000,37.943800,1,1,1,0,1,
1024200,42.000000,0.500000,37.945600,1,1,1,0,1,
1024300,42.000000,0.500000,37.947400,1,1,1,0,1,
1024400,42.000000,0.500000,37.949200,1,1,1,0,1,
1024500,42.000000,0.500000,37.951000,1,1,1,0,1,
1024600,42.000000,0.500000,37.952800,1,1,1,0,1,
1024700,42.000000,0.500000,37.954600,1,1,1,0,1,
1024800,42.000000,0.500000,37.956400,1,1,1,0,1,
1024900,42.000000,0.500000,37.958200,1,1,1,0,1,
1025000,95.000000,0.500000,37.960000,1,1,1,0,1,
1025100,95.000000,0.500000,37.961800,1,1,1,0,1,
1025200,95.000000,0.500000,37.963600,1,1,1,0,1,
1025300,95.000000,0.500000,37.965400,1,1,1,0,1,
1025400,95.000000,0.500000,37.967200,1,1,1,0,1,
1025500,95.000000,0.500000,37.969000,1,1,1,0,1,
1025600,95.000000,0.500000,37.970800,1,1,1,0,1,
1025700,95.000000,0.500000,37.972600,1,1,1,0,1,
1025800,95.000000,0.500000,37.974400,1,1,1,0,1,
1025900,95.000000,0.500000,37.976200,1,1,1,0,1,
1026000,95.000000,0.500000,37.978000,1,1,1,0,1,
1026100,95.000000,0.500000,37.979800,1,1,1,0,1,
1026200,95.000000,0.500000,37.981600,1,1,1,0,1,
1026300,95.000000,0.500000,37.983400,1,1,1,0,1,
1026400,95.000000,0.500000,37.985200,1,1,1,0,1,
1026500,95.000000,0.500000,37.987000,1,1,1,0,1,
1026600,95.000000,0.500000,37.988800,1,1,1,0,1,
1026700,95.000000,0.500000,37.990600,1,1,1,0,1,
1026800,95.000000,0.500000,37.992400,1,1,1,0,1,
1026900,95.000000,0.500000,37.994200,1,1,1,0,1,
1027000,68.000000,0.500000,37.996000,1,1,1,0,1,
1027100,68.000000,0.500000,37.997800,1,1,1,0,1,
1027200,68.000000,0.500000,37.999600,1,1,1,0,1,
1027300,68.000000,0.500000,38.001400,1,1,1,0,1,
1027400,68.000000,0.500000,38.003200,1,1,1,0,1,
1027500,68.000000,0.500000,38.005000,1,1,1,0,1,
1027600,68.000000,0.500000,38.006800,1,1,1,0,1,
1027700,68.000000,0.500000,38.008600,1,1,1,0,1,
1027800,68.000000,0.500000,38.010400,1,1,1,0,1,
1027900,68.000000,0.500000,38.012200,1,1,1,0,1,
1028000,68.000000,0.500000,38.014000,1,1,1,0,1,
1028100,68.000000,0.500000,38.015800,1,1,1,0,1,
1028200,68.000000,0.500000,38.017600,1,1,1,0,1,
1028300,68.000000,0.500000,38.019400,1,1,1,0,1,
1028400,68.000000,0.500000,38.021200,1,1,1,0,1,
1028500,68.000000,0.500000,38.023000,1,1,1,0,1,
1028600,68.000000,0.500000,38.024800,1,1,1,0,1,
1028700,68.000000,0.500000,38.026600,1,1,1,0,1,
1028800,68.000000,0.500000,38.028400,1,1,1,0,1,
1028900,68.000000,0.500000,38.030200,1,1,1,0,1,
1029000,68.000000,0.500000,38.032000,1,1,1,0,1,
1029100,68.000000,0.500000,38.033800,1,1,1,0,1,
1029200,68.000000,0.500000,38.035600,1,1,1,0,1,
1029300,68.000000,0.500000,38.037400,1,1,1,0,1,
1029400,68.000000,0.500000,38.039200,1,1,1,0,1,
1029500,68.000000,0.500000,38.041000,1,1,1,0,1,
1029600,68.000000,0.500000,38.042800,1,1,1,0,1,
1029700,68.000000,0.500000,38.044600,1,1,1,0,1,
1029800,68.000000,0.500000,38.046400,1,1,1,0,1,
1029900,68.000000,0.500000,38.048200,1,1,1,0,1,
1030000,-25.000000,0.500000,38.050000,1,1,1,0,1,
1030100,-25.000000,0.500000,38.051800,1,1,1,0,1,
1030200,-25.000000,0.500000,38.053600,1,1,1,0,1,
1030300,-25.000000,0.500000,38.055400,1,1,1,0,1,
1030400,-25.000000,0.500000,38.057200,1,1,1,0,1,
1030500,-25.000000,0.500000,38.059000,1,1,1,0,1,
1030600,-25.000000,0.500000,38.060800,1,1,1,0,1,
1030700,-25.000000,0.500000,38.062600,1,1,1,0,1,
1030800,-25.000000,0.500000,38.064400,1,1,1,0,1,
1030900,-25.000000,0.500000,38.066200,1,1,1,0,1,
1031000,55.000000,0.500000,38.068000,1,1,1,0,1,
1031100,55.000000,0.500000,38.069800,1,1,1,0,1,
1031200,55.000000,0.500000,38.071600,1,1,1,0,1,
1031300,55.000000,0.500000,38.073400,1,1,1,0,1,
1031400,55.000000,0.500000,38.075200,1,1,1,0,1,
1031500,55.000000,0.500000,38.077000,1,1,1,0,1,
1031600,55.000000,0.500000,38.078800,1,1,1,0,1,
1031700,55.000000,0.500000,38.080600,1,1,1,0,1,
1031800,55.000000,0.500000,38.082400,1,1,1,0,1,
1031900,55.000000,0.500000,38.084200,1,1,1,0,1,
1032000,55.000000,0.500000,38.086000,1,1,1,0,1,
1032100,55.000000,0.500000,38.087800,1,1,1,0,1,
1032200,55.000000,0.500000,38.089600,1,1,1,0,1,
1032300,55.000000,0.500000,38.091400,1,1,1,0,1,
1032400,55.000000,0.500000,38.093200,1,1,1,0,1,
1032500,55.000000,0.500000,38.095000,1,1,1,0,1,
1032600,55.000000,0.500000,38.096800,1,1,1,0,1,
1032700,55.000000,0.500000,38.098600,1,1,1,0,1,
1032800,55.000000,0.500000,38.100400,1,1,1,0,1,
1032900,55.000000,0.500000,38.102200,1,1,1,0,1,
1033000,55.000000,0.500000,38.104000,1,1,1,0,1,
1033100,55.000000,0.500000,38.105800,1,1,1,0,1,
1033200,55.000000,0.500000,38.107600,1,1,1,0,1,
1033300,55.000000,0.500000,38.109400,1,1,1,0,1,
1033400,55.000000,0.500000,38.111200,1,1,1,0,1,
1033500,55.000000,0.500000,38.113000,1,1,1,0,1,
1033600,55.000000,0.500000,38.114800,1,1,1,0,1,
1033700,55.000000,0.500000,38.116600,1,1,1,0,1,
1033800,55.000000,0.500000,38.118400,1,1,1,0,1,
1033900,55.000000,0.500000,38.120200,1,1,1,0,1,
1034000,55.000000,0.500000,38.122000,1,1,1,0,1,
1034100,55.000000,0.500000,38.123800,1,1,1,0,1,
1034200,55.000000,0.500000,38.125600,1,1,1,0,1,
1034300,55.000000,0.500000,38.127400,1,1,1,0,1,
1034400,55.000000,0.500000,38.129200,1,1,1,0,1,
1034500,55.000000,0.500000,38.131000,1,1,1,0,1,
1034600,55.000000,0.500000,38.132800,1,1,1,0,1,
1034700,55.000000,0.500000,38.134600,1,1,1,0,1,
1034800,55.000000,0.500000,38.136400,1,1,1,0,1,
1034900,55.000000,0.500000,38.138200,1,1,1,0,1,
1035000,55.000000,0.500000,38.140000,1,1,1,0,1,
1035100,55.000000,0.500000,38.141800,1,1,1,0,1,
1035200,55.000000,0.500000,38.143600,1,1,1,0,1,
1035300,55.000000,0.500000,38.145400,1,1,1,0,1,
1035400,55.000000,0.500000,38.147200,1,1,1,0,1,
1035500,55.000000,0.500000,38.149000,1,1,1,0,1,
1035600,55.000000,0.500000,38.150800,1,1,1,0,1,
1035700,55.000000,0.500000,38.152600,1,1,1,0,1,
1035800,55.000000,0.500000,38.154400,1,1,1,0,1,
1035900,55.000000,0.500000,38.156200,1,1,1,0,1,
1036000,55.000000,0.500000,38.158000,1,1,1,0,1,
1036100,55.000000,0.500000,38.159800,1,1,1,0,1,
1036200,55.000000,0.500000,38.161600,1,1,1,0,1,
1036300,55.000000,0.500000,38.163400,1,1,1,0,1,
1036400,55.000000,0.500000,38.165200,1,1,1,0,1,
1036500,55.000000,0.500000,38.167000,1,1,1,0,1,
1036600,55.000000,0.500000,38.168800,1,1,1,0,1,
1036700,55.000000,0.500000,38.170600,1,1,1,0,1,
1036800,55.000000,0.500000,38.172400,1,1,1,0,1,
1036900,55.000000,0.500000,38.174200,1,1,1,0,1,
1037000,82.000000,0.500000,38.176000,1,1,1,0,1,
1037100,82.000000,0.500000,38.177800,1,1,1,0,1,
1037200,82.000000,0.500000,38.179600,1,1,1,0,1,
1037300,82.000000,0.500000,38.181400,1,1,1,0,1,
1037400,82.000000,0.500000,38.183200,1,1,1,0,1,
1037500,82.000000,0.500000,38.185000,1,1,1,0,1,
1037600,82.000000,0.500000,38.186800,1,1,1,0,1,
1037700,82.000000,0.500000,38.188600,1,1,1,0,1,
1037800,82.000000,0.500000,38.190400,1,1,1,0,1,
1037900,82.000000,0.500000,38.192200,1,1,1,0,1,
1038000,82.000000,0.500000,38.194000,1,1,1,0,1,
1038100,82.000000,0.500000,38.195800,1,1,1,0,1,
1038200,82.000000,0.500000,38.197600,1,1,1,0,1,
1038300,82.000000,0.500000,38.199400,1,1,1,0,1,
1038400,82.000000,0.500000,38.201200,1,1,1,0,1,
1038500,82.000000,0.500000,38.203000,1,1,1,0,1,
1038600,82.000000,0.500000,38.204800,1,1,1,0,1,
1038700,82.000000,0.500000,38.206600,1,1,1,0,1,
1038800,82.000000,0.500000,38.208400,1,1,1,0,1,
1038900,82.000000,0.500000,38.210200,1,1,1,0,1,
1039000,-15.000000,0.500000,38.212000,1,1,1,0,1,
1039100,-15.000000,0.500000,38.213800,1,1,1,0,1,
1039200,-15.000000,0.500000,38.215600,1,1,1,0,1,
1039300,-15.000000,0.500000,38.217400,1,1,1,0,1,
1039400,-15.000000,0.500000,38.219200,1,1,1,0,1,
1039500,-15.000000,0.500000,38.221000,1,1,1,0,1,
1039600,-15.000000,0.500000,38.222800,1,1,1,0,1,
1039700,-15.000000,0.500000,38.224600,1,1,1,0,1,
1039800,-15.000000,0.500000,38.226400,1,1,1,0,1,
1039900,-15.000000,0.500000,38.228200,1,1,1,0,1,
1040000,42.000000,0.500000,38.230000,1,1,1,0,1,
1040100,42.000000,0.500000,38.231800,1,1,1,0,1,
1040200,42.000000,0.500000,38.233600,1,1,1,0,1,
1040300,42.000000,0.500000,38.235400,1,1,1,0,1,
1040400,42.000000,0.500000,38.237200,1,1,1,0,1,
1040500,42.000000,0.500000,38.239000,1,1,1,0,1,
1040600,42.000000,0.500000,38.240800,1,1,1,0,1,
1040700,42.000000,0.500000,38.242600,1,1,1,0,1,
1040800,42.000000,0.500000,38.244400,1,1,1,0,1,
1040900,42.000000,0.500000,38.246200,1,1,1,0,1,
1041000,42.000000,0.500000,38.248000,1,1,1,0,1,
1041100,42.000000,0.500000,38.249800,1,1,1,0,1,
1041200,42.000000,0.500000,38.251600,1,1,1,0,1,
1041300,42.000000,0.500000,38.253400,1,1,1,0,1,
1041400,42.000000,0.500000,38.255200,1,1,1,0,1,
1041500,42.000000,0.500000,38.257000,1,1,1,0,1,
1041600,42.000000,0.500000,38.258800,1,1,1,0,1,
1041700,42.000000,0.500000,38.260600,1,1,1,0,1,
1041800,42.000000,0.500000,38.262400,1,1,1,0,1,
1041900,42.000000,0.500000,38.264200,1,1,1,0,1,
1042000,42.000000,0.500000,38.266000,1,1,1,0,1,
1042100,42.000000,0.500000,38.267800,1,1,1,0,1,
1042200,42.000000,0.500000,38.269600,1,1,1,0,1,
1042300,42.000000,0.500000,38.271400,1,1,1,0,1,
1042400,42.000000,0.500000,38.273200,1,1,1,0,1,
1042500,42.000000,0.500000,38.275000,1,1,1,0,1,
1042600,42.000000,0.500000,38.276800,1,1,1,0,1,
1042700,42.000000,0.500000,38.278600,1,1,1,0,1,
1042800,42.000000,0.500000,38.280400,1,1,1,0,1,
1042900,42.000000,0.500000,38.282200,1,1,1,0,1,
1043000,42.000000,0.500000,38.284000,1,1,1,0,1,
1043100,42.000000,0.500000,38.285800,1,1,1,0,1,
1043200,42.000000,0.500000,38.287600,1,1,1,0,1,
1043300,42.000000,0.500000,38.289400,1,1,1,0,1,
1043400,42.000000,0.500000,38.291200,1,1,1,0,1,
1043500,42.000000,0.500000,38.293000,1,1,1,0,1,
1043600,42.000000,0.500000,38.294800,1,1,1,0,1,
1043700,42.000000,0.500000,38.296600,1,1,1,0,1,
1043800,42.000000,0.500000,38.298400,1,1,1,0,1,
1043900,42.000000,0.500000,38.300200,1,1,1,0,1,
1044000,42.000000,0.500000,38.302000,1,1,1,0,1,
1044100,42.000000,0.500000,38.303800,1,1,1,0,1,
1044200,42.000000,0.500000,38.305600,1,1,1,0,1,
1044300,42.000000,0.500000,38.307400,1,1,1,0,1,
1044400,42.000000,0.500000,38.309200,1,1,1,0,1,
1044500,42.000000,0.500000,38.311000,1,1,1,0,1,
1044600,42.000000,0.500000,38.312800,1,1,1,0,1,
1044700,42.000000,0.500000,38.314600,1,1,1,0,1,
1044800,42.000000,0.500000,38.316400,1,1,1,0,1,
1044900,42.000000,0.500000,38.318200,1,1,1,0,1,
1045000,95.000000,0.500000,38.320000,1,1,1,0,1,
1045100,95.000000,0.500000,38.321800,1,1,1,0,1,
1045200,95.000000,0.500000,38.323600,1,1,1,0,1,
1045300,95.000000,0.500000,38.325400,1,1,1,0,1,
1045400,95.000000,0.500000,38.327200,1,1,1,0,1,
1045500,95.000000,0.500000,38.329000,1,1,1,0,1,
1045600,95.000000,0.500000,38.330800,1,1,1,0,1,
1045700,95.000000,0.500000,38.332600,1,1,1,0,1,
1045800,95.000000,0.500000,38.334400,1,1,1,0,1,
1045900,95.000000,0.500000,38.336200,1,1,1,0,1,
1046000,95.000000,0.500000,38.338000,1,1,1,0,1,
1046100,95.000000,0.500000,38.339800,1,1,1,0,1,
1046200,95.000000,0.500000,38.341600,1,1,1,0,1,
1046300,95.000000,0.500000,38.343400,1,1,1,0,1,
1046400,95.000000,0.500000,38.345200,1,1,1,0,1,
1046500,95.000000,0.500000,38.347000,1,1,1,0,1,
1046600,95.000000,0.500000,38.348800,1,1,1,0,1,
1046700,95.000000,0.500000,38.350600,1,1,1,0,1,
1046800,95.000000,0.500000,38.352400,1,1,1,0,1,
1046900,95.000000,0.500000,38.354200,1,1,1,0,1,
1047000,68.000000,0.500000,38.356000,1,1,1,0,1,
1047100,68.000000,0.500000,38.357800,1,1,1,0,1,
1047200,68.000000,0.500000,38.359600,1,1,1,0,1,
1047300,68.000000,0.500000,38.361400,1,1,1,0,1,
1047400,68.000000,0.500000,38.363200,1,1,1,0,1,
1047500,68.000000,0.500000,38.365000,1,1,1,0,1,
1047600,68.000000,0.500000,38.366800,1,1,1,0,1,
1047700,68.000000,0.500000,38.368600,1,1,1,0,1,
1047800,68.000000,0.500000,38.370400,1,1,1,0,1,
1047900,68.000000,0.500000,38.372200,1,1,1,0,1,
1048000,68.000000,0.500000,38.374000,1,1,1,0,1,
1048100,68.000000,0.500000,38.375800,1,1,1,0,1,
1048200,68.000000,0.500000,38.377600,1,1,1,0,1,
1048300,68.000000,0.500000,38.379400,1,1,1,0,1,
1048400,68.000000,0.500000,38.381200,1,1,1,0,1,
1048500,68.000000,0.500000,38.383000,1,1,1,0,1,
1048600,68.000000,0.500000,38.384800,1,1,1,0,1,
1048700,68.000000,0.500000,38.386600,1,1,1,0,1,
1048800,68.000000,0.500000,38.388400,1,1,1,0,1,
1048900,68.000000,0.500000,38.390200,1,1,1,0,1,
1049000,68.000000,0.500000,38.392000,1,1,1,0,1,
1049100,68.000000,0.500000,38.393800,1,1,1,0,1,
1049200,68.000000,0.500000,38.395600,1,1,1,0,1,
1049300,68.000000,0.500000,38.397400,1,1,1,0,1,
1049400,68.000000,0.500000,38.399200,1,1,1,0,1,
1049500,68.000000,0.500000,38.401000,1,1,1,0,1,
1049600,68.000000,0.500000,38.402800,1,1,1,0,1,
1049700,68.000000,0.500000,38.404600,1,1,1,0,1,
1049800,68.000000,0.500000,38.406400,1,1,1,0,1,
1049900,68.000000,0.500000,38.408200,1,1,1,0,1,
1050000,-25.000000,0.500000,38.410000,1,1,1,0,1,
1050100,-25.000000,0.500000,38.411800,1,1,1,0,1,
1050200,-25.000000,0.500000,38.413600,1,1,1,0,1,
1050300,-25.000000,0.500000,38.415400,1,1,1,0,1,
1050400,-25.000000,0.500000,38.417200,1,1,1,0,1,
1050500,-25.000000,0.500000,38.419000,1,1,1,0,1,
1050600,-25.000000,0.500000,38.420800,1,1,1,0,1,
1050700,-25.000000,0.500000,38.422600,1,1,1,0,1,
1050800,-25.000000,0.500000,38.424400,1,1,1,0,1,
1050900,-25.000000,0.500000,38.426200,1,1,1,0,1,
1051000,55.000000,0.500000,38.428000,1,1,1,0,1,
1051100,55.000000,0.500000,38.429800,1,1,1,0,1,
1051200,55.000000,0.500000,38.431600,1,1,1,0,1,
1051300,55.000000,0.500000,38.433400,1,1,1,0,1,
1051400,55.000000,0.500000,38.435200,1,1,1,0,1,
1051500,55.000000,0.500000,38.437000,1,1,1,0,1,
1051600,55.000000,0.500000,38.438800,1,1,1,0,1,
1051700,55.000000,0.500000,38.440600,1,1,1,0,1,
1051800,55.000000,0.500000,38.442400,1,1,1,0,1,
1051900,55.000000,0.500000,38.444200,1,1,1,0,1,
1052000,55.000000,0.500000,38.446000,1,1,1,0,1,
1052100,55.000000,0.500000,38.447800,1,1,1,0,1,
1052200,55.000000,0.500000,38.449600,1,1,1,0,1,
1052300,55.000000,0.500000,38.451400,1,1,1,0,1,
1052400,55.000000,0.500000,38.453200,1,1,1,0,1,
1052500,55.000000,0.500000,38.455000,1,1,1,0,1,
1052600,55.000000,0.500000,38.456800,1,1,1,0,1,
1052700,55.000000,0.500000,38.458600,1,1,1,0,1,
1052800,55.000000,0.500000,38.460400,1,1,1,0,1,
1052900,55.000000,0.500000,38.462200,1,1,1,0,1,
1053000,55.000000,0.500000,38.464000,1,1,1,0,1,
1053100,55.000000,0.500000,38.465800,1,1,1,0,1,
1053200,55.000000,0.500000,38.467600,1,1,1,0,1,
1053300,55.000000,0.500000,38.469400,1,1,1,0,1,
1053400,55.000000,0.500000,38.471200,1,1,1,0,1,
1053500,55.000000,0.500000,38.473000,1,1,1,0,1,
1053600,55.000000,0.500000,38.474800,1,1,1,0,1,
1053700,55.000000,0.500000,38.476600,1,1,1,0,1,
1053800,55.000000,0.500000,38.478400,1,1,1,0,1,
1053900,55.000000,0.500000,38.480200,1,1,1,0,1,
1054000,55.000000,0.500000,38.482000,1,1,1,0,1,
1054100,55.000000,0.500000,38.483800,1,1,1,0,1,
1054200,55.000000,0.500000,38.485600,1,1,1,0,1,
1054300,55.000000,0.500000,38.487400,1,1,1,0,1,
1054400,55.000000,0.500000,38.489200,1,1,1,0,1,
1054500,55.000000,0.500000,38.491000,1,1,1,0,1,
1054600,55.000000,0.500000,38.492800,1,1,1,0,1,
1054700,55.000000,0.500000,38.494600,1,1,1,0,1,
1054800,55.000000,0.500000,38.496400,1,1,1,0,1,
1054900,55.000000,0.500000,38.498200,1,1,1,0,1,
1055000,55.000000,0.500000,38.500000,1,1,1,0,1,
1055100,55.000000,0.500000,38.501800,1,1,1,0,1,
1055200,55.000000,0.500000,38.503600,1,1,1,0,1,
1055300,55.000000,0.500000,38.505400,1,1,1,0,1,
1055400,55.000000,0.500000,38.507200,1,1,1,0,1,
1055500,55.000000,0.500000,38.509000,1,1,1,0,1,
1055600,55.000000,0.500000,38.510800,1,1,1,0,1,
1055700,55.000000,0.500000,38.512600,1,1,1,0,1,
1055800,55.000000,0.500000,38.514400,1,1,1,0,1,
1055900,55.000000,0.500000,38.516200,1,1,1,0,1,
1056000,55.000000,0.500000,38.518000,1,1,1,0,1,
1056100,55.000000,0.500000,38.519800,1,1,1,0,1,
1056200,55.000000,0.500000,38.521600,1,1,1,0,1,
1056300,55.000000,0.500000,38.523400,1,1,1,0,1,
1056400,55.000000,0.500000,38.525200,1,1,1,0,1,
1056500,55.000000,0.500000,38.527000,1,1,1,0,1,
1056600,55.000000,0.500000,38.528800,1,1,1,0,1,
1056700,55.000000,0.500000,38.530600,1,1,1,0,1,
1056800,55.000000,0.500000,38.532400,1,1,1,0,1,
1056900,55.000000,0.500000,38.534200,1,1,1,0,1,
1057000,82.000000,0.500000,38.536000,1,1,1,0,1,
1057100,82.000000,0.500000,38.537800,1,1,1,0,1,
1057200,82.000000,0.500000,38.539600,1,1,1,0,1,
1057300,82.000000,0.500000,38.541400,1,1,1,0,1,
1057400,82.000000,0.500000,38.543200,1,1,1,0,1,
1057500,82.000000,0.500000,38.545000,1,1,1,0,1,
1057600,82.000000,0.500000,38.546800,1,1,1,0,1,
1057700,82.000000,0.500000,38.548600,1,1,1,0,1,
1057800,82.000000,0.500000,38.550400,1,1,1,0,1,
1057900,82.000000,0.500000,38.552200,1,1,1,0,1,
1058000,82.000000,0.500000,38.554000,1,1,1,0,1,
1058100,82.000000,0.500000,38.555800,1,1,1,0,1,
1058200,82.000000,0.500000,38.557600,1,1,1,0,1,
1058300,82.000000,0.500000,38.559400,1,1,1,0,1,
1058400,82.000000,0.500000,38.561200,1,1,1,0,1,
1058500,82.000000,0.500000,38.563000,1,1,1,0,1,
1058600,82.000000,0.500000,38.564800,1,1,1,0,1,
1058700,82.000000,0.500000,38.566600,1,1,1,0,1,
1058800,82.000000,0.500000,38.568400,1,1,1,0,1,
1058900,82.000000,0.500000,38.570200,1,1,1,0,1,
1059000,-15.000000,0.500000,38.572000,1,1,1,0,1,
1059100,-15.000000,0.500000,38.573800,1,1,1,0,1,
1059200,-15.000000,0.500000,38.575600,1,1,1,0,1,
1059300,-15.000000,0.500000,38.577400,1,1,1,0,1,
1059400,-15.000000,0.500000,38.579200,1,1,1,0,1,
1059500,-15.000000,0.500000,38.581000,1,1,1,0,1,
1059600,-15.000000,0.500000,38.582800,1,1,1,0,1,
1059700,-15.000000,0.500000,38.584600,1,1,1,0,1,
1059800,-15.000000,0.500000,38.586400,1,1,1,0,1,
1059900,-15.000000,0.500000,38.588200,1,1,1,0,1,
1060000,42.000000,0.500000,38.590000,1,1,1,0,1,
1060100,42.000000,0.500000,38.591800,1,1,1,0,1,
1060200,42.000000,0.500000,38.593600,1,1,1,0,1,
1060300,42.000000,0.500000,38.595400,1,1,1,0,1,
1060400,42.000000,0.500000,38.597200,1,1,1,0,1,
1060500,42.000000,0.500000,38.599000,1,1,1,0,1,
1060600,42.000000,0.500000,38.600800,1,1,1,0,1,
1060700,42.000000,0.500000,38.602600,1,1,1,0,1,
1060800,42.000000,0.500000,38.604400,1,1,1,0,1,
1060900,42.000000,0.500000,38.606200,1,1,1,0,1,
1061000,42.000000,0.500000,38.608000,1,1,1,0,1,
1061100,42.000000,0.500000,38.609800,1,1,1,0,1,
1061200,42.000000,0.500000,38.611600,1,1,1,0,1,
1061300,42.000000,0.500000,38.613400,1,1,1,0,1,
1061400,42.000000,0.500000,38.615200,1,1,1,0,1,
1061500,42.000000,0.500000,38.617000,1,1,1,0,1,
1061600,42.000000,0.500000,38.618800,1,1,1,0,1,
1061700,42.000000,0.500000,38.620600,1,1,1,0,1,
1061800,42.000000,0.500000,38.622400,1,1,1,0,1,
1061900,42.000000,0.500000,38.624200,1,1,1,0,1,
1062000,42.000000,0.500000,38.626000,1,1,1,0,1,
1062100,42.000000,0.500000,38.627800,1,1,1,0,1,
1062200,42.000000,0.500000,38.629600,1,1,1,0,1,
1062300,42.000000,0.500000,38.631400,1,1,1,0,1,
1062400,42.000000,0.500000,38.633200,1,1,1,0,1,
1062500,42.000000,0.500000,38.635000,1,1,1,0,1,
1062600,42.000000,0.500000,38.636800,1,1,1,0,1,
1062700,42.000000,0.500000,38.638600,1,1,1,0,1,
1062800,42.000000,0.500000,38.640400,1,1,1,0,1,
1062900,42.000000,0.500000,38.642200,1,1,1,0,1,
1063000,42.000000,0.500000,38.644000,1,1,1,0,1,
1063100,42.000000,0.500000,38.645800,1,1,1,0,1,
1063200,42.000000,0.500000,38.647600,1,1,1,0,1,
1063300,42.000000,0.500000,38.649400,1,1,1,0,1,
1063400,42.000000,0.500000,38.651200,1,1,1,0,1,
1063500,42.000000,0.500000,38.653000,1,1,1,0,1,
1063600,42.000000,0.500000,38.654800,1,1,1,0,1,
1063700,42.000000,0.500000,38.656600,1,1,1,0,1,
1063800,42.000000,0.500000,38.658400,1,1,1,0,1,
1063900,42.000000,0.500000,38.660200,1,1,1,0,1,
1064000,42.000000,0.500000,38.662000,1,1,1,0,1,
1064100,42.000000,0.500000,38.663800,1,1,1,0,1,
1064200,42.000000,0.500000,38.665600,1,1,1,0,1,
1064300,42.000000,0.500000,38.667400,1,1,1,0,1,
1064400,42.000000,0.500000,38.669200,1,1,1,0,1,
1064500,42.000000,0.500000,38.671000,1,1,1,0,1,
1064600,42.000000,0.500000,38.672800,1,1,1,0,1,
1064700,42.000000,0.500000,38.674600,1,1,1,0,1,
1064800,42.000000,0.500000,38.676400,1,1,1,0,1,
1064900,42.000000,0.500000,38.678200,1,1,1,0,1,
1065000,95.000000,0.500000,38.680000,1,1,1,0,1,
1065100,95.000000,0.500000,38.681800,1,1,1,0,1,
1065200,95.000000,0.500000,38.683600,1,1,1,0,1,
1065300,95.000000,0.500000,38.685400,1,1,1,0,1,
1065400,95.000000,0.500000,38.687200,1,1,1,0,1,
1065500,95.000000,0.500000,38.689000,1,1,1,0,1,
1065600,95.000000,0.500000,38.690800,1,1,1,0,1,
1065700,95.000000,0.500000,38.692600,1,1,1,0,1,
1065800,95.000000,0.500000,38.694400,1,1,1,0,1,
1065900,95.000000,0.500000,38.696200,1,1,1,0,1,
1066000,95.000000,0.500000,38.698000,1,1,1,0,1,
1066100,95.000000,0.500000,38.699800,1,1,1,0,1,
1066200,95.000000,0.500000,38.701600,1,1,1,0,1,
1066300,95.000000,0.500000,38.703400,1,1,1,0,1,
1066400,95.000000,0.500000,38.705200,1,1,1,0,1,
1066500,95.000000,0.500000,38.707000,1,1,1,0,1,
1066600,95.000000,0.500000,38.708800,1,1,1,0,1,
1066700,95.000000,0.500000,38.710600,1,1,1,0,1,
1066800,95.000000,0.500000,38.712400,1,1,1,0,1,
1066900,95.000000,0.500000,38.714200,1,1,1,0,1,
1067000,68.000000,0.500000,38.716000,1,1,1,0,1,
1067100,68.000000,0.500000,38.717800,1,1,1,0,1,
1067200,68.000000,0.500000,38.719600,1,1,1,0,1,
1067300,68.000000,0.500000,38.721400,1,1,1,0,1,
1067400,68.000000,0.500000,38.723200,1,1,1,0,1,
1067500,68.000000,0.500000,38.725000,1,1,1,0,1,
1067600,68.000000,0.500000,38.726800,1,1,1,0,1,
1067700,68.000000,0.500000,38.728600,1,1,1,0,1,
1067800,68.000000,0.500000,38.730400,1,1,1,0,1,
1067900,68.000000,0.500000,38.732200,1,1,1,0,1,
1068000,68.000000,0.500000,38.734000,1,1,1,0,1,
1068100,68.000000,0.500000,38.735800,1,1,1,0,1,
1068200,68.000000,0.500000,38.737600,1,1,1,0,1,
1068300,68.000000,0.500000,38.739400,1,1,1,0,1,
1068400,68.000000,0.500000,38.741200,1,1,1,0,1,
1068500,68.000000,0.500000,38.743000,1,1,1,0,1,
1068600,68.000000,0.500000,38.744800,1,1,1,0,1,
1068700,68.000000,0.500000,38.746600,1,1,1,0,1,
1068800,68.000000,0.500000,38.748400,1,1,1,0,1,
1068900,68.000000,0.500000,38.750200,1,1,1,0,1,
1069000,68.000000,0.500000,38.752000,1,1,1,0,1,
1069100,68.000000,0.500000,38.753800,1,1,1,0,1,
1069200,68.000000,0.500000,38.755600,1,1,1,0,1,
1069300,68.000000,0.500000,38.757400,1,1,1,0,1,
1069400,68.000000,0.500000,38.759200,1,1,1,0,1,
1069500,68.000000,0.500000,38.761000,1,1,1,0,1,
1069600,68.000000,0.500000,38.762800,1,1,1,0,1,
1069700,68.000000,0.500000,38.764600,1,1,1,0,1,
1069800,68.000000,0.500000,38.766400,1,1,1,0,1,
1069900,68.000000,0.500000,38.768200,1,1,1,0,1,
1070000,-25.000000,0.500000,38.770000,1,1,1,0,1,
1070100,-25.000000,0.500000,38.771800,1,1,1,0,1,
1070200,-25.000000,0.500000,38.773600,1,1,1,0,1,
1070300,-25.000000,0.500000,38.775400,1,1,1,0,1,
1070400,-25.000000,0.500000,38.777200,1,1,1,0,1,
1070500,-25.000000,0.500000,38.779000,1,1,1,0,1,
1070600,-25.000000,0.500000,38.780800,1,1,1,0,1,
1070700,-25.000000,0.500000,38.782600,1,1,1,0,1,
1070800,-25.000000,0.500000,38.784400,1,1,1,0,1,
1070900,-25.000000,0.500000,38.786200,1,1,1,0,1,
1071000,55.000000,0.500000,38.788000,1,1,1,0,1,
1071100,55.000000,0.500000,38.789800,1,1,1,0,1,
1071200,55.000000,0.500000,38.791600,1,1,1,0,1,
1071300,55.000000,0.500000,38.793400,1,1,1,0,1,
1071400,55.000000,0.500000,38.795200,1,1,1,0,1,
1071500,55.000000,0.500000,38.797000,1,1,1,0,1,
1071600,55.000000,0.500000,38.798800,1,1,1,0,1,
1071700,55.000000,0.500000,38.800600,1,1,1,0,1,
1071800,55.000000,0.500000,38.802400,1,1,1,0,1,
1071900,55.000000,0.500000,38.804200,1,1,1,0,1,
1072000,55.000000,0.500000,38.806000,1,1,1,0,1,
1072100,55.000000,0.500000,38.807800,1,1,1,0,1,
1072200,55.000000,0.500000,38.809600,1,1,1,0,1,
1072300,55.000000,0.500000,38.811400,1,1,1,0,1,
1072400,55.000000,0.500000,38.813200,1,1,1,0,1,
1072500,55.000000,0.500000,38.815000,1,1,1,0,1,
1072600,55.000000,0.500000,38.816800,1,1,1,0,1,
1072700,55.000000,0.500000,38.818600,1,1,1,0,1,
1072800,55.000000,0.500000,38.820400,1,1,1,0,1,
1072900,55.000000,0.500000,38.822200,1,1,1,0,1,
1073000,55.000000,0.500000,38.824000,1,1,1,0,1,
1073100,55.000000,0.500000,38.825800,1,1,1,0,1,
1073200,55.000000,0.500000,38.827600,1,1,1,0,1,
1073300,55.000000,0.500000,38.829400,1,1,1,0,1,
1073400,55.000000,0.500000,38.831200,1,1,1,0,1,
1073500,55.000000,0.500000,38.833000,1,1,1,0,1,
1073600,55.000000,0.500000,38.834800,1,1,1,0,1,
1073700,55.000000,0.500000,38.836600,1,1,1,0,1,
1073800,55.000000,0.500000,38.838400,1,1,1,0,1,
1073900,55.000000,0.500000,38.840200,1,1,1,0,1,
1074000,55.000000,0.500000,38.842000,1,1,1,0,1,
1074100,55.000000,0.500000,38.843800,1,1,1,0,1,
1074200,55.000000,0.500000,38.845600,1,1,1,0,1,
1074300,55.000000,0.500000,38.847400,1,1,1,0,1,
1074400,55.000000,0.500000,38.849200,1,1,1,0,1,
1074500,55.000000,0.500000,38.851000,1,1,1,0,1,
1074600,55.000000,0.500000,38.852800,1,1,1,0,1,
1074700,55.000000,0.500000,38.854600,1,1,1,0,1,
1074800,55.000000,0.500000,38.856400,1,1,1,0,1,
1074900,55.000000,0.500000,38.858200,1,1,1,0,1,
1075000,55.000000,0.500000,38.860000,1,1,1,0,1,
1075100,55.000000,0.500000,38.861800,1,1,1,0,1,
1075200,55.000000,0.500000,38.863600,1,1,1,0,1,
1075300,55.000000,0.500000,38.865400,1,1,1,0,1,
1075400,55.000000,0.500000,38.867200,1,1,1,0,1,
1075500,55.000000,0.500000,38.869000,1,1,1,0,1,
1075600,55.000000,0.500000,38.870800,1,1,1,0,1,
1075700,55.000000,0.500000,38.872600,1,1,1,0,1,
1075800,55.000000,0.500000,38.874400,1,1,1,0,1,
1075900,55.000000,0.500000,38.876200,1,1,1,0,1,
1076000,55.000000,0.500000,38.878000,1,1,1,0,1,
1076100,55.000000,0.500000,38.879800,1,1,1,0,1,
1076200,55.000000,0.500000,38.881600,1,1,1,0,1,
1076300,55.000000,0.500000,38.883400,1,1,1,0,1,
1076400,55.000000,0.500000,38.885200,1,1,1,0,1,
1076500,55.000000,0.500000,38.887000,1,1,1,0,1,
1076600,55.000000,0.500000,38.888800,1,1,1,0,1,
1076700,55.000000,0.500000,38.890600,1,1,1,0,1,
1076800,55.000000,0.500000,38.892400,1,1,1,0,1,
1076900,55.000000,0.500000,38.894200,1,1,1,0,1,
1077000,82.000000,0.500000,38.896000,1,1,1,0,1,
1077100,82.000000,0.500000,38.897800,1,1,1,0,1,
1077200,82.000000,0.500000,38.899600,1,1,1,0,1,
1077300,82.000000,0.500000,38.901400,1,1,1,0,1,
1077400,82.000000,0.500000,38.903200,1,1,1,0,1,
1077500,82.000000,0.500000,38.905000,1,1,1,0,1,
1077600,82.000000,0.500000,38.906800,1,1,1,0,1,
1077700,82.000000,0.500000,38.908600,1,1,1,0,1,
1077800,82.000000,0.500000,38.910400,1,1,1,0,1,
1077900,82.000000,0.500000,38.912200,1,1,1,0,1,
1078000,82.000000,0.500000,38.914000,1,1,1,0,1,
1078100,82.000000,0.500000,38.915800,1,1,1,0,1,
1078200,82.000000,0.500000,38.917600,1,1,1,0,1,
1078300,82.000000,0.500000,38.919400,1,1,1,0,1,
1078400,82.000000,0.500000,38.921200,1,1,1,0,1,
1078500,82.000000,0.500000,38.923000,1,1,1,0,1,
1078600,82.000000,0.500000,38.924800,1,1,1,0,1,
1078700,82.000000,0.500000,38.926600,1,1,1,0,1,
1078800,82.000000,0.500000,38.928400,1,1,1,0,1,
1078900,82.000000,0.500000,38.930200,1,1,1,0,1,
1079000,-15.000000,0.500000,38.932000,1,1,1,0,1,
1079100,-15.000000,0.500000,38.933800,1,1,1,0,1,
1079200,-15.000000,0.500000,38.935600,1,1,1,0,1,
1079300,-15.000000,0.500000,38.937400,1,1,1,0,1,
1079400,-15.000000,0.500000,38.939200,1,1,1,0,1,
1079500,-15.000000,0.500000,38.941000,1,1,1,0,1,
1079600,-15.000000,0.500000,38.942800,1,1,1,0,1,
1079700,-15.000000,0.500000,38.944600,1,1,1,0,1,
1079800,-15.000000,0.500000,38.946400,1,1,1,0,1,
1079900,-15.000000,0.500000,38.948200,1,1,1,0,1,
1080000,42.000000,0.500000,38.950000,1,1,1,0,1,
1080100,42.000000,0.500000,38.951800,1,1,1,0,1,
1080200,42.000000,0.500000,38.953600,1,1,1,0,1,
1080300,42.000000,0.500000,38.955400,1,1,1,0,1,
1080400,42.000000,0.500000,38.957200,1,1,1,0,1,
1080500,42.000000,0.500000,38.959000,1,1,1,0,1,
1080600,42.000000,0.500000,38.960800,1,1,1,0,1,
1080700,42.000000,0.500000,38.962600,1,1,1,0,1,
1080800,42.000000,0.500000,38.964400,1,1,1,0,1,
1080900,42.000000,0.500000,38.966200,1,1,1,0,1,
1081000,42.000000,0.500000,38.968000,1,1,1,0,1,
1081100,42.000000,0.500000,38.969800,1,1,1,0,1,
1081200,42.000000,0.500000,38.971600,1,1,1,0,1,
1081300,42.000000,0.500000,38.973400,1,1,1,0,1,
1081400,42.000000,0.500000,38.975200,1,1,1,0,1,
1081500,42.000000,0.500000,38.977000,1,1,1,0,1,
1081600,42.000000,0.500000,38.978800,1,1,1,0,1,
1081700,42.000000,0.500000,38.980600,1,1,1,0,1,
1081800,42.000000,0.500000,38.982400,1,1,1,0,1,
1081900,42.000000,0.500000,38.984200,1,1,1,0,1,
1082000,42.000000,0.500000,38.986000,1,1,1,0,1,
1082100,42.000000,0.500000,38.987800,1,1,1,0,1,
1082200,42.000000,0.500000,38.989600,1,1,1,0,1,
1082300,42.000000,0.500000,38.991400,1,1,1,0,1,
1082400,42.000000,0.500000,38.993200,1,1,1,0,1,
1082500,42.000000,0.500000,38.995000,1,1,1,0,1,
1082600,42.000000,0.500000,38.996800,1,1,1,0,1,
1082700,42.000000,0.500000,38.998600,1,1,1,0,1,
1082800,42.000000,0.500000,39.000400,1,1,1,0,1,
1082900,42.000000,0.500000,39.002200,1,1,1,0,1,
1083000,42.000000,0.500000,39.004000,1,1,1,0,1,
1083100,42.000000,0.500000,39.005800,1,1,1,0,1,
1083200,42.000000,0.500000,39.007600,1,1,1,0,1,
1083300,42.000000,0.500000,39.009400,1,1,1,0,1,
1083400,42.000000,0.500000,39.011200,1,1,1,0,1,
1083500,42.000000,0.500000,39.013000,1,1,1,0,1,
1083600,42.000000,0.500000,39.014800,1,1,1,0,1,
1083700,42.000000,0.500000,39.016600,1,1,1,0,1,
1083800,42.000000,0.500000,39.018400,1,1,1,0,1,
1083900,42.000000,0.500000,39.020200,1,1,1,0,1,
1084000,42.000000,0.500000,39.022000,1,1,1,0,1,
1084100,42.000000,0.500000,39.023800,1,1,1,0,1,
1084200,42.000000,0.500000,39.025600,1,1,1,0,1,
1084300,42.000000,0.500000,39.027400,1,1,1,0,1,
1084400,42.000000,0.500000,39.029200,1,1,1,0,1,
1084500,42.000000,0.500000,39.031000,1,1,1,0,1,
1084600,42.000000,0.500000,39.032800,1,1,1,0,1,
1084700,42.000000,0.500000,39.034600,1,1,1,0,1,
1084800,42.000000,0.500000,39.036400,1,1,1,0,1,
1084900,42.000000,0.500000,39.038200,1,1,1,0,1,
1085000,95.000000,0.500000,39.040000,1,1,1,0,1,
1085100,95.000000,0.500000,39.041800,1,1,1,0,1,
1085200,95.000000,0.500000,39.043600,1,1,1,0,1,
1085300,95.000000,0.500000,39.045400,1,1,1,0,1,
1085400,95.000000,0.500000,39.047200,1,1,1,0,1,
1085500,95.000000,0.500000,39.049000,1,1,1,0,1,
1085600,95.000000,0.500000,39.050800,1,1,1,0,1,
1085700,95.000000,0.500000,39.052600,1,1,1,0,1,
1085800,95.000000,0.500000,39.054400,1,1,1,0,1,
1085900,95.000000,0.500000,39.056200,1,1,1,0,1,
1086000,95.000000,0.500000,39.058000,1,1,1,0,1,
1086100,95.000000,0.500000,39.059800,1,1,1,0,1,
1086200,95.000000,0.500000,39.061600,1,1,1,0,1,
1086300,95.000000,0.500000,39.063400,1,1,1,0,1,
1086400,95.000000,0.500000,39.065200,1,1,1,0,1,
1086500,95.000000,0.500000,39.067000,1,1,1,0,1,
1086600,95.000000,0.500000,39.068800,1,1,1,0,1,
1086700,95.000000,0.500000,39.070600,1,1,1,0,1,
1086800,95.000000,0.500000,39.072400,1,1,1,0,1,
1086900,95.000000,0.500000,39.074200,1,1,1,0,1,
1087000,68.000000,0.500000,39.076000,1,1,1,0,1,
1087100,68.000000,0.500000,39.077800,1,1,1,0,1,
1087200,68.000000,0.500000,39.079600,1,1,1,0,1,
1087300,68.000000,0.500000,39.081400,1,1,1,0,1,
1087400,68.000000,0.500000,39.083200,1,1,1,0,1,
1087500,68.000000,0.500000,39.085000,1,1,1,0,1,
1087600,68.000000,0.500000,39.086800,1,1,1,0,1,
1087700,68.000000,0.500000,39.088600,1,1,1,0,1,
1087800,68.000000,0.500000,39.090400,1,1,1,0,1,
1087900,68.000000,0.500000,39.092200,1,1,1,0,1,
1088000,68.000000,0.500000,39.094000,1,1,1,0,1,
1088100,68.000000,0.500000,39.095800,1,1,1,0,1,
1088200,68.000000,0.500000,39.097600,1,1,1,0,1,
1088300,68.000000,0.500000,39.099400,1,1,1,0,1,
1088400,68.000000,0.500000,39.101200,1,1,1,0,1,
1088500,68.000000,0.500000,39.103000,1,1,1,0,1,
1088600,68.000000,0.500000,39.104800,1,1,1,0,1,
1088700,68.000000,0.500000,39.106600,1,1,1,0,1,
1088800,68.000000,0.500000,39.108400,1,1,1,0,1,
1088900,68.000000,0.500000,39.110200,1,1,1,0,1,
1089000,68.000000,0.500000,39.112000,1,1,1,0,1,
1089100,68.000000,0.500000,39.113800,1,1,1,0,1,
1089200,68.000000,0.500000,39.115600,1,1,1,0,1,
1089300,68.000000,0.500000,39.117400,1,1,1,0,1,
1089400,68.000000,0.500000,39.119200,1,1,1,0,1,
1089500,68.000000,0.500000,39.121000,1,1,1,0,1,
1089600,68.000000,0.500000,39.122800,1,1,1,0,1,
1089700,68.000000,0.500000,39.124600,1,1,1,0,1,
1089800,68.000000,0.500000,39.126400,1,1,1,0,1,
1089900,68.000000,0.500000,39.128200,1,1,1,0,1,
1090000,-25.000000,0.500000,39.130000,1,1,1,0,1,
1090100,-25.000000,0.500000,39.131800,1,1,1,0,1,
1090200,-25.000000,0.500000,39.133600,1,1,1,0,1,
1090300,-25.000000,0.500000,39.135400,1,1,1,0,1,
1090400,-25.000000,0.500000,39.137200,1,1,1,0,1,
1090500,-25.000000,0.500000,39.139000,1,1,1,0,1,
1090600,-25.000000,0.500000,39.140800,1,1,1,0,1,
1090700,-25.000000,0.500000,39.142600,1,1,1,0,1,
1090800,-25.000000,0.500000,39.144400,1,1,1,0,1,
1090900,-25.000000,0.500000,39.146200,1,1,1,0,1,
1091000,55.000000,0.500000,39.148000,1,1,1,0,1,
1091100,55.000000,0.500000,39.149800,1,1,1,0,1,
1091200,55.000000,0.500000,39.151600,1,1,1,0,1,
1091300,55.000000,0.500000,39.153400,1,1,1,0,1,
1091400,55.000000,0.500000,39.155200,1,1,1,0,1,
1091500,55.000000,0.500000,39.157000,1,1,1,0,1,
1091600,55.000000,0.500000,39.158800,1,1,1,0,1,
1091700,55.000000,0.500000,39.160600,1,1,1,0,1,
1091800,55.000000,0.500000,39.162400,1,1,1,0,1,
1091900,55.000000,0.500000,39.164200,1,1,1,0,1,
1092000,55.000000,0.500000,39.166000,1,1,1,0,1,
1092100,55.000000,0.500000,39.167800,1,1,1,0,1,
1092200,55.000000,0.500000,39.169600,1,1,1,0,1,
1092300,55.000000,0.500000,39.171400,1,1,1,0,1,
1092400,55.000000,0.500000,39.173200,1,1,1,0,1,
1092500,55.000000,0.500000,39.175000,1,1,1,0,1,
1092600,55.000000,0.500000,39.176800,1,1,1,0,1,
1092700,55.000000,0.500000,39.178600,1,1,1,0,1,
1092800,55.000000,0.500000,39.180400,1,1,1,0,1,
1092900,55.000000,0.500000,39.182200,1,1,1,0,1,
1093000,55.000000,0.500000,39.184000,1,1,1,0,1,
1093100,55.000000,0.500000,39.185800,1,1,1,0,1,
1093200,55.000000,0.500000,39.187600,1,1,1,0,1,
1093300,55.000000,0.500000,39.189400,1,1,1,0,1,
1093400,55.000000,0.500000,39.191200,1,1,1,0,1,
1093500,55.000000,0.500000,39.193000,1,1,1,0,1,
1093600,55.000000,0.500000,39.194800,1,1,1,0,1,
1093700,55.000000,0.500000,39.196600,1,1,1,0,1,
1093800,55.000000,0.500000,39.198400,1,1,1,0,1,
1093900,55.000000,0.500000,39.200200,1,1,1,0,1,
1094000,55.000000,0.500000,39.202000,1,1,1,0,1,
1094100,55.000000,0.500000,39.203800,1,1,1,0,1,
1094200,55.000000,0.500000,39.205600,1,1,1,0,1,
1094300,55.000000,0.500000,39.207400,1,1,1,0,1,
1094400,55.000000,0.500000,39.209200,1,1,1,0,1,
1094500,55.000000,0.500000,39.211000,1,1,1,0,1,
1094600,55.000000,0.500000,39.212800,1,1,1,0,1,
1094700,55.000000,0.500000,39.214600,1,1,1,0,1,
1094800,55.000000,0.500000,39.216400,1,1,1,0,1,
1094900,55.000000,0.500000,39.218200,1,1,1,0,1,
1095000,55.000000,0.500000,39.220000,1,1,1,0,1,
1095100,55.000000,0.500000,39.221800,1,1,1,0,1,
1095200,55.000000,0.500000,39.223600,1,1,1,0,1,
1095300,55.000000,0.500000,39.225400,1,1,1,0,1,
1095400,55.000000,0.500000,39.227200,1,1,1,0,1,
1095500,55.000000,0.500000,39.229000,1,1,1,0,1,
1095600,55.000000,0.500000,39.230800,1,1,1,0,1,
1095700,55.000000,0.500000,39.232600,1,1,1,0,1,
1095800,55.000000,0.500000,39.234400,1,1,1,0,1,
1095900,55.000000,0.500000,39.236200,1,1,1,0,1,
1096000,55.000000,0.500000,39.238000,1,1,1,0,1,
1096100,55.000000,0.500000,39.239800,1,1,1,0,1,
1096200,55.000000,0.500000,39.241600,1,1,1,0,1,
1096300,55.000000,0.500000,39.243400,1,1,1,0,1,
1096400,55.000000,0.500000,39.245200,1,1,1,0,1,
1096500,55.000000,0.500000,39.247000,1,1,1,0,1,
1096600,55.000000,0.500000,39.248800,1,1,1,0,1,
1096700,55.000000,0.500000,39.250600,1,1,1,0,1,
1096800,55.000000,0.500000,39.252400,1,1,1,0,1,
1096900,55.000000,0.500000,39.254200,1,1,1,0,1,
1097000,82.000000,0.500000,39.256000,1,1,1,0,1,
1097100,82.000000,0.500000,39.257800,1,1,1,0,1,
1097200,82.000000,0.500000,39.259600,1,1,1,0,1,
1097300,82.000000,0.500000,39.261400,1,1,1,0,1,
1097400,82.000000,0.500000,39.263200,1,1,1,0,1,
1097500,82.000000,0.500000,39.265000,1,1,1,0,1,
1097600,82.000000,0.500000,39.266800,1,1,1,0,1,
1097700,82.000000,0.500000,39.268600,1,1,1,0,1,
1097800,82.000000,0.500000,39.270400,1,1,1,0,1,
1097900,82.000000,0.500000,39.272200,1,1,1,0,1,
1098000,82.000000,0.500000,39.274000,1,1,1,0,1,
1098100,82.000000,0.500000,39.275800,1,1,1,0,1,
1098200,82.000000,0.500000,39.277600,1,1,1,0,1,
1098300,82.000000,0.500000,39.279400,1,1,1,0,1,
1098400,82.000000,0.500000,39.281200,1,1,1,0,1,
1098500,82.000000,0.500000,39.283000,1,1,1,0,1,
1098600,82.000000,0.500000,39.284800,1,1,1,0,1,
1098700,82.000000,0.500000,39.286600,1,1,1,0,1,
1098800,82.000000,0.500000,39.288400,1,1,1,0,1,
1098900,82.000000,0.500000,39.290200,1,1,1,0,1,
1099000,-15.000000,0.500000,39.292000,1,1,1,0,1,
1099100,-15.000000,0.500000,39.293800,1,1,1,0,1,
1099200,-15.000000,0.500000,39.295600,1,1,1,0,1,
1099300,-15.000000,0.500000,39.297400,1,1,1,0,1,
1099400,-15.000000,0.500000,39.299200,1,1,1,0,1,
1099500,-15.000000,0.500000,39.301000,1,1,1,0,1,
1099600,-15.000000,0.500000,39.302800,1,1,1,0,1,
1099700,-15.000000,0.500000,39.304600,1,1,1,0,1,
1099800,-15.000000,0.500000,39.306400,1,1,1,0,1,
1099900,-15.000000,0.500000,39.308200,1,1,1,0,1,
1100000,42.000000,0.500000,39.310000,1,1,1,0,1,
1100100,42.000000,0.500000,39.311800,1,1,1,0,1,
1100200,42.000000,0.500000,39.313600,1,1,1,0,1,
1100300,42.000000,0.500000,39.315400,1,1,1,0,1,
1100400,42.000000,0.500000,39.317200,1,1,1,0,1,
1100500,42.000000,0.500000,39.319000,1,1,1,0,1,
1100600,42.000000,0.500000,39.320800,1,1,1,0,1,
1100700,42.000000,0.500000,39.322600,1,1,1,0,1,
1100800,42.000000,0.500000,39.324400,1,1,1,0,1,
1100900,42.000000,0.500000,39.326200,1,1,1,0,1,
1101000,42.000000,0.500000,39.328000,1,1,1,0,1,
1101100,42.000000,0.500000,39.329800,1,1,1,0,1,
1101200,42.000000,0.500000,39.331600,1,1,1,0,1,
1101300,42.000000,0.500000,39.333400,1,1,1,0,1,
1101400,42.000000,0.500000,39.335200,1,1,1,0,1,
1101500,42.000000,0.500000,39.337000,1,1,1,0,1,
1101600,42.000000,0.500000,39.338800,1,1,1,0,1,
1101700,42.000000,0.500000,39.340600,1,1,1,0,1,
1101800,42.000000,0.500000,39.342400,1,1,1,0,1,
1101900,42.000000,0.500000,39.344200,1,1,1,0,1,
1102000,42.000000,0.500000,39.346000,1,1,1,0,1,
1102100,42.000000,0.500000,39.347800,1,1,1,0,1,
1102200,42.000000,0.500000,39.349600,1,1,1,0,1,
1102300,42.000000,0.500000,39.351400,1,1,1,0,1,
1102400,42.000000,0.500000,39.353200,1,1,1,0,1,
1102500,42.000000,0.500000,39.355000,1,1,1,0,1,
1102600,42.000000,0.500000,39.356800,1,1,1,0,1,
1102700,42.000000,0.500000,39.358600,1,1,1,0,1,
1102800,42.000000,0.500000,39.360400,1,1,1,0,1,
1102900,42.000000,0.500000,39.362200,1,1,1,0,1,
1103000,42.000000,0.500000,39.364000,1,1,1,0,1,
1103100,42.000000,0.500000,39.365800,1,1,1,0,1,
1103200,42.000000,0.500000,39.367600,1,1,1,0,1,
1103300,42.000000,0.500000,39.369400,1,1,1,0,1,
1103400,42.000000,0.500000,39.371200,1,1,1,0,1,
1103500,42.000000,0.500000,39.373000,1,1,1,0,1,
1103600,42.000000,0.500000,39.374800,1,1,1,0,1,
1103700,42.000000,0.500000,39.376600,1,1,1,0,1,
1103800,42.000000,0.500000,39.378400,1,1,1,0,1,
1103900,42.000000,0.500000,39.380200,1,1,1,0,1,
1104000,42.000000,0.500000,39.382000,1,1,1,0,1,
1104100,42.000000,0.500000,39.383800,1,1,1,0,1,
1104200,42.000000,0.500000,39.385600,1,1,1,0,1,
1104300,42.000000,0.500000,39.387400,1,1,1,0,1,
1104400,42.000000,0.500000,39.389200,1,1,1,0,1,
1104500,42.000000,0.500000,39.391000,1,1,1,0,1,
1104600,42.000000,0.500000,39.392800,1,1,1,0,1,
1104700,42.000000,0.500000,39.394600,1,1,1,0,1,
1104800,42.000000,0.500000,39.396400,1,1,1,0,1,
1104900,42.000000,0.500000,39.398200,1,1,1,0,1,
1105000,95.000000,0.500000,39.400000,1,1,1,0,1,
1105100,95.000000,0.500000,39.401800,1,1,1,0,1,
1105200,95.000000,0.500000,39.403600,1,1,1,0,1,
1105300,95.000000,0.500000,39.405400,1,1,1,0,1,
1105400,95.000000,0.500000,39.407200,1,1,1,0,1,
1105500,95.000000,0.500000,39.409000,1,1,1,0,1,
1105600,95.000000,0.500000,39.410800,1,1,1,0,1,
1105700,95.000000,0.500000,39.412600,1,1,1,0,1,
1105800,95.000000,0.500000,39.414400,1,1,1,0,1,
1105900,95.000000,0.500000,39.416200,1,1,1,0,1,
1106000,95.000000,0.500000,39.418000,1,1,1,0,1,
1106100,95.000000,0.500000,39.419800,1,1,1,0,1,
1106200,95.000000,0.500000,39.421600,1,1,1,0,1,
1106300,95.000000,0.500000,39.423400,1,1,1,0,1,
1106400,95.000000,0.500000,39.425200,1,1,1,0,1,
1106500,95.000000,0.500000,39.427000,1,1,1,0,1,
1106600,95.000000,0.500000,39.428800,1,1,1,0,1,
1106700,95.000000,0.500000,39.430600,1,1,1,0,1,
1106800,95.000000,0.500000,39.432400,1,1,1,0,1,
1106900,95.000000,0.500000,39.434200,1,1,1,0,1,
1107000,68.000000,0.500000,39.436000,1,1,1,0,1,
1107100,68.000000,0.500000,39.437800,1,1,1,0,1,
1107200,68.000000,0.500000,39.439600,1,1,1,0,1,
1107300,68.000000,0.500000,39.441400,1,1,1,0,1,
1107400,68.000000,0.500000,39.443200,1,1,1,0,1,
1107500,68.000000,0.500000,39.445000,1,1,1,0,1,
1107600,68.000000,0.500000,39.446800,1,1,1,0,1,
1107700,68.000000,0.500000,39.448600,1,1,1,0,1,
1107800,68.000000,0.500000,39.450400,1,1,1,0,1,
1107900,68.000000,0.500000,39.452200,1,1,1,0,1,
1108000,68.000000,0.500000,39.454000,1,1,1,0,1,
1108100,68.000000,0.500000,39.455800,1,1,1,0,1,
1108200,68.000000,0.500000,39.457600,1,1,1,0,1,
1108300,68.000000,0.500000,39.459400,1,1,1,0,1,
1108400,68.000000,0.500000,39.461200,1,1,1,0,1,
1108500,68.000000,0.500000,39.463000,1,1,1,0,1,
1108600,68.000000,0.500000,39.464800,1,1,1,0,1,
1108700,68.000000,0.500000,39.466600,1,1,1,0,1,
1108800,68.000000,0.500000,39.468400,1,1,1,0,1,
1108900,68.000000,0.500000,39.470200,1,1,1,0,1,
1109000,68.000000,0.500000,39.472000,1,1,1,0,1,
1109100,68.000000,0.500000,39.473800,1,1,1,0,1,
1109200,68.000000,0.500000,39.475600,1,1,1,0,1,
1109300,68.000000,0.500000,39.477400,1,1,1,0,1,
1109400,68.000000,0.500000,39.479200,1,1,1,0,1,
1109500,68.000000,0.500000,39.481000,1,1,1,0,1,
1109600,68.000000,0.500000,39.482800,1,1,1,0,1,
1109700,68.000000,0.500000,39.484600,1,1,1,0,1,
1109800,68.000000,0.500000,39.486400,1,1,1,0,1,
1109900,68.000000,0.500000,39.488200,1,1,1,0,1,
1110000,-25.000000,0.500000,39.490000,1,1,1,0,1,
1110100,-25.000000,0.500000,39.491800,1,1,1,0,1,
1110200,-25.000000,0.500000,39.493600,1,1,1,0,1,
1110300,-25.000000,0.500000,39.495400,1,1,1,0,1,
1110400,-25.000000,0.500000,39.497200,1,1,1,0,1,
1110500,-25.000000,0.500000,39.499000,1,1,1,0,1,
1110600,-25.000000,0.500000,39.500800,1,1,1,0,1,
1110700,-25.000000,0.500000,39.502600,1,1,1,0,1,
1110800,-25.000000,0.500000,39.504400,1,1,1,0,1,
1110900,-25.000000,0.500000,39.506200,1,1,1,0,1,
1111000,55.000000,0.500000,39.508000,1,1,1,0,1,
1111100,55.000000,0.500000,39.509800,1,1,1,0,1,
1111200,55.000000,0.500000,39.511600,1,1,1,0,1,
1111300,55.000000,0.500000,39.513400,1,1,1,0,1,
1111400,55.000000,0.500000,39.515200,1,1,1,0,1,
1111500,55.000000,0.500000,39.517000,1,1,1,0,1,
1111600,55.000000,0.500000,39.518800,1,1,1,0,1,
1111700,55.000000,0.500000,39.520600,1,1,1,0,1,
1111800,55.000000,0.500000,39.522400,1,1,1,0,1,
1111900,55.000000,0.500000,39.524200,1,1,1,0,1,
1112000,55.000000,0.500000,39.526000,1,1,1,0,1,
1112100,55.000000,0.500000,39.527800,1,1,1,0,1,
1112200,55.000000,0.500000,39.529600,1,1,1,0,1,
1112300,55.000000,0.500000,39.531400,1,1,1,0,1,
1112400,55.000000,0.500000,39.533200,1,1,1,0,1,
1112500,55.000000,0.500000,39.535000,1,1,1,0,1,
1112600,55.000000,0.500000,39.536800,1,1,1,0,1,
1112700,55.000000,0.500000,39.538600,1,1,1,0,1,
1112800,55.000000,0.500000,39.540400,1,1,1,0,1,
1112900,55.000000,0.500000,39.542200,1,1,1,0,1,
1113000,55.000000,0.500000,39.544000,1,1,1,0,1,
1113100,55.000000,0.500000,39.545800,1,1,1,0,1,
1113200,55.000000,0.500000,39.547600,1,1,1,0,1,
1113300,55.000000,0.500000,39.549400,1,1,1,0,1,
1113400,55.000000,0.500000,39.551200,1,1,1,0,1,
1113500,55.000000,0.500000,39.553000,1,1,1,0,1,
1113600,55.000000,0.500000,39.554800,1,1,1,0,1,
1113700,55.000000,0.500000,39.556600,1,1,1,0,1,
1113800,55.000000,0.500000,39.558400,1,1,1,0,1,
1113900,55.000000,0.500000,39.560200,1,1,1,0,1,
1114000,55.000000,0.500000,39.562000,1,1,1,0,1,
1114100,55.000000,0.500000,39.563800,1,1,1,0,1,
1114200,55.000000,0.500000,39.565600,1,1,1,0,1,
1114300,55.000000,0.500000,39.567400,1,1,1,0,1,
1114400,55.000000,0.500000,39.569200,1,1,1,0,1,
1114500,55.000000,0.500000,39.571000,1,1,1,0,1,
1114600,55.000000,0.500000,39.572800,1,1,1,0,1,
1114700,55.000000,0.500000,39.574600,1,1,1,0,1,
1114800,55.000000,0.500000,39.576400,1,1,1,0,1,
1114900,55.000000,0.500000,39.578200,1,1,1,0,1,
1115000,55.000000,0.500000,39.580000,1,1,1,0,1,
1115100,55.000000,0.500000,39.581800,1,1,1,0,1,
1115200,55.000000,0.500000,39.583600,1,1,1,0,1,
1115300,55.000000,0.500000,39.585400,1,1,1,0,1,
1115400,55.000000,0.500000,39.587200,1,1,1,0,1,
1115500,55.000000,0.500000,39.589000,1,1,1,0,1,
1115600,55.000000,0.500000,39.590800,1,1,1,0,1,
1115700,55.000000,0.500000,39.592600,1,1,1,0,1,
1115800,55.000000,0.500000,39.594400,1,1,1,0,1,
1115900,55.000000,0.500000,39.596200,1,1,1,0,1,
1116000,55.000000,0.500000,39.598000,1,1,1,0,1,
1116100,55.000000,0.500000,39.599800,1,1,1,0,1,
1116200,55.000000,0.500000,39.601600,1,1,1,0,1,
1116300,55.000000,0.500000,39.603400,1,1,1,0,1,
1116400,55.000000,0.500000,39.605200,1,1,1,0,1,
1116500,55.000000,0.500000,39.607000,1,1,1,0,1,
1116600,55.000000,0.500000,39.608800,1,1,1,0,1,
1116700,55.000000,0.500000,39.610600,1,1,1,0,1,
1116800,55.000000,0.500000,39.612400,1,1,1,0,1,
1116900,55.000000,0.500000,39.614200,1,1,1,0,1,
1117000,82.000000,0.500000,39.616000,1,1,1,0,1,
1117100,82.000000,0.500000,39.617800,1,1,1,0,1,
1117200,82.000000,0.500000,39.619600,1,1,1,0,1,
1117300,82.000000,0.500000,39.621400,1,1,1,0,1,
1117400,82.000000,0.500000,39.623200,1,1,1,0,1,
1117500,82.000000,0.500000,39.625000,1,1,1,0,1,
1117600,82.000000,0.500000,39.626800,1,1,1,0,1,
1117700,82.000000,0.500000,39.628600,1,1,1,0,1,
1117800,82.000000,0.500000,39.630400,1,1,1,0,1,
1117900,82.000000,0.500000,39.632200,1,1,1,0,1,
1118000,82.000000,0.500000,39.634000,1,1,1,0,1,
1118100,82.000000,0.500000,39.635800,1,1,1,0,1,
1118200,82.000000,0.500000,39.637600,1,1,1,0,1,
1118300,82.000000,0.500000,39.639400,1,1,1,0,1,
1118400,82.000000,0.500000,39.641200,1,1,1,0,1,
1118500,82.000000,0.500000,39.643000,1,1,1,0,1,
1118600,82.000000,0.500000,39.644800,1,1,1,0,1,
1118700,82.000000,0.500000,39.646600,1,1,1,0,1,
1118800,82.000000,0.500000,39.648400,1,1,1,0,1,
1118900,82.000000,0.500000,39.650200,1,1,1,0,1,
1119000,-15.000000,0.500000,39.652000,1,1,1,0,1,
1119100,-15.000000,0.500000,39.653800,1,1,1,0,1,
1119200,-15.000000,0.500000,39.655600,1,1,1,0,1,
1119300,-15.000000,0.500000,39.657400,1,1,1,0,1,
1119400,-15.000000,0.500000,39.659200,1,1,1,0,1,
1119500,-15.000000,0.500000,39.661000,1,1,1,0,1,
1119600,-15.000000,0.500000,39.662800,1,1,1,0,1,
1119700,-15.000000,0.500000,39.664600,1,1,1,0,1,
1119800,-15.000000,0.500000,39.666400,1,1,1,0,1,
1119900,-15.000000,0.500000,39.668200,1,1,1,0,1,
1120000,42.000000,0.500000,39.670000,1,1,1,0,1,
1120100,42.000000,0.500000,39.671800,1,1,1,0,1,
1120200,42.000000,0.500000,39.673600,1,1,1,0,1,
1120300,42.000000,0.500000,39.675400,1,1,1,0,1,
1120400,42.000000,0.500000,39.677200,1,1,1,0,1,
1120500,42.000000,0.500000,39.679000,1,1,1,0,1,
1120600,42.000000,0.500000,39.680800,1,1,1,0,1,
1120700,42.000000,0.500000,39.682600,1,1,1,0,1,
1120800,42.000000,0.500000,39.684400,1,1,1,0,1,
1120900,42.000000,0.500000,39.686200,1,1,1,0,1,
1121000,42.000000,0.500000,39.688000,1,1,1,0,1,
1121100,42.000000,0.500000,39.689800,1,1,1,0,1,
1121200,42.000000,0.500000,39.691600,1,1,1,0,1,
1121300,42.000000,0.500000,39.693400,1,1,1,0,1,
1121400,42.000000,0.500000,39.695200,1,1,1,0,1,
1121500,42.000000,0.500000,39.697000,1,1,1,0,1,
1121600,42.000000,0.500000,39.698800,1,1,1,0,1,
1121700,42.000000,0.500000,39.700600,1,1,1,0,1,
1121800,42.000000,0.500000,39.702400,1,1,1,0,1,
1121900,42.000000,0.500000,39.704200,1,1,1,0,1,
1122000,42.000000,0.500000,39.706000,1,1,1,0,1,
1122100,42.000000,0.500000,39.707800,1,1,1,0,1,
1122200,42.000000,0.500000,39.709600,1,1,1,0,1,
1122300,42.000000,0.500000,39.711400,1,1,1,0,1,
1122400,42.000000,0.500000,39.713200,1,1,1,0,1,
1122500,42.000000,0.500000,39.715000,1,1,1,0,1,
1122600,42.000000,0.500000,39.716800,1,1,1,0,1,
1122700,42.000000,0.500000,39.718600,1,1,1,0,1,
1122800,42.000000,0.500000,39.720400,1,1,1,0,1,
1122900,42.000000,0.500000,39.722200,1,1,1,0,1,
1123000,42.000000,0.500000,39.724000,1,1,1,0,1,
1123100,42.000000,0.500000,39.725800,1,1,1,0,1,
1123200,42.000000,0.500000,39.727600,1,1,1,0,1,
1123300,42.000000,0.500000,39.729400,1,1,1,0,1,
1123400,42.000000,0.500000,39.731200,1,1,1,0,1,
1123500,42.000000,0.500000,39.733000,1,1,1,0,1,
1123600,42.000000,0.500000,39.734800,1,1,1,0,1,
1123700,42.000000,0.500000,39.736600,1,1,1,0,1,
1123800,42.000000,0.500000,39.738400,1,1,1,0,1,
1123900,42.000000,0.500000,39.740200,1,1,1,0,1,
1124000,42.000000,0.500000,39.742000,1,1,1,0,1,
1124100,42.000000,0.500000,39.743800,1,1,1,0,1,
1124200,42.000000,0.500000,39.745600,1,1,1,0,1,
1124300,42.000000,0.500000,39.747400,1,1,1,0,1,
1124400,42.000000,0.500000,39.749200,1,1,1,0,1,
1124500,42.000000,0.500000,39.751000,1,1,1,0,1,
1124600,42.000000,0.500000,39.752800,1,1,1,0,1,
1124700,42.000000,0.500000,39.754600,1,1,1,0,1,
1124800,42.000000,0.500000,39.756400,1,1,1,0,1,
1124900,42.000000,0.500000,39.758200,1,1,1,0,1,
1125000,95.000000,0.500000,39.760000,1,1,1,0,1,
1125100,95.000000,0.500000,39.761800,1,1,1,0,1,
1125200,95.000000,0.500000,39.763600,1,1,1,0,1,
1125300,95.000000,0.500000,39.765400,1,1,1,0,1,
1125400,95.000000,0.500000,39.767200,1,1,1,0,1,
1125500,95.000000,0.500000,39.769000,1,1,1,0,1,
1125600,95.000000,0.500000,39.770800,1,1,1,0,1,
1125700,95.000000,0.500000,39.772600,1,1,1,0,1,
1125800,95.000000,0.500000,39.774400,1,1,1,0,1,
1125900,95.000000,0.500000,39.776200,1,1,1,0,1,
1126000,95.000000,0.500000,39.778000,1,1,1,0,1,
1126100,95.000000,0.500000,39.779800,1,1,1,0,1,
1126200,95.000000,0.500000,39.781600,1,1,1,0,1,
1126300,95.000000,0.500000,39.783400,1,1,1,0,1,
1126400,95.000000,0.500000,39.785200,1,1,1,0,1,
1126500,95.000000,0.500000,39.787000,1,1,1,0,1,
1126600,95.000000,0.500000,39.788800,1,1,1,0,1,
1126700,95.000000,0.500000,39.790600,1,1,1,0,1,
1126800,95.000000,0.500000,39.792400,1,1,1,0,1,
1126900,95.000000,0.500000,39.794200,1,1,1,0,1,
1127000,68.000000,0.500000,39.796000,1,1,1,0,1,
1127100,68.000000,0.500000,39.797800,1,1,1,0,1,
1127200,68.000000,0.500000,39.799600,1,1,1,0,1,
1127300,68.000000,0.500000,39.801400,1,1,1,0,1,
1127400,68.000000,0.500000,39.803200,1,1,1,0,1,
1127500,68.000000,0.500000,39.805000,1,1,1,0,1,
1127600,68.000000,0.500000,39.806800,1,1,1,0,1,
1127700,68.000000,0.500000,39.808600,1,1,1,0,1,
1127800,68.000000,0.500000,39.810400,1,1,1,0,1,
1127900,68.000000,0.500000,39.812200,1,1,1,0,1,
1128000,68.000000,0.500000,39.814000,1,1,1,0,1,
1128100,68.000000,0.500000,39.815800,1,1,1,0,1,
1128200,68.000000,0.500000,39.817600,1,1,1,0,1,
1128300,68.000000,0.500000,39.819400,1,1,1,0,1,
1128400,68.000000,0.500000,39.821200,1,1,1,0,1,
1128500,68.000000,0.500000,39.823000,1,1,1,0,1,
1128600,68.000000,0.500000,39.824800,1,1,1,0,1,
1128700,68.000000,0.500000,39.826600,1,1,1,0,1,
1128800,68.000000,0.500000,39.828400,1,1,1,0,1,
1128900,68.000000,0.500000,39.830200,1,1,1,0,1,
1129000,68.000000,0.500000,39.832000,1,1,1,0,1,
1129100,68.000000,0.500000,39.833800,1,1,1,0,1,
1129200,68.000000,0.500000,39.835600,1,1,1,0,1,
1129300,68.000000,0.500000,39.837400,1,1,1,0,1,
1129400,68.000000,0.500000,39.839200,1,1,1,0,1,
1129500,68.000000,0.500000,39.841000,1,1,1,0,1,
1129600,68.000000,0.500000,39.842800,1,1,1,0,1,
1129700,68.000000,0.500000,39.844600,1,1,1,0,1,
1129800,68.000000,0.500000,39.846400,1,1,1,0,1,
1129900,68.000000,0.500000,39.848200,1,1,1,0,1,
1130000,-25.000000,0.500000,39.850000,1,1,1,0,1,
1130100,-25.000000,0.500000,39.851800,1,1,1,0,1,
1130200,-25.000000,0.500000,39.853600,1,1,1,0,1,
1130300,-25.000000,0.500000,39.855400,1,1,1,0,1,
1130400,-25.000000,0.500000,39.857200,1,1,1,0,1,
1130500,-25.000000,0.500000,39.859000,1,1,1,0,1,
1130600,-25.000000,0.500000,39.860800,1,1,1,0,1,
1130700,-25.000000,0.500000,39.862600,1,1,1,0,1,
1130800,-25.000000,0.500000,39.864400,1,1,1,0,1,
1130900,-25.000000,0.500000,39.866200,1,1,1,0,1,
1131000,55.000000,0.500000,39.868000,1,1,1,0,1,
1131100,55.000000,0.500000,39.869800,1,1,1,0,1,
1131200,55.000000,0.500000,39.871600,1,1,1,0,1,
1131300,55.000000,0.500000,39.873400,1,1,1,0,1,
1131400,55.000000,0.500000,39.875200,1,1,1,0,1,
1131500,55.000000,0.500000,39.877000,1,1,1,0,1,
1131600,55.000000,0.500000,39.878800,1,1,1,0,1,
1131700,55.000000,0.500000,39.880600,1,1,1,0,1,
1131800,55.000000,0.500000,39.882400,1,1,1,0,1,
1131900,55.000000,0.500000,39.884200,1,1,1,0,1,
1132000,55.000000,0.500000,39.886000,1,1,1,0,1,
1132100,55.000000,0.500000,39.887800,1,1,1,0,1,
1132200,55.000000,0.500000,39.889600,1,1,1,0,1,
1132300,55.000000,0.500000,39.891400,1,1,1,0,1,
1132400,55.000000,0.500000,39.893200,1,1,1,0,1,
1132500,55.000000,0.500000,39.895000,1,1,1,0,1,
1132600,55.000000,0.500000,39.896800,1,1,1,0,1,
1132700,55.000000,0.500000,39.898600,1,1,1,0,1,
1132800,55.000000,0.500000,39.900400,1,1,1,0,1,
1132900,55.000000,0.500000,39.902200,1,1,1,0,1,
1133000,55.000000,0.500000,39.904000,1,1,1,0,1,
1133100,55.000000,0.500000,39.905800,1,1,1,0,1,
1133200,55.000000,0.500000,39.907600,1,1,1,0,1,
1133300,55.000000,0.500000,39.909400,1,1,1,0,1,
1133400,55.000000,0.500000,39.911200,1,1,1,0,1,
1133500,55.000000,0.500000,39.913000,1,1,1,0,1,
1133600,55.000000,0.500000,39.914800,1,1,1,0,1,
1133700,55.000000,0.500000,39.916600,1,1,1,0,1,
1133800,55.000000,0.500000,39.918400,1,1,1,0,1,
1133900,55.000000,0.500000,39.920200,1,1,1,0,1,
1134000,55.000000,0.500000,39.922000,1,1,1,0,1,
1134100,55.000000,0.500000,39.923800,1,1,1,0,1,
1134200,55.000000,0.500000,39.925600,1,1,1,0,1,
1134300,55.000000,0.500000,39.927400,1,1,1,0,1,
1134400,55.000000,0.500000,39.929200,1,1,1,0,1,
1134500,55.000000,0.500000,39.931000,1,1,1,0,1,
1134600,55.000000,0.500000,39.932800,1,1,1,0,1,
1134700,55.000000,0.500000,39.934600,1,1,1,0,1,
1134800,55.000000,0.500000,39.936400,1,1,1,0,1,
1134900,55.000000,0.500000,39.938200,1,1,1,0,1,
1135000,55.000000,0.500000,39.940000,1,1,1,0,1,
1135100,55.000000,0.500000,39.941800,1,1,1,0,1,
1135200,55.000000,0.500000,39.943600,1,1,1,0,1,
1135300,55.000000,0.500000,39.945400,1,1,1,0,1,
1135400,55.000000,0.500000,39.947200,1,1,1,0,1,
1135500,55.000000,0.500000,39.949000,1,1,1,0,1,
1135600,55.000000,0.500000,39.950800,1,1,1,0,1,
1135700,55.000000,0.500000,39.952600,1,1,1,0,1,
1135800,55.000000,0.500000,39.954400,1,1,1,0,1,
1135900,55.000000,0.500000,39.956200,1,1,1,0,1,
1136000,55.000000,0.500000,39.958000,1,1,1,0,1,
1136100,55.000000,0.500000,39.959800,1,1,1,0,1,
1136200,55.000000,0.500000,39.961600,1,1,1,0,1,
1136300,55.000000,0.500000,39.963400,1,1,1,0,1,
1136400,55.000000,0.500000,39.965200,1,1,1,0,1,
1136500,55.000000,0.500000,39.967000,1,1,1,0,1,
1136600,55.000000,0.500000,39.968800,1,1,1,0,1,
1136700,55.000000,0.500000,39.970600,1,1,1,0,1,
1136800,55.000000,0.500000,39.972400,1,1,1,0,1,
1136900,55.000000,0.500000,39.974200,1,1,1,0,1,
1137000,82.000000,0.500000,39.976000,1,1,1,0,1,
1137100,82.000000,0.500000,39.977800,1,1,1,0,1,
1137200,82.000000,0.500000,39.979600,1,1,1,0,1,
1137300,82.000000,0.500000,39.981400,1,1,1,0,1,
1137400,82.000000,0.500000,39.983200,1,1,1,0,1,
1137500,82.000000,0.500000,39.985000,1,1,1,0,1,
1137600,82.000000,0.500000,39.986800,1,1,1,0,1,
1137700,82.000000,0.500000,39.988600,1,1,1,0,1,
1137800,82.000000,0.500000,39.990400,1,1,1,0,1,
1137900,82.000000,0.500000,39.992200,1,1,1,0,1,
1138000,82.000000,0.500000,39.994000,1,1,1,0,1,
1138100,82.000000,0.500000,39.995800,1,1,1,0,1,
1138200,82.000000,0.500000,39.997600,1,1,1,0,1,
1138300,82.000000,0.500000,39.999400,1,1,1,0,1,
1138400,82.000000,0.500000,40.001200,1,1,1,0,1,
1138500,82.000000,0.500000,40.003000,1,1,1,0,1,
1138600,82.000000,0.500000,40.004800,1,1,1,0,1,
1138700,82.000000,0.500000,40.006600,1,1,1,0,1,
1138800,82.000000,0.500000,40.008400,1,1,1,0,1,
1138900,82.000000,0.500000,40.010200,1,1,1,0,1,
1139000,-15.000000,0.500000,40.012000,1,1,1,0,1,
1139100,-15.000000,0.500000,40.013800,1,1,1,0,1,
1139200,-15.000000,0.500000,40.015600,1,1,1,0,1,
1139300,-15.000000,0.500000,40.017400,1,1,1,0,1,
1139400,-15.000000,0.500000,40.019200,1,1,1,0,1,
1139500,-15.000000,0.500000,40.021000,1,1,1,0,1,
1139600,-15.000000,0.500000,40.022800,1,1,1,0,1,
1139700,-15.000000,0.500000,40.024600,1,1,1,0,1,
1139800,-15.000000,0.500000,40.026400,1,1,1,0,1,
1139900,-15.000000,0.500000,40.028200,1,1,1,0,1,
1140000,42.000000,0.500000,40.030000,1,1,1,0,1,
1140100,42.000000,0.500000,40.031800,1,1,1,0,1,
1140200,42.000000,0.500000,40.033600,1,1,1,0,1,
1140300,42.000000,0.500000,40.035400,1,1,1,0,1,
1140400,42.000000,0.500000,40.037200,1,1,1,0,1,
1140500,42.000000,0.500000,40.039000,1,1,1,0,1,
1140600,42.000000,0.500000,40.040800,1,1,1,0,1,
1140700,42.000000,0.500000,40.042600,1,1,1,0,1,
1140800,42.000000,0.500000,40.044400,1,1,1,0,1,
1140900,42.000000,0.500000,40.046200,1,1,1,0,1,
1141000,42.000000,0.500000,40.048000,1,1,1,0,1,
1141100,42.000000,0.500000,40.049800,1,1,1,0,1,
1141200,42.000000,0.500000,40.051600,1,1,1,0,1,
1141300,42.000000,0.500000,40.053400,1,1,1,0,1,
1141400,42.000000,0.500000,40.055200,1,1,1,0,1,
1141500,42.000000,0.500000,40.057000,1,1,1,0,1,
1141600,42.000000,0.500000,40.058800,1,1,1,0,1,
1141700,42.000000,0.500000,40.060600,1,1,1,0,1,
1141800,42.000000,0.500000,40.062400,1,1,1,0,1,
1141900,42.000000,0.500000,40.064200,1,1,1,0,1,
1142000,42.000000,0.500000,40.066000,1,1,1,0,1,
1142100,42.000000,0.500000,40.067800,1,1,1,0,1,
1142200,42.000000,0.500000,40.069600,1,1,1,0,1,
1142300,42.000000,0.500000,40.071400,1,1,1,0,1,
1142400,42.000000,0.500000,40.073200,1,1,1,0,1,
1142500,42.000000,0.500000,40.075000,1,1,1,0,1,
1142600,42.000000,0.500000,40.076800,1,1,1,0,1,
1142700,42.000000,0.500000,40.078600,1,1,1,0,1,
1142800,42.000000,0.500000,40.080400,1,1,1,0,1,
1142900,42.000000,0.500000,40.082200,1,1,1,0,1,
1143000,42.000000,0.500000,40.084000,1,1,1,0,1,
1143100,42.000000,0.500000,40.085800,1,1,1,0,1,
1143200,42.000000,0.500000,40.087600,1,1,1,0,1,
1143300,42.000000,0.500000,40.089400,1,1,1,0,1,
1143400,42.000000,0.500000,40.091200,1,1,1,0,1,
1143500,42.000000,0.500000,40.093000,1,1,1,0,1,
1143600,42.000000,0.500000,40.094800,1,1,1,0,1,
1143700,42.000000,0.500000,40.096600,1,1,1,0,1,
1143800,42.000000,0.500000,40.098400,1,1,1,0,1,
1143900,42.000000,0.500000,40.100200,1,1,1,0,1,
1144000,42.000000,0.500000,40.102000,1,1,1,0,1,
1144100,42.000000,0.500000,40.103800,1,1,1,0,1,
1144200,42.000000,0.500000,40.105600,1,1,1,0,1,
1144300,42.000000,0.500000,40.107400,1,1,1,0,1,
1144400,42.000000,0.500000,40.109200,1,1,1,0,1,
1144500,42.000000,0.500000,40.111000,1,1,1,0,1,
1144600,42.000000,0.500000,40.112800,1,1,1,0,1,
1144700,42.000000,0.500000,40.114600,1,1,1,0,1,
1144800,42.000000,0.500000,40.116400,1,1,1,0,1,
1144900,42.000000,0.500000,40.118200,1,1,1,0,1,
1145000,95.000000,0.500000,40.120000,1,1,1,0,1,
1145100,95.000000,0.500000,40.121800,1,1,1,0,1,
1145200,95.000000,0.500000,40.123600,1,1,1,0,1,
1145300,95.000000,0.500000,40.125400,1,1,1,0,1,
1145400,95.000000,0.500000,40.127200,1,1,1,0,1,
1145500,95.000000,0.500000,40.129000,1,1,1,0,1,
1145600,95.000000,0.500000,40.130800,1,1,1,0,1,
1145700,95.000000,0.500000,40.132600,1,1,1,0,1,
1145800,95.000000,0.500000,40.134400,1,1,1,0,1,
1145900,95.000000,0.500000,40.136200,1,1,1,0,1,
1146000,95.000000,0.500000,40.138000,1,1,1,0,1,
1146100,95.000000,0.500000,40.139800,1,1,1,0,1,
1146200,95.000000,0.500000,40.141600,1,1,1,0,1,
1146300,95.000000,0.500000,40.143400,1,1,1,0,1,
1146400,95.000000,0.500000,40.145200,1,1,1,0,1,
1146500,95.000000,0.500000,40.147000,1,1,1,0,1,
1146600,95.000000,0.500000,40.148800,1,1,1,0,1,
1146700,95.000000,0.500000,40.150600,1,1,1,0,1,
1146800,95.000000,0.500000,40.152400,1,1,1,0,1,
1146900,95.000000,0.500000,40.154200,1,1,1,0,1,
1147000,68.000000,0.500000,40.156000,1,1,1,0,1,
1147100,68.000000,0.500000,40.157800,1,1,1,0,1,
1147200,68.000000,0.500000,40.159600,1,1,1,0,1,
1147300,68.000000,0.500000,40.161400,1,1,1,0,1,
1147400,68.000000,0.500000,40.163200,1,1,1,0,1,
1147500,68.000000,0.500000,40.165000,1,1,1,0,1,
1147600,68.000000,0.500000,40.166800,1,1,1,0,1,
1147700,68.000000,0.500000,40.168600,1,1,1,0,1,
1147800,68.000000,0.500000,40.170400,1,1,1,0,1,
1147900,68.000000,0.500000,40.172200,1,1,1,0,1,
1148000,68.000000,0.500000,40.174000,1,1,1,0,1,
1148100,68.000000,0.500000,40.175800,1,1,1,0,1,
1148200,68.000000,0.500000,40.177600,1,1,1,0,1,
1148300,68.000000,0.500000,40.179400,1,1,1,0,1,
1148400,68.000000,0.500000,40.181200,1,1,1,0,1,
1148500,68.000000,0.500000,40.183000,1,1,1,0,1,
1148600,68.000000,0.500000,40.184800,1,1,1,0,1,
1148700,68.000000,0.500000,40.186600,1,1,1,0,1,
1148800,68.000000,0.500000,40.188400,1,1,1,0,1,
1148900,68.000000,0.500000,40.190200,1,1,1,0,1,
1149000,68.000000,0.500000,40.192000,1,1,1,0,1,
1149100,68.000000,0.500000,40.193800,1,1,1,0,1,
1149200,68.000000,0.500000,40.195600,1,1,1,0,1,
1149300,68.000000,0.500000,40.197400,1,1,1,0,1,
1149400,68.000000,0.500000,40.199200,1,1,1,0,1,
1149500,68.000000,0.500000,40.201000,1,1,1,0,1,
1149600,68.000000,0.500000,40.202800,1,1,1,0,1,
1149700,68.000000,0.500000,40.204600,1,1,1,0,1,
1149800,68.000000,0.500000,40.206400,1,1,1,0,1,
1149900,68.000000,0.500000,40.208200,1,1,1,0,1,
1150000,-25.000000,0.500000,40.210000,1,1,1,0,1,
1150100,-25.000000,0.500000,40.211800,1,1,1,0,1,
1150200,-25.000000,0.500000,40.213600,1,1,1,0,1,
1150300,-25.000000,0.500000,40.215400,1,1,1,0,1,
1150400,-25.000000,0.500000,40.217200,1,1,1,0,1,
1150500,-25.000000,0.500000,40.219000,1,1,1,0,1,
1150600,-25.000000,0.500000,40.220800,1,1,1,0,1,
1150700,-25.000000,0.500000,40.222600,1,1,1,0,1,
1150800,-25.000000,0.500000,40.224400,1,1,1,0,1,
1150900,-25.000000,0.500000,40.226200,1,1,1,0,1,
1151000,55.000000,0.500000,40.228000,1,1,1,0,1,
1151100,55.000000,0.500000,40.229800,1,1,1,0,1,
1151200,55.000000,0.500000,40.231600,1,1,1,0,1,
1151300,55.000000,0.500000,40.233400,1,1,1,0,1,
1151400,55.000000,0.500000,40.235200,1,1,1,0,1,
1151500,55.000000,0.500000,40.237000,1,1,1,0,1,
1151600,55.000000,0.500000,40.238800,1,1,1,0,1,
1151700,55.000000,0.500000,40.240600,1,1,1,0,1,
1151800,55.000000,0.500000,40.242400,1,1,1,0,1,
1151900,55.000000,0.500000,40.244200,1,1,1,0,1,
1152000,55.000000,0.500000,40.246000,1,1,1,0,1,
1152100,55.000000,0.500000,40.247800,1,1,1,0,1,
1152200,55.000000,0.500000,40.249600,1,1,1,0,1,
1152300,55.000000,0.500000,40.251400,1,1,1,0,1,
1152400,55.000000,0.500000,40.253200,1,1,1,0,1,
1152500,55.000000,0.500000,40.255000,1,1,1,0,1,
1152600,55.000000,0.500000,40.256800,1,1,1,0,1,
1152700,55.000000,0.500000,40.258600,1,1,1,0,1,
1152800,55.000000,0.500000,40.260400,1,1,1,0,1,
1152900,55.000000,0.500000,40.262200,1,1,1,0,1,
1153000,55.000000,0.500000,40.264000,1,1,1,0,1,
1153100,55.000000,0.500000,40.265800,1,1,1,0,1,
1153200,55.000000,0.500000,40.267600,1,1,1,0,1,
1153300,55.000000,0.500000,40.269400,1,1,1,0,1,
1153400,55.000000,0.500000,40.271200,1,1,1,0,1,
1153500,55.000000,0.500000,40.273000,1,1,1,0,1,
1153600,55.000000,0.500000,40.274800,1,1,1,0,1,
1153700,55.000000,0.500000,40.276600,1,1,1,0,1,
1153800,55.000000,0.500000,40.278400,1,1,1,0,1,
1153900,55.000000,0.500000,40.280200,1,1,1,0,1,
1154000,55.000000,0.500000,40.282000,1,1,1,0,1,
1154100,55.000000,0.500000,40.283800,1,1,1,0,1,
1154200,55.000000,0.500000,40.285600,1,1,1,0,1,
1154300,55.000000,0.500000,40.287400,1,1,1,0,1,
1154400,55.000000,0.500000,40.289200,1,1,1,0,1,
1154500,55.000000,0.500000,40.291000,1,1,1,0,1,
1154600,55.000000,0.500000,40.292800,1,1,1,0,1,
1154700,55.000000,0.500000,40.294600,1,1,1,0,1,
1154800,55.000000,0.500000,40.296400,1,1,1,0,1,
1154900,55.000000,0.500000,40.298200,1,1,1,0,1,
1155000,55.000000,0.500000,40.300000,1,1,1,0,1,
1155100,55.000000,0.500000,40.301800,1,1,1,0,1,
1155200,55.000000,0.500000,40.303600,1,1,1,0,1,
1155300,55.000000,0.500000,40.305400,1,1,1,0,1,
1155400,55.000000,0.500000,40.307200,1,1,1,0,1,
1155500,55.000000,0.500000,40.309000,1,1,1,0,1,
1155600,55.000000,0.500000,40.310800,1,1,1,0,1,
1155700,55.000000,0.500000,40.312600,1,1,1,0,1,
1155800,55.000000,0.500000,40.314400,1,1,1,0,1,
1155900,55.000000,0.500000,40.316200,1,1,1,0,1,
1156000,55.000000,0.500000,40.318000,1,1,1,0,1,
1156100,55.000000,0.500000,40.319800,1,1,1,0,1,
1156200,55.000000,0.500000,40.321600,1,1,1,0,1,
1156300,55.000000,0.500000,40.323400,1,1,1,0,1,
1156400,55.000000,0.500000,40.325200,1,1,1,0,1,
1156500,55.000000,0.500000,40.327000,1,1,1,0,1,
1156600,55.000000,0.500000,40.328800,1,1,1,0,1,
1156700,55.000000,0.500000,40.330600,1,1,1,0,1,
1156800,55.000000,0.500000,40.332400,1,1,1,0,1,
1156900,55.000000,0.500000,40.334200,1,1,1,0,1,
1157000,82.000000,0.500000,40.336000,1,1,1,0,1,
1157100,82.000000,0.500000,40.337800,1,1,1,0,1,
1157200,82.000000,0.500000,40.339600,1,1,1,0,1,
1157300,82.000000,0.500000,40.341400,1,1,1,0,1,
1157400,82.000000,0.500000,40.343200,1,1,1,0,1,
1157500,82.000000,0.500000,40.345000,1,1,1,0,1,
1157600,82.000000,0.500000,40.346800,1,1,1,0,1,
1157700,82.000000,0.500000,40.348600,1,1,1,0,1,
1157800,82.000000,0.500000,40.350400,1,1,1,0,1,
1157900,82.000000,0.500000,40.352200,1,1,1,0,1,
1158000,82.000000,0.500000,40.354000,1,1,1,0,1,
1158100,82.000000,0.500000,40.355800,1,1,1,0,1,
1158200,82.000000,0.500000,40.357600,1,1,1,0,1,
1158300,82.000000,0.500000,40.359400,1,1,1,0,1,
1158400,82.000000,0.500000,40.361200,1,1,1,0,1,
1158500,82.000000,0.500000,40.363000,1,1,1,0,1,
1158600,82.000000,0.500000,40.364800,1,1,1,0,1,
1158700,82.000000,0.500000,40.366600,1,1,1,0,1,
1158800,82.000000,0.500000,40.368400,1,1,1,0,1,
1158900,82.000000,0.500000,40.370200,1,1,1,0,1,
1159000,-15.000000,0.500000,40.372000,1,1,1,0,1,
1159100,-15.000000,0.500000,40.373800,1,1,1,0,1,
1159200,-15.000000,0.500000,40.375600,1,1,1,0,1,
1159300,-15.000000,0.500000,40.377400,1,1,1,0,1,
1159400,-15.000000,0.500000,40.379200,1,1,1,0,1,
1159500,-15.000000,0.500000,40.381000,1,1,1,0,1,
1159600,-15.000000,0.500000,40.382800,1,1,1,0,1,
1159700,-15.000000,0.500000,40.384600,1,1,1,0,1,
1159800,-15.000000,0.500000,40.386400,1,1,1,0,1,
1159900,-15.000000,0.500000,40.388200,1,1,1,0,1,
1160000,42.000000,0.500000,40.390000,1,1,1,0,1,
1160100,42.000000,0.500000,40.391800,1,1,1,0,1,
1160200,42.000000,0.500000,40.393600,1,1,1,0,1,
1160300,42.000000,0.500000,40.395400,1,1,1,0,1,
1160400,42.000000,0.500000,40.397200,1,1,1,0,1,
1160500,42.000000,0.500000,40.399000,1,1,1,0,1,
1160600,42.000000,0.500000,40.400800,1,1,1,0,1,
1160700,42.000000,0.500000,40.402600,1,1,1,0,1,
1160800,42.000000,0.500000,40.404400,1,1,1,0,1,
1160900,42.000000,0.500000,40.406200,1,1,1,0,1,
1161000,42.000000,0.500000,40.408000,1,1,1,0,1,
1161100,42.000000,0.500000,40.409800,1,1,1,0,1,
1161200,42.000000,0.500000,40.411600,1,1,1,0,1,
1161300,42.000000,0.500000,40.413400,1,1,1,0,1,
1161400,42.000000,0.500000,40.415200,1,1,1,0,1,
1161500,42.000000,0.500000,40.417000,1,1,1,0,1,
1161600,42.000000,0.500000,40.418800,1,1,1,0,1,
1161700,42.000000,0.500000,40.420600,1,1,1,0,1,
1161800,42.000000,0.500000,40.422400,1,1,1,0,1,
1161900,42.000000,0.500000,40.424200,1,1,1,0,1,
1162000,42.000000,0.500000,40.426000,1,1,1,0,1,
1162100,42.000000,0.500000,40.427800,1,1,1,0,1,
1162200,42.000000,0.500000,40.429600,1,1,1,0,1,
1162300,42.000000,0.500000,40.431400,1,1,1,0,1,
1162400,42.000000,0.500000,40.433200,1,1,1,0,1,
1162500,42.000000,0.500000,40.435000,1,1,1,0,1,
1162600,42.000000,0.500000,40.436800,1,1,1,0,1,
1162700,42.000000,0.500000,40.438600,1,1,1,0,1,
1162800,42.000000,0.500000,40.440400,1,1,1,0,1,
1162900,42.000000,0.500000,40.442200,1,1,1,0,1,
1163000,42.000000,0.500000,40.444000,1,1,1,0,1,
1163100,42.000000,0.500000,40.445800,1,1,1,0,1,
1163200,42.000000,0.500000,40.447600,1,1,1,0,1,
1163300,42.000000,0.500000,40.449400,1,1,1,0,1,
1163400,42.000000,0.500000,40.451200,1,1,1,0,1,
1163500,42.000000,0.500000,40.453000,1,1,1,0,1,
1163600,42.000000,0.500000,40.454800,1,1,1,0,1,
1163700,42.000000,0.500000,40.456600,1,1,1,0,1,
1163800,42.000000,0.500000,40.458400,1,1,1,0,1,
1163900,42.000000,0.500000,40.460200,1,1,1,0,1,
1164000,42.000000,0.500000,40.462000,1,1,1,0,1,
1164100,42.000000,0.500000,40.463800,1,1,1,0,1,
1164200,42.000000,0.500000,40.465600,1,1,1,0,1,
1164300,42.000000,0.500000,40.467400,1,1,1,0,1,
1164400,42.000000,0.500000,40.469200,1,1,1,0,1,
1164500,42.000000,0.500000,40.471000,1,1,1,0,1,
1164600,42.000000,0.500000,40.472800,1,1,1,0,1,
1164700,42.000000,0.500000,40.474600,1,1,1,0,1,
1164800,42.000000,0.500000,40.476400,1,1,1,0,1,
1164900,42.000000,0.500000,40.478200,1,1,1,0,1,
1165000,95.000000,0.500000,40.480000,1,1,1,0,1,
1165100,95.000000,0.500000,40.481800,1,1,1,0,1,
1165200,95.000000,0.500000,40.483600,1,1,1,0,1,
1165300,95.000000,0.500000,40.485400,1,1,1,0,1,
1165400,95.000000,0.500000,40.487200,1,1,1,0,1,
1165500,95.000000,0.500000,40.489000,1,1,1,0,1,
1165600,95.000000,0.500000,40.490800,1,1,1,0,1,
1165700,95.000000,0.500000,40.492600,1,1,1,0,1,
1165800,95.000000,0.500000,40.494400,1,1,1,0,1,
1165900,95.000000,0.500000,40.496200,1,1,1,0,1,
1166000,95.000000,0.500000,40.498000,1,1,1,0,1,
1166100,95.000000,0.500000,40.499800,1,1,1,0,1,
1166200,95.000000,0.500000,40.501600,1,1,1,0,1,
1166300,95.000000,0.500000,40.503400,1,1,1,0,1,
1166400,95.000000,0.500000,40.505200,1,1,1,0,1,
1166500,95.000000,0.500000,40.507000,1,1,1,0,1,
1166600,95.000000,0.500000,40.508800,1,1,1,0,1,
1166700,95.000000,0.500000,40.510600,1,1,1,0,1,
1166800,95.000000,0.500000,40.512400,1,1,1,0,1,
1166900,95.000000,0.500000,40.514200,1,1,1,0,1,
1167000,68.000000,0.500000,40.516000,1,1,1,0,1,
1167100,68.000000,0.500000,40.517800,1,1,1,0,1,
1167200,68.000000,0.500000,40.519600,1,1,1,0,1,
1167300,68.000000,0.500000,40.521400,1,1,1,0,1,
1167400,68.000000,0.500000,40.523200,1,1,1,0,1,
1167500,68.000000,0.500000,40.525000,1,1,1,0,1,
1167600,68.000000,0.500000,40.526800,1,1,1,0,1,
1167700,68.000000,0.500000,40.528600,1,1,1,0,1,
1167800,68.000000,0.500000,40.530400,1,1,1,0,1,
1167900,68.000000,0.500000,40.532200,1,1,1,0,1,
1168000,68.000000,0.500000,40.534000,1,1,1,0,1,
1168100,68.000000,0.500000,40.535800,1,1,1,0,1,
1168200,68.000000,0.500000,40.537600,1,1,1,0,1,
1168300,68.000000,0.500000,40.539400,1,1,1,0,1,
1168400,68.000000,0.500000,40.541200,1,1,1,0,1,
1168500,68.000000,0.500000,40.543000,1,1,1,0,1,
1168600,68.000000,0.500000,40.544800,1,1,1,0,1,
1168700,68.000000,0.500000,40.546600,1,1,1,0,1,
1168800,68.000000,0.500000,40.548400,1,1,1,0,1,
1168900,68.000000,0.500000,40.550200,1,1,1,0,1,
1169000,68.000000,0.500000,40.552000,1,1,1,0,1,
1169100,68.000000,0.500000,40.553800,1,1,1,0,1,
1169200,68.000000,0.500000,40.555600,1,1,1,0,1,
1169300,68.000000,0.500000,40.557400,1,1,1,0,1,
1169400,68.000000,0.500000,40.559200,1,1,1,0,1,
1169500,68.000000,0.500000,40.561000,1,1,1,0,1,
1169600,68.000000,0.500000,40.562800,1,1,1,0,1,
1169700,68.000000,0.500000,40.564600,1,1,1,0,1,
1169800,68.000000,0.500000,40.566400,1,1,1,0,1,
1169900,68.000000,0.500000,40.568200,1,1,1,0,1,
1170000,-25.000000,0.500000,40.570000,1,1,1,0,1,
1170100,-25.000000,0.500000,40.571800,1,1,1,0,1,
1170200,-25.000000,0.500000,40.573600,1,1,1,0,1,
1170300,-25.000000,0.500000,40.575400,1,1,1,0,1,
1170400,-25.000000,0.500000,40.577200,1,1,1,0,1,
1170500,-25.000000,0.500000,40.579000,1,1,1,0,1,
1170600,-25.000000,0.500000,40.580800,1,1,1,0,1,
1170700,-25.000000,0.500000,40.582600,1,1,1,0,1,
1170800,-25.000000,0.500000,40.584400,1,1,1,0,1,
1170900,-25.000000,0.500000,40.586200,1,1,1,0,1,
1171000,55.000000,0.500000,40.588000,1,1,1,0,1,
1171100,55.000000,0.500000,40.589800,1,1,1,0,1,
1171200,55.000000,0.500000,40.591600,1,1,1,0,1,
1171300,55.000000,0.500000,40.593400,1,1,1,0,1,
1171400,55.000000,0.500000,40.595200,1,1,1,0,1,
1171500,55.000000,0.500000,40.597000,1,1,1,0,1,
1171600,55.000000,0.500000,40.598800,1,1,1,0,1,
1171700,55.000000,0.500000,40.600600,1,1,1,0,1,
1171800,55.000000,0.500000,40.602400,1,1,1,0,1,
1171900,55.000000,0.500000,40.604200,1,1,1,0,1,
1172000,55.000000,0.500000,40.606000,1,1,1,0,1,
1172100,55.000000,0.500000,40.607800,1,1,1,0,1,
1172200,55.000000,0.500000,40.609600,1,1,1,0,1,
1172300,55.000000,0.500000,40.611400,1,1,1,0,1,
1172400,55.000000,0.500000,40.613200,1,1,1,0,1,
1172500,55.000000,0.500000,40.615000,1,1,1,0,1,
1172600,55.000000,0.500000,40.616800,1,1,1,0,1,
1172700,55.000000,0.500000,40.618600,1,1,1,0,1,
1172800,55.000000,0.500000,40.620400,1,1,1,0,1,
1172900,55.000000,0.500000,40.622200,1,1,1,0,1,
1173000,55.000000,0.500000,40.624000,1,1,1,0,1,
1173100,55.000000,0.500000,40.625800,1,1,1,0,1,
1173200,55.000000,0.500000,40.627600,1,1,1,0,1,
1173300,55.000000,0.500000,40.629400,1,1,1,0,1,
1173400,55.000000,0.500000,40.631200,1,1,1,0,1,
1173500,55.000000,0.500000,40.633000,1,1,1,0,1,
1173600,55.000000,0.500000,40.634800,1,1,1,0,1,
1173700,55.000000,0.500000,40.636600,1,1,1,0,1,
1173800,55.000000,0.500000,40.638400,1,1,1,0,1,
1173900,55.000000,0.500000,40.640200,1,1,1,0,1,
1174000,55.000000,0.500000,40.642000,1,1,1,0,1,
1174100,55.000000,0.500000,40.643800,1,1,1,0,1,
1174200,55.000000,0.500000,40.645600,1,1,1,0,1,
1174300,55.000000,0.500000,40.647400,1,1,1,0,1,
1174400,55.000000,0.500000,40.649200,1,1,1,0,1,
1174500,55.000000,0.500000,40.651000,1,1,1,0,1,
1174600,55.000000,0.500000,40.652800,1,1,1,0,1,
1174700,55.000000,0.500000,40.654600,1,1,1,0,1,
1174800,55.000000,0.500000,40.656400,1,1,1,0,1,
1174900,55.000000,0.500000,40.658200,1,1,1,0,1,
1175000,55.000000,0.500000,40.660000,1,1,1,0,1,
1175100,55.000000,0.500000,40.661800,1,1,1,0,1,
1175200,55.000000,0.500000,40.663600,1,1,1,0,1,
1175300,55.000000,0.500000,40.665400,1,1,1,0,1,
1175400,55.000000,0.500000,40.667200,1,1,1,0,1,
1175500,55.000000,0.500000,40.669000,1,1,1,0,1,
1175600,55.000000,0.500000,40.670800,1,1,1,0,1,
1175700,55.000000,0.500000,40.672600,1,1,1,0,1,
1175800,55.000000,0.500000,40.674400,1,1,1,0,1,
1175900,55.000000,0.500000,40.676200,1,1,1,0,1,
1176000,55.000000,0.500000,40.678000,1,1,1,0,1,
1176100,55.000000,0.500000,40.679800,1,1,1,0,1,
1176200,55.000000,0.500000,40.681600,1,1,1,0,1,
1176300,55.000000,0.500000,40.683400,1,1,1,0,1,
1176400,55.000000,0.500000,40.685200,1,1,1,0,1,
1176500,55.000000,0.500000,40.687000,1,1,1,0,1,
1176600,55.000000,0.500000,40.688800,1,1,1,0,1,
1176700,55.000000,0.500000,40.690600,1,1,1,0,1,
1176800,55.000000,0.500000,40.692400,1,1,1,0,1,
1176900,55.000000,0.500000,40.694200,1,1,1,0,1,
1177000,82.000000,0.500000,40.696000,1,1,1,0,1,
1177100,82.000000,0.500000,40.697800,1,1,1,0,1,
1177200,82.000000,0.500000,40.699600,1,1,1,0,1,
1177300,82.000000,0.500000,40.701400,1,1,1,0,1,
1177400,82.000000,0.500000,40.703200,1,1,1,0,1,
1177500,82.000000,0.500000,40.705000,1,1,1,0,1,
1177600,82.000000,0.500000,40.706800,1,1,1,0,1,
1177700,82.000000,0.500000,40.708600,1,1,1,0,1,
1177800,82.000000,0.500000,40.710400,1,1,1,0,1,
1177900,82.000000,0.500000,40.712200,1,1,1,0,1,
1178000,82.000000,0.500000,40.714000,1,1,1,0,1,
1178100,82.000000,0.500000,40.715800,1,1,1,0,1,
1178200,82.000000,0.500000,40.717600,1,1,1,0,1,
1178300,82.000000,0.500000,40.719400,1,1,1,0,1,
1178400,82.000000,0.500000,40.721200,1,1,1,0,1,
1178500,82.000000,0.500000,40.723000,1,1,1,0,1,
1178600,82.000000,0.500000,40.724800,1,1,1,0,1,
1178700,82.000000,0.500000,40.726600,1,1,1,0,1,
1178800,82.000000,0.500000,40.728400,1,1,1,0,1,
1178900,82.000000,0.500000,40.730200,1,1,1,0,1,
1179000,-15.000000,0.500000,40.732000,1,1,1,0,1,
1179100,-15.000000,0.500000,40.733800,1,1,1,0,1,
1179200,-15.000000,0.500000,40.735600,1,1,1,0,1,
1179300,-15.000000,0.500000,40.737400,1,1,1,0,1,
1179400,-15.000000,0.500000,40.739200,1,1,1,0,1,
1179500,-15.000000,0.500000,40.741000,1,1,1,0,1,
1179600,-15.000000,0.500000,40.742800,1,1,1,0,1,
1179700,-15.000000,0.500000,40.744600,1,1,1,0,1,
1179800,-15.000000,0.500000,40.746400,1,1,1,0,1,
1179900,-15.000000,0.500000,40.748200,1,1,1,0,1,
1180000,42.000000,0.500000,40.750000,1,1,1,0,1,
1180100,42.000000,0.500000,40.751800,1,1,1,0,1,
1180200,42.000000,0.500000,40.753600,1,1,1,0,1,
1180300,42.000000,0.500000,40.755400,1,1,1,0,1,
1180400,42.000000,0.500000,40.757200,1,1,1,0,1,
1180500,42.000000,0.500000,40.759000,1,1,1,0,1,
1180600,42.000000,0.500000,40.760800,1,1,1,0,1,
1180700,42.000000,0.500000,40.762600,1,1,1,0,1,
1180800,42.000000,0.500000,40.764400,1,1,1,0,1,
1180900,42.000000,0.500000,40.766200,1,1,1,0,1,
1181000,42.000000,0.500000,40.768000,1,1,1,0,1,
1181100,42.000000,0.500000,40.769800,1,1,1,0,1,
1181200,42.000000,0.500000,40.771600,1,1,1,0,1,
1181300,42.000000,0.500000,40.773400,1,1,1,0,1,
1181400,42.000000,0.500000,40.775200,1,1,1,0,1,
1181500,42.000000,0.500000,40.777000,1,1,1,0,1,
1181600,42.000000,0.500000,40.778800,1,1,1,0,1,
1181700,42.000000,0.500000,40.780600,1,1,1,0,1,
1181800,42.000000,0.500000,40.782400,1,1,1,0,1,
1181900,42.000000,0.500000,40.784200,1,1,1,0,1,
1182000,42.000000,0.500000,40.786000,1,1,1,0,1,
1182100,42.000000,0.500000,40.787800,1,1,1,0,1,
1182200,42.000000,0.500000,40.789600,1,1,1,0,1,
1182300,42.000000,0.500000,40.791400,1,1,1,0,1,
1182400,42.000000,0.500000,40.793200,1,1,1,0,1,
1182500,42.000000,0.500000,40.795000,1,1,1,0,1,
1182600,42.000000,0.500000,40.796800,1,1,1,0,1,
1182700,42.000000,0.500000,40.798600,1,1,1,0,1,
1182800,42.000000,0.500000,40.800400,1,1,1,0,1,
1182900,42.000000,0.500000,40.802200,1,1,1,0,1,
1183000,42.000000,0.500000,40.804000,1,1,1,0,1,
1183100,42.000000,0.500000,40.805800,1,1,1,0,1,
1183200,42.000000,0.500000,40.807600,1,1,1,0,1,
1183300,42.000000,0.500000,40.809400,1,1,1,0,1,
1183400,42.000000,0.500000,40.811200,1,1,1,0,1,
1183500,42.000000,0.500000,40.813000,1,1,1,0,1,
1183600,42.000000,0.500000,40.814800,1,1,1,0,1,
1183700,42.000000,0.500000,40.816600,1,1,1,0,1,
1183800,42.000000,0.500000,40.818400,1,1,1,0,1,
1183900,42.000000,0.500000,40.820200,1,1,1,0,1,
1184000,42.000000,0.500000,40.822000,1,1,1,0,1,
1184100,42.000000,0.500000,40.823800,1,1,1,0,1,
1184200,42.000000,0.500000,40.825600,1,1,1,0,1,
1184300,42.000000,0.500000,40.827400,1,1,1,0,1,
1184400,42.000000,0.500000,40.829200,1,1,1,0,1,
1184500,42.000000,0.500000,40.831000,1,1,1,0,1,
1184600,42.000000,0.500000,40.832800,1,1,1,0,1,
1184700,42.000000,0.500000,40.834600,1,1,1,0,1,
1184800,42.000000,0.500000,40.836400,1,1,1,0,1,
1184900,42.000000,0.500000,40.838200,1,1,1,0,1,
1185000,95.000000,0.500000,40.840000,1,1,1,0,1,
1185100,95.000000,0.500000,40.841800,1,1,1,0,1,
1185200,95.000000,0.500000,40.843600,1,1,1,0,1,
1185300,95.000000,0.500000,40.845400,1,1,1,0,1,
1185400,95.000000,0.500000,40.847200,1,1,1,0,1,
1185500,95.000000,0.500000,40.849000,1,1,1,0,1,
1185600,95.000000,0.500000,40.850800,1,1,1,0,1,
1185700,95.000000,0.500000,40.852600,1,1,1,0,1,
1185800,95.000000,0.500000,40.854400,1,1,1,0,1,
1185900,95.000000,0.500000,40.856200,1,1,1,0,1,
1186000,95.000000,0.500000,40.858000,1,1,1,0,1,
1186100,95.000000,0.500000,40.859800,1,1,1,0,1,
1186200,95.000000,0.500000,40.861600,1,1,1,0,1,
1186300,95.000000,0.500000,40.863400,1,1,1,0,1,
1186400,95.000000,0.500000,40.865200,1,1,1,0,1,
1186500,95.000000,0.500000,40.867000,1,1,1,0,1,
1186600,95.000000,0.500000,40.868800,1,1,1,0,1,
1186700,95.000000,0.500000,40.870600,1,1,1,0,1,
1186800,95.000000,0.500000,40.872400,1,1,1,0,1,
1186900,95.000000,0.500000,40.874200,1,1,1,0,1,
1187000,68.000000,0.500000,40.876000,1,1,1,0,1,
1187100,68.000000,0.500000,40.877800,1,1,1,0,1,
1187200,68.000000,0.500000,40.879600,1,1,1,0,1,
1187300,68.000000,0.500000,40.881400,1,1,1,0,1,
1187400,68.000000,0.500000,40.883200,1,1,1,0,1,
1187500,68.000000,0.500000,40.885000,1,1,1,0,1,
1187600,68.000000,0.500000,40.886800,1,1,1,0,1,
1187700,68.000000,0.500000,40.888600,1,1,1,0,1,
1187800,68.000000,0.500000,40.890400,1,1,1,0,1,
1187900,68.000000,0.500000,40.892200,1,1,1,0,1,
1188000,68.000000,0.500000,40.894000,1,1,1,0,1,
1188100,68.000000,0.500000,40.895800,1,1,1,0,1,
1188200,68.000000,0.500000,40.897600,1,1,1,0,1,
1188300,68.000000,0.500000,40.899400,1,1,1,0,1,
1188400,68.000000,0.500000,40.901200,1,1,1,0,1,
1188500,68.000000,0.500000,40.903000,1,1,1,0,1,
1188600,68.000000,0.500000,40.904800,1,1,1,0,1,
1188700,68.000000,0.500000,40.906600,1,1,1,0,1,
1188800,68.000000,0.500000,40.908400,1,1,1,0,1,
1188900,68.000000,0.500000,40.910200,1,1,1,0,1,
1189000,68.000000,0.500000,40.912000,1,1,1,0,1,
1189100,68.000000,0.500000,40.913800,1,1,1,0,1,
1189200,68.000000,0.500000,40.915600,1,1,1,0,1,
1189300,68.000000,0.500000,40.917400,1,1,1,0,1,
1189400,68.000000,0.500000,40.919200,1,1,1,0,1,
1189500,68.000000,0.500000,40.921000,1,1,1,0,1,
1189600,68.000000,0.500000,40.922800,1,1,1,0,1,
1189700,68.000000,0.500000,40.924600,1,1,1,0,1,
1189800,68.000000,0.500000,40.926400,1,1,1,0,1,
1189900,68.000000,0.500000,40.928200,1,1,1,0,1,
1190000,-25.000000,0.500000,40.930000,1,1,1,0,1,
1190100,-25.000000,0.500000,40.931800,1,1,1,0,1,
1190200,-25.000000,0.500000,40.933600,1,1,1,0,1,
1190300,-25.000000,0.500000,40.935400,1,1,1,0,1,
1190400,-25.000000,0.500000,40.937200,1,1,1,0,1,
1190500,-25.000000,0.500000,40.939000,1,1,1,0,1,
1190600,-25.000000,0.500000,40.940800,1,1,1,0,1,
1190700,-25.000000,0.500000,40.942600,1,1,1,0,1,
1190800,-25.000000,0.500000,40.944400,1,1,1,0,1,
1190900,-25.000000,0.500000,40.946200,1,1,1,0,1,
1191000,55.000000,0.500000,40.948000,1,1,1,0,1,
1191100,55.000000,0.500000,40.949800,1,1,1,0,1,
1191200,55.000000,0.500000,40.951600,1,1,1,0,1,
1191300,55.000000,0.500000,40.953400,1,1,1,0,1,
1191400,55.000000,0.500000,40.955200,1,1,1,0,1,
1191500,55.000000,0.500000,40.957000,1,1,1,0,1,
1191600,55.000000,0.500000,40.958800,1,1,1,0,1,
1191700,55.000000,0.500000,40.960600,1,1,1,0,1,
1191800,55.000000,0.500000,40.962400,1,1,1,0,1,
1191900,55.000000,0.500000,40.964200,1,1,1,0,1,
1192000,55.000000,0.500000,40.966000,1,1,1,0,1,
1192100,55.000000,0.500000,40.967800,1,1,1,0,1,
1192200,55.000000,0.500000,40.969600,1,1,1,0,1,
1192300,55.000000,0.500000,40.971400,1,1,1,0,1,
1192400,55.000000,0.500000,40.973200,1,1,1,0,1,
1192500,55.000000,0.500000,40.975000,1,1,1,0,1,
1192600,55.000000,0.500000,40.976800,1,1,1,0,1,
1192700,55.000000,0.500000,40.978600,1,1,1,0,1,
1192800,55.000000,0.500000,40.980400,1,1,1,0,1,
1192900,55.000000,0.500000,40.982200,1,1,1,0,1,
1193000,55.000000,0.500000,40.984000,1,1,1,0,1,
1193100,55.000000,0.500000,40.985800,1,1,1,0,1,
1193200,55.000000,0.500000,40.987600,1,1,1,0,1,
1193300,55.000000,0.500000,40.989400,1,1,1,0,1,
1193400,55.000000,0.500000,40.991200,1,1,1,0,1,
1193500,55.000000,0.500000,40.993000,1,1,1,0,1,
1193600,55.000000,0.500000,40.994800,1,1,1,0,1,
1193700,55.000000,0.500000,40.996600,1,1,1,0,1,
1193800,55.000000,0.500000,40.998400,1,1,1,0,1,
1193900,55.000000,0.500000,41.000200,1,1,1,0,1,
1194000,55.000000,0.500000,41.002000,1,1,1,0,1,
1194100,55.000000,0.500000,41.003800,1,1,1,0,1,
1194200,55.000000,0.500000,41.005600,1,1,1,0,1,
1194300,55.000000,0.500000,41.007400,1,1,1,0,1,
1194400,55.000000,0.500000,41.009200,1,1,1,0,1,
1194500,55.000000,0.500000,41.011000,1,1,1,0,1,
1194600,55.000000,0.500000,41.012800,1,1,1,0,1,
1194700,55.000000,0.500000,41.014600,1,1,1,0,1,
1194800,55.000000,0.500000,41.016400,1,1,1,0,1,
1194900,55.000000,0.500000,41.018200,1,1,1,0,1,
1195000,55.000000,0.500000,41.020000,1,1,1,0,1,
1195100,55.000000,0.500000,41.021800,1,1,1,0,1,
1195200,55.000000,0.500000,41.023600,1,1,1,0,1,
1195300,55.000000,0.500000,41.025400,1,1,1,0,1,
1195400,55.000000,0.500000,41.027200,1,1,1,0,1,
1195500,55.000000,0.500000,41.029000,1,1,1,0,1,
1195600,55.000000,0.500000,41.030800,1,1,1,0,1,
1195700,55.000000,0.500000,41.032600,1,1,1,0,1,
1195800,55.000000,0.500000,41.034400,1,1,1,0,1,
1195900,55.000000,0.500000,41.036200,1,1,1,0,1,
1196000,55.000000,0.500000,41.038000,1,1,1,0,1,
1196100,55.000000,0.500000,41.039800,1,1,1,0,1,
1196200,55.000000,0.500000,41.041600,1,1,1,0,1,
1196300,55.000000,0.500000,41.043400,1,1,1,0,1,
1196400,55.000000,0.500000,41.045200,1,1,1,0,1,
1196500,55.000000,0.500000,41.047000,1,1,1,0,1,
1196600,55.000000,0.500000,41.048800,1,1,1,0,1,
1196700,55.000000,0.500000,41.050600,1,1,1,0,1,
1196800,55.000000,0.500000,41.052400,1,1,1,0,1,
1196900,55.000000,0.500000,41.054200,1,1,1,0,1,
1197000,82.000000,0.500000,41.056000,1,1,1,0,1,
1197100,82.000000,0.500000,41.057800,1,1,1,0,1,
1197200,82.000000,0.500000,41.059600,1,1,1,0,1,
1197300,82.000000,0.500000,41.061400,1,1,1,0,1,
1197400,82.000000,0.500000,41.063200,1,1,1,0,1,
1197500,82.000000,0.500000,41.065000,1,1,1,0,1,
1197600,82.000000,0.500000,41.066800,1,1,1,0,1,
1197700,82.000000,0.500000,41.068600,1,1,1,0,1,
1197800,82.000000,0.500000,41.070400,1,1,1,0,1,
1197900,82.000000,0.500000,41.072200,1,1,1,0,1,
1198000,82.000000,0.500000,41.074000,1,1,1,0,1,
1198100,82.000000,0.500000,41.075800,1,1,1,0,1,
1198200,82.000000,0.500000,41.077600,1,1,1,0,1,
1198300,82.000000,0.500000,41.079400,1,1,1,0,1,
1198400,82.000000,0.500000,41.081200,1,1,1,0,1,
1198500,82.000000,0.500000,41.083000,1,1,1,0,1,
1198600,82.000000,0.500000,41.084800,1,1,1,0,1,
1198700,82.000000,0.500000,41.086600,1,1,1,0,1,
1198800,82.000000,0.500000,41.088400,1,1,1,0,1,
1198900,82.000000,0.500000,41.090200,1,1,1,0,1,
1199000,-15.000000,0.500000,41.092000,1,1,1,0,1,
1199100,-15.000000,0.500000,41.093800,1,1,1,0,1,
1199200,-15.000000,0.500000,41.095600,1,1,1,0,1,
1199300,-15.000000,0.500000,41.097400,1,1,1,0,1,
1199400,-15.000000,0.500000,41.099200,1,1,1,0,1,
1199500,-15.000000,0.500000,41.101000,1,1,1,0,1,
1199600,-15.000000,0.500000,41.102800,1,1,1,0,1,
1199700,-15.000000,0.500000,41.104600,1,1,1,0,1,
1199800,-15.000000,0.500000,41.106400,1,1,1,0,1,
1199900,-15.000000,0.500000,41.108200,1,1,1,0,1,
1200000,42.000000,0.500000,41.110000,1,1,1,0,1,
1200100,42.000000,0.500000,41.111800,1,1,1,0,1,
1200200,42.000000,0.500000,41.113600,1,1,1,0,1,
1200300,42.000000,0.500000,41.115400,1,1,1,0,1,
1200400,42.000000,0.500000,41.117200,1,1,1,0,1,
1200500,42.000000,0.500000,41.119000,1,1,1,0,1,
1200600,42.000000,0.500000,41.120800,1,1,1,0,1,
1200700,42.000000,0.500000,41.122600,1,1,1,0,1,
1200800,42.000000,0.500000,41.124400,1,1,1,0,1,
1200900,42.000000,0.500000,41.126200,1,1,1,0,1,
1201000,42.000000,0.500000,41.128000,1,1,1,0,1,
1201100,42.000000,0.500000,41.129800,1,1,1,0,1,
1201200,42.000000,0.500000,41.131600,1,1,1,0,1,
1201300,42.000000,0.500000,41.133400,1,1,1,0,1,
1201400,42.000000,0.500000,41.135200,1,1,1,0,1,
1201500,42.000000,0.500000,41.137000,1,1,1,0,1,
1201600,42.000000,0.500000,41.138800,1,1,1,0,1,
1201700,42.000000,0.500000,41.140600,1,1,1,0,1,
1201800,42.000000,0.500000,41.142400,1,1,1,0,1,
1201900,42.000000,0.500000,41.144200,1,1,1,0,1,
1202000,42.000000,0.500000,41.146000,1,1,1,0,1,
1202100,42.000000,0.500000,41.147800,1,1,1,0,1,
1202200,42.000000,0.500000,41.149600,1,1,1,0,1,
1202300,42.000000,0.500000,41.151400,1,1,1,0,1,
1202400,42.000000,0.500000,41.153200,1,1,1,0,1,
1202500,42.000000,0.500000,41.155000,1,1,1,0,1,
1202600,42.000000,0.500000,41.156800,1,1,1,0,1,
1202700,42.000000,0.500000,41.158600,1,1,1,0,1,
1202800,42.000000,0.500000,41.160400,1,1,1,0,1,
1202900,42.000000,0.500000,41.162200,1,1,1,0,1,
1203000,42.000000,0.500000,41.164000,1,1,1,0,1,
1203100,42.000000,0.500000,41.165800,1,1,1,0,1,
1203200,42.000000,0.500000,41.167600,1,1,1,0,1,
1203300,42.000000,0.500000,41.169400,1,1,1,0,1,
1203400,42.000000,0.500000,41.171200,1,1,1,0,1,
1203500,42.000000,0.500000,41.173000,1,1,1,0,1,
1203600,42.000000,0.500000,41.174800,1,1,1,0,1,
1203700,42.000000,0.500000,41.176600,1,1,1,0,1,
1203800,42.000000,0.500000,41.178400,1,1,1,0,1,
1203900,42.000000,0.500000,41.180200,1,1,1,0,1,
1204000,42.000000,0.500000,41.182000,1,1,1,0,1,
1204100,42.000000,0.500000,41.183800,1,1,1,0,1,
1204200,42.000000,0.500000,41.185600,1,1,1,0,1,
1204300,42.000000,0.500000,41.187400,1,1,1,0,1,
1204400,42.000000,0.500000,41.189200,1,1,1,0,1,
1204500,42.000000,0.500000,41.191000,1,1,1,0,1,
1204600,42.000000,0.500000,41.192800,1,1,1,0,1,
1204700,42.000000,0.500000,41.194600,1,1,1,0,1,
1204800,42.000000,0.500000,41.196400,1,1,1,0,1,
1204900,42.000000,0.500000,41.198200,1,1,1,0,1,
1205000,95.000000,0.500000,41.200000,1,1,1,0,1,
1205100,95.000000,0.500000,41.201800,1,1,1,0,1,
1205200,95.000000,0.500000,41.203600,1,1,1,0,1,
1205300,95.000000,0.500000,41.205400,1,1,1,0,1,
1205400,95.000000,0.500000,41.207200,1,1,1,0,1,
1205500,95.000000,0.500000,41.209000,1,1,1,0,1,
1205600,95.000000,0.500000,41.210800,1,1,1,0,1,
1205700,95.000000,0.500000,41.212600,1,1,1,0,1,
1205800,95.000000,0.500000,41.214400,1,1,1,0,1,
1205900,95.000000,0.500000,41.216200,1,1,1,0,1,
1206000,95.000000,0.500000,41.218000,1,1,1,0,1,
1206100,95.000000,0.500000,41.219800,1,1,1,0,1,
1206200,95.000000,0.500000,41.221600,1,1,1,0,1,
1206300,95.000000,0.500000,41.223400,1,1,1,0,1,
1206400,95.000000,0.500000,41.225200,1,1,1,0,1,
1206500,95.000000,0.500000,41.227000,1,1,1,0,1,
1206600,95.000000,0.500000,41.228800,1,1,1,0,1,
1206700,95.000000,0.500000,41.230600,1,1,1,0,1,
1206800,95.000000,0.500000,41.232400,1,1,1,0,1,
1206900,95.000000,0.500000,41.234200,1,1,1,0,1,
1207000,68.000000,0.500000,41.236000,1,1,1,0,1,
1207100,68.000000,0.500000,41.237800,1,1,1,0,1,
1207200,68.000000,0.500000,41.239600,1,1,1,0,1,
1207300,68.000000,0.500000,41.241400,1,1,1,0,1,
1207400,68.000000,0.500000,41.243200,1,1,1,0,1,
1207500,68.000000,0.500000,41.245000,1,1,1,0,1,
1207600,68.000000,0.500000,41.246800,1,1,1,0,1,
1207700,68.000000,0.500000,41.248600,1,1,1,0,1,
1207800,68.000000,0.500000,41.250400,1,1,1,0,1,
1207900,68.000000,0.500000,41.252200,1,1,1,0,1,
1208000,68.000000,0.500000,41.254000,1,1,1,0,1,
1208100,68.000000,0.500000,41.255800,1,1,1,0,1,
1208200,68.000000,0.500000,41.257600,1,1,1,0,1,
1208300,68.000000,0.500000,41.259400,1,1,1,0,1,
1208400,68.000000,0.500000,41.261200,1,1,1,0,1,
1208500,68.000000,0.500000,41.263000,1,1,1,0,1,
1208600,68.000000,0.500000,41.264800,1,1,1,0,1,
1208700,68.000000,0.500000,41.266600,1,1,1,0,1,
1208800,68.000000,0.500000,41.268400,1,1,1,0,1,
1208900,68.000000,0.500000,41.270200,1,1,1,0,1,
1209000,68.000000,0.500000,41.272000,1,1,1,0,1,
1209100,68.000000,0.500000,41.273800,1,1,1,0,1,
1209200,68.000000,0.500000,41.275600,1,1,1,0,1,
1209300,68.000000,0.500000,41.277400,1,1,1,0,1,
1209400,68.000000,0.500000,41.279200,1,1,1,0,1,
1209500,68.000000,0.500000,41.281000,1,1,1,0,1,
1209600,68.000000,0.500000,41.282800,1,1,1,0,1,
1209700,68.000000,0.500000,41.284600,1,1,1,0,1,
1209800,68.000000,0.500000,41.286400,1,1,1,0,1,
1209900,68.000000,0.500000,41.288200,1,1,1,0,1,
1210000,-25.000000,0.500000,41.290000,1,1,1,0,1,
1210100,-25.000000,0.500000,41.291800,1,1,1,0,1,
1210200,-25.000000,0.500000,41.293600,1,1,1,0,1,
1210300,-25.000000,0.500000,41.295400,1,1,1,0,1,
1210400,-25.000000,0.500000,41.297200,1,1,1,0,1,
1210500,-25.000000,0.500000,41.299000,1,1,1,0,1,
1210600,-25.000000,0.500000,41.300800,1,1,1,0,1,
1210700,-25.000000,0.500000,41.302600,1,1,1,0,1,
1210800,-25.000000,0.500000,41.304400,1,1,1,0,1,
1210900,-25.000000,0.500000,41.306200,1,1,1,0,1,
1211000,55.000000,0.500000,41.308000,1,1,1,0,1,
1211100,55.000000,0.500000,41.309800,1,1,1,0,1,
1211200,55.000000,0.500000,41.311600,1,1,1,0,1,
1211300,55.000000,0.500000,41.313400,1,1,1,0,1,
1211400,55.000000,0.500000,41.315200,1,1,1,0,1,
1211500,55.000000,0.500000,41.317000,1,1,1,0,1,
1211600,55.000000,0.500000,41.318800,1,1,1,0,1,
1211700,55.000000,0.500000,41.320600,1,1,1,0,1,
1211800,55.000000,0.500000,41.322400,1,1,1,0,1,
1211900,55.000000,0.500000,41.324200,1,1,1,0,1,
1212000,55.000000,0.500000,41.326000,1,1,1,0,1,
1212100,55.000000,0.500000,41.327800,1,1,1,0,1,
1212200,55.000000,0.500000,41.329600,1,1,1,0,1,
1212300,55.000000,0.500000,41.331400,1,1,1,0,1,
1212400,55.000000,0.500000,41.333200,1,1,1,0,1,
1212500,55.000000,0.500000,41.335000,1,1,1,0,1,
1212600,55.000000,0.500000,41.336800,1,1,1,0,1,
1212700,55.000000,0.500000,41.338600,1,1,1,0,1,
1212800,55.000000,0.500000,41.340400,1,1,1,0,1,
1212900,55.000000,0.500000,41.342200,1,1,1,0,1,
1213000,55.000000,0.500000,41.344000,1,1,1,0,1,
1213100,55.000000,0.500000,41.345800,1,1,1,0,1,
1213200,55.000000,0.500000,41.347600,1,1,1,0,1,
1213300,55.000000,0.500000,41.349400,1,1,1,0,1,
1213400,55.000000,0.500000,41.351200,1,1,1,0,1,
1213500,55.000000,0.500000,41.353000,1,1,1,0,1,
1213600,55.000000,0.500000,41.354800,1,1,1,0,1,
1213700,55.000000,0.500000,41.356600,1,1,1,0,1,
1213800,55.000000,0.500000,41.358400,1,1,1,0,1,
1213900,55.000000,0.500000,41.360200,1,1,1,0,1,
1214000,55.000000,0.500000,41.362000,1,1,1,0,1,
1214100,55.000000,0.500000,41.363800,1,1,1,0,1,
1214200,55.000000,0.500000,41.365600,1,1,1,0,1,
1214300,55.000000,0.500000,41.367400,1,1,1,0,1,
1214400,55.000000,0.500000,41.369200,1,1,1,0,1,
1214500,55.000000,0.500000,41.371000,1,1,1,0,1,
1214600,55.000000,0.500000,41.372800,1,1,1,0,1,
1214700,55.000000,0.500000,41.374600,1,1,1,0,1,
1214800,55.000000,0.500000,41.376400,1,1,1,0,1,
1214900,55.000000,0.500000,41.378200,1,1,1,0,1,
1215000,55.000000,0.500000,41.380000,1,1,1,0,1,
1215100,55.000000,0.500000,41.381800,1,1,1,0,1,
1215200,55.000000,0.500000,41.383600,1,1,1,0,1,
1215300,55.000000,0.500000,41.385400,1,1,1,0,1,
1215400,55.000000,0.500000,41.387200,1,1,1,0,1,
1215500,55.000000,0.500000,41.389000,1,1,1,0,1,
1215600,55.000000,0.500000,41.390800,1,1,1,0,1,
1215700,55.000000,0.500000,41.392600,1,1,1,0,1,
1215800,55.000000,0.500000,41.394400,1,1,1,0,1,
1215900,55.000000,0.500000,41.396200,1,1,1,0,1,
1216000,55.000000,0.500000,41.398000,1,1,1,0,1,
1216100,55.000000,0.500000,41.399800,1,1,1,0,1,
1216200,55.000000,0.500000,41.401600,1,1,1,0,1,
1216300,55.000000,0.500000,41.403400,1,1,1,0,1,
1216400,55.000000,0.500000,41.405200,1,1,1,0,1,
1216500,55.000000,0.500000,41.407000,1,1,1,0,1,
1216600,55.000000,0.500000,41.408800,1,1,1,0,1,
1216700,55.000000,0.500000,41.410600,1,1,1,0,1,
1216800,55.000000,0.500000,41.412400,1,1,1,0,1,
1216900,55.000000,0.500000,41.414200,1,1,1,0,1,
1217000,82.000000,0.500000,41.416000,1,1,1,0,1,
1217100,82.000000,0.500000,41.417800,1,1,1,0,1,
1217200,82.000000,0.500000,41.419600,1,1,1,0,1,
1217300,82.000000,0.500000,41.421400,1,1,1,0,1,
1217400,82.000000,0.500000,41.423200,1,1,1,0,1,
1217500,82.000000,0.500000,41.425000,1,1,1,0,1,
1217600,82.000000,0.500000,41.426800,1,1,1,0,1,
1217700,82.000000,0.500000,41.428600,1,1,1,0,1,
1217800,82.000000,0.500000,41.430400,1,1,1,0,1,
1217900,82.000000,0.500000,41.432200,1,1,1,0,1,
1218000,82.000000,0.500000,41.434000,1,1,1,0,1,
1218100,82.000000,0.500000,41.435800,1,1,1,0,1,
1218200,82.000000,0.500000,41.437600,1,1,1,0,1,
1218300,82.000000,0.500000,41.439400,1,1,1,0,1,
1218400,82.000000,0.500000,41.441200,1,1,1,0,1,
1218500,82.000000,0.500000,41.443000,1,1,1,0,1,
1218600,82.000000,0.500000,41.444800,1,1,1,0,1,
1218700,82.000000,0.500000,41.446600,1,1,1,0,1,
1218800,82.000000,0.500000,41.448400,1,1,1,0,1,
1218900,82.000000,0.500000,41.450200,1,1,1,0,1,
1219000,-15.000000,0.500000,41.452000,1,1,1,0,1,
1219100,-15.000000,0.500000,41.453800,1,1,1,0,1,
1219200,-15.000000,0.500000,41.455600,1,1,1,0,1,
1219300,-15.000000,0.500000,41.457400,1,1,1,0,1,
1219400,-15.000000,0.500000,41.459200,1,1,1,0,1,
1219500,-15.000000,0.500000,41.461000,1,1,1,0,1,
1219600,-15.000000,0.500000,41.462800,1,1,1,0,1,
1219700,-15.000000,0.500000,41.464600,1,1,1,0,1,
1219800,-15.000000,0.500000,41.466400,1,1,1,0,1,
1219900,-15.000000,0.500000,41.468200,1,1,1,0,1,
1220000,42.000000,0.500000,41.470000,1,1,1,0,1,
1220100,42.000000,0.500000,41.471800,1,1,1,0,1,
1220200,42.000000,0.500000,41.473600,1,1,1,0,1,
1220300,42.000000,0.500000,41.475400,1,1,1,0,1,
1220400,42.000000,0.500000,41.477200,1,1,1,0,1,
1220500,42.000000,0.500000,41.479000,1,1,1,0,1,
1220600,42.000000,0.500000,41.480800,1,1,1,0,1,
1220700,42.000000,0.500000,41.482600,1,1,1,0,1,
1220800,42.000000,0.500000,41.484400,1,1,1,0,1,
1220900,42.000000,0.500000,41.486200,1,1,1,0,1,
1221000,42.000000,0.500000,41.488000,1,1,1,0,1,
1221100,42.000000,0.500000,41.489800,1,1,1,0,1,
1221200,42.000000,0.500000,41.491600,1,1,1,0,1,
1221300,42.000000,0.500000,41.493400,1,1,1,0,1,
1221400,42.000000,0.500000,41.495200,1,1,1,0,1,
1221500,42.000000,0.500000,41.497000,1,1,1,0,1,
1221600,42.000000,0.500000,41.498800,1,1,1,0,1,
1221700,42.000000,0.500000,41.500600,1,1,1,0,1,
1221800,42.000000,0.500000,41.502400,1,1,1,0,1,
1221900,42.000000,0.500000,41.504200,1,1,1,0,1,
1222000,42.000000,0.500000,41.506000,1,1,1,0,1,
1222100,42.000000,0.500000,41.507800,1,1,1,0,1,
1222200,42.000000,0.500000,41.509600,1,1,1,0,1,
1222300,42.000000,0.500000,41.511400,1,1,1,0,1,
1222400,42.000000,0.500000,41.513200,1,1,1,0,1,
1222500,42.000000,0.500000,41.515000,1,1,1,0,1,
1222600,42.000000,0.500000,41.516800,1,1,1,0,1,
1222700,42.000000,0.500000,41.518600,1,1,1,0,1,
1222800,42.000000,0.500000,41.520400,1,1,1,0,1,
1222900,42.000000,0.500000,41.522200,1,1,1,0,1,
1223000,42.000000,0.500000,41.524000,1,1,1,0,1,
1223100,42.000000,0.500000,41.525800,1,1,1,0,1,
1223200,42.000000,0.500000,41.527600,1,1,1,0,1,
1223300,42.000000,0.500000,41.529400,1,1,1,0,1,
1223400,42.000000,0.500000,41.531200,1,1,1,0,1,
1223500,42.000000,0.500000,41.533000,1,1,1,0,1,
1223600,42.000000,0.500000,41.534800,1,1,1,0,1,
1223700,42.000000,0.500000,41.536600,1,1,1,0,1,
1223800,42.000000,0.500000,41.538400,1,1,1,0,1,
1223900,42.000000,0.500000,41.540200,1,1,1,0,1,
1224000,42.000000,0.500000,41.542000,1,1,1,0,1,
1224100,42.000000,0.500000,41.543800,1,1,1,0,1,
1224200,42.000000,0.500000,41.545600,1,1,1,0,1,
1224300,42.000000,0.500000,41.547400,1,1,1,0,1,
1224400,42.000000,0.500000,41.549200,1,1,1,0,1,
1224500,42.000000,0.500000,41.551000,1,1,1,0,1,
1224600,42.000000,0.500000,41.552800,1,1,1,0,1,
1224700,42.000000,0.500000,41.554600,1,1,1,0,1,
1224800,42.000000,0.500000,41.556400,1,1,1,0,1,
1224900,42.000000,0.500000,41.558200,1,1,1,0,1,
1225000,95.000000,0.500000,41.560000,1,1,1,0,1,
1225100,95.000000,0.500000,41.561800,1,1,1,0,1,
1225200,95.000000,0.500000,41.563600,1,1,1,0,1,
1225300,95.000000,0.500000,41.565400,1,1,1,0,1,
1225400,95.000000,0.500000,41.567200,1,1,1,0,1,
1225500,95.000000,0.500000,41.569000,1,1,1,0,1,
1225600,95.000000,0.500000,41.570800,1,1,1,0,1,
1225700,95.000000,0.500000,41.572600,1,1,1,0,1,
1225800,95.000000,0.500000,41.574400,1,1,1,0,1,
1225900,95.000000,0.500000,41.576200,1,1,1,0,1,
1226000,95.000000,0.500000,41.578000,1,1,1,0,1,
1226100,95.000000,0.500000,41.579800,1,1,1,0,1,
1226200,95.000000,0.500000,41.581600,1,1,1,0,1,
1226300,95.000000,0.500000,41.583400,1,1,1,0,1,
1226400,95.000000,0.500000,41.585200,1,1,1,0,1,
1226500,95.000000,0.500000,41.587000,1,1,1,0,1,
1226600,95.000000,0.500000,41.588800,1,1,1,0,1,
1226700,95.000000,0.500000,41.590600,1,1,1,0,1,
1226800,95.000000,0.500000,41.592400,1,1,1,0,1,
1226900,95.000000,0.500000,41.594200,1,1,1,0,1,
1227000,68.000000,0.500000,41.596000,1,1,1,0,1,
1227100,68.000000,0.500000,41.597800,1,1,1,0,1,
1227200,68.000000,0.500000,41.599600,1,1,1,0,1,
1227300,68.000000,0.500000,41.601400,1,1,1,0,1,
1227400,68.000000,0.500000,41.603200,1,1,1,0,1,
1227500,68.000000,0.500000,41.605000,1,1,1,0,1,
1227600,68.000000,0.500000,41.606800,1,1,1,0,1,
1227700,68.000000,0.500000,41.608600,1,1,1,0,1,
1227800,68.000000,0.500000,41.610400,1,1,1,0,1,
1227900,68.000000,0.500000,41.612200,1,1,1,0,1,
1228000,68.000000,0.500000,41.614000,1,1,1,0,1,
1228100,68.000000,0.500000,41.615800,1,1,1,0,1,
1228200,68.000000,0.500000,41.617600,1,1,1,0,1,
1228300,68.000000,0.500000,41.619400,1,1,1,0,1,
1228400,68.000000,0.500000,41.621200,1,1,1,0,1,
1228500,68.000000,0.500000,41.623000,1,1,1,0,1,
1228600,68.000000,0.500000,41.624800,1,1,1,0,1,
1228700,68.000000,0.500000,41.626600,1,1,1,0,1,
1228800,68.000000,0.500000,41.628400,1,1,1,0,1,
1228900,68.000000,0.500000,41.630200,1,1,1,0,1,
1229000,68.000000,0.500000,41.632000,1,1,1,0,1,
1229100,68.000000,0.500000,41.633800,1,1,1,0,1,
1229200,68.000000,0.500000,41.635600,1,1,1,0,1,
1229300,68.000000,0.500000,41.637400,1,1,1,0,1,
1229400,68.000000,0.500000,41.639200,1,1,1,0,1,
1229500,68.000000,0.500000,41.641000,1,1,1,0,1,
1229600,68.000000,0.500000,41.642800,1,1,1,0,1,
1229700,68.000000,0.500000,41.644600,1,1,1,0,1,
1229800,68.000000,0.500000,41.646400,1,1,1,0,1,
1229900,68.000000,0.500000,41.648200,1,1,1,0,1,
1230000,-25.000000,0.500000,41.650000,1,1,1,0,1,
1230100,-25.000000,0.500000,41.651800,1,1,1,0,1,
1230200,-25.000000,0.500000,41.653600,1,1,1,0,1,
1230300,-25.000000,0.500000,41.655400,1,1,1,0,1,
1230400,-25.000000,0.500000,41.657200,1,1,1,0,1,
1230500,-25.000000,0.500000,41.659000,1,1,1,0,1,
1230600,-25.000000,0.500000,41.660800,1,1,1,0,1,
1230700,-25.000000,0.500000,41.662600,1,1,1,0,1,
1230800,-25.000000,0.500000,41.664400,1,1,1,0,1,
1230900,-25.000000,0.500000,41.666200,1,1,1,0,1,
1231000,55.000000,0.500000,41.668000,1,1,1,0,1,
1231100,55.000000,0.500000,41.669800,1,1,1,0,1,
1231200,55.000000,0.500000,41.671600,1,1,1,0,1,
1231300,55.000000,0.500000,41.673400,1,1,1,0,1,
1231400,55.000000,0.500000,41.675200,1,1,1,0,1,
1231500,55.000000,0.500000,41.677000,1,1,1,0,1,
1231600,55.000000,0.500000,41.678800,1,1,1,0,1,
1231700,55.000000,0.500000,41.680600,1,1,1,0,1,
1231800,55.000000,0.500000,41.682400,1,1,1,0,1,
1231900,55.000000,0.500000,41.684200,1,1,1,0,1,
1232000,55.000000,0.500000,41.686000,1,1,1,0,1,
1232100,55.000000,0.500000,41.687800,1,1,1,0,1,
1232200,55.000000,0.500000,41.689600,1,1,1,0,1,
1232300,55.000000,0.500000,41.691400,1,1,1,0,1,
1232400,55.000000,0.500000,41.693200,1,1,1,0,1,
1232500,55.000000,0.500000,41.695000,1,1,1,0,1,
1232600,55.000000,0.500000,41.696800,1,1,1,0,1,
1232700,55.000000,0.500000,41.698600,1,1,1,0,1,
1232800,55.000000,0.500000,41.700400,1,1,1,0,1,
1232900,55.000000,0.500000,41.702200,1,1,1,0,1,
1233000,55.000000,0.500000,41.704000,1,1,1,0,1,
1233100,55.000000,0.500000,41.705800,1,1,1,0,1,
1233200,55.000000,0.500000,41.707600,1,1,1,0,1,
1233300,55.000000,0.500000,41.709400,1,1,1,0,1,
1233400,55.000000,0.500000,41.711200,1,1,1,0,1,
1233500,55.000000,0.500000,41.713000,1,1,1,0,1,
1233600,55.000000,0.500000,41.714800,1,1,1,0,1,
1233700,55.000000,0.500000,41.716600,1,1,1,0,1,
1233800,55.000000,0.500000,41.718400,1,1,1,0,1,
1233900,55.000000,0.500000,41.720200,1,1,1,0,1,
1234000,55.000000,0.500000,41.722000,1,1,1,0,1,
1234100,55.000000,0.500000,41.723800,1,1,1,0,1,
1234200,55.000000,0.500000,41.725600,1,1,1,0,1,
1234300,55.000000,0.500000,41.727400,1,1,1,0,1,
1234400,55.000000,0.500000,41.729200,1,1,1,0,1,
1234500,55.000000,0.500000,41.731000,1,1,1,0,1,
1234600,55.000000,0.500000,41.732800,1,1,1,0,1,
1234700,55.000000,0.500000,41.734600,1,1,1,0,1,
1234800,55.000000,0.500000,41.736400,1,1,1,0,1,
1234900,55.000000,0.500000,41.738200,1,1,1,0,1,
1235000,55.000000,0.500000,41.740000,1,1,1,0,1,
1235100,55.000000,0.500000,41.741800,1,1,1,0,1,
1235200,55.000000,0.500000,41.743600,1,1,1,0,1,
1235300,55.000000,0.500000,41.745400,1,1,1,0,1,
1235400,55.000000,0.500000,41.747200,1,1,1,0,1,
1235500,55.000000,0.500000,41.749000,1,1,1,0,1,
1235600,55.000000,0.500000,41.750800,1,1,1,0,1,
1235700,55.000000,0.500000,41.752600,1,1,1,0,1,
1235800,55.000000,0.500000,41.754400,1,1,1,0,1,
1235900,55.000000,0.500000,41.756200,1,1,1,0,1,
1236000,55.000000,0.500000,41.758000,1,1,1,0,1,
1236100,55.000000,0.500000,41.759800,1,1,1,0,1,
1236200,55.000000,0.500000,41.761600,1,1,1,0,1,
1236300,55.000000,0.500000,41.763400,1,1,1,0,1,
1236400,55.000000,0.500000,41.765200,1,1,1,0,1,
1236500,55.000000,0.500000,41.767000,1,1,1,0,1,
1236600,55.000000,0.500000,41.768800,1,1,1,0,1,
1236700,55.000000,0.500000,41.770600,1,1,1,0,1,
1236800,55.000000,0.500000,41.772400,1,1,1,0,1,
1236900,55.000000,0.500000,41.774200,1,1,1,0,1,
1237000,82.000000,0.500000,41.776000,1,1,1,0,1,
1237100,82.000000,0.500000,41.777800,1,1,1,0,1,
1237200,82.000000,0.500000,41.779600,1,1,1,0,1,
1237300,82.000000,0.500000,41.781400,1,1,1,0,1,
1237400,82.000000,0.500000,41.783200,1,1,1,0,1,
1237500,82.000000,0.500000,41.785000,1,1,1,0,1,
1237600,82.000000,0.500000,41.786800,1,1,1,0,1,
1237700,82.000000,0.500000,41.788600,1,1,1,0,1,
1237800,82.000000,0.500000,41.790400,1,1,1,0,1,
1237900,82.000000,0.500000,41.792200,1,1,1,0,1,
1238000,82.000000,0.500000,41.794000,1,1,1,0,1,
1238100,82.000000,0.500000,41.795800,1,1,1,0,1,
1238200,82.000000,0.500000,41.797600,1,1,1,0,1,
1238300,82.000000,0.500000,41.799400,1,1,1,0,1,
1238400,82.000000,0.500000,41.801200,1,1,1,0,1,
1238500,82.000000,0.500000,41.803000,1,1,1,0,1,
1238600,82.000000,0.500000,41.804800,1,1,1,0,1,
1238700,82.000000,0.500000,41.806600,1,1,1,0,1,
1238800,82.000000,0.500000,41.808400,1,1,1,0,1,
1238900,82.000000,0.500000,41.810200,1,1,1,0,1,
1239000,-15.000000,0.500000,41.812000,1,1,1,0,1,
1239100,-15.000000,0.500000,41.813800,1,1,1,0,1,
1239200,-15.000000,0.500000,41.815600,1,1,1,0,1,
1239300,-15.000000,0.500000,41.817400,1,1,1,0,1,
1239400,-15.000000,0.500000,41.819200,1,1,1,0,1,
1239500,-15.000000,0.500000,41.821000,1,1,1,0,1,
1239600,-15.000000,0.500000,41.822800,1,1,1,0,1,
1239700,-15.000000,0.500000,41.824600,1,1,1,0,1,
1239800,-15.000000,0.500000,41.826400,1,1,1,0,1,
1239900,-15.000000,0.500000,41.828200,1,1,1,0,1,
1240000,42.000000,0.500000,41.830000,1,1,1,0,1,
1240100,42.000000,0.500000,41.831800,1,1,1,0,1,
1240200,42.000000,0.500000,41.833600,1,1,1,0,1,
1240300,42.000000,0.500000,41.835400,1,1,1,0,1,
1240400,42.000000,0.500000,41.837200,1,1,1,0,1,
1240500,42.000000,0.500000,41.839000,1,1,1,0,1,
1240600,42.000000,0.500000,41.840800,1,1,1,0,1,
1240700,42.000000,0.500000,41.842600,1,1,1,0,1,
1240800,42.000000,0.500000,41.844400,1,1,1,0,1,
1240900,42.000000,0.500000,41.846200,1,1,1,0,1,
1241000,42.000000,0.500000,41.848000,1,1,1,0,1,
1241100,42.000000,0.500000,41.849800,1,1,1,0,1,
1241200,42.000000,0.500000,41.851600,1,1,1,0,1,
1241300,42.000000,0.500000,41.853400,1,1,1,0,1,
1241400,42.000000,0.500000,41.855200,1,1,1,0,1,
1241500,42.000000,0.500000,41.857000,1,1,1,0,1,
1241600,42.000000,0.500000,41.858800,1,1,1,0,1,
1241700,42.000000,0.500000,41.860600,1,1,1,0,1,
1241800,42.000000,0.500000,41.862400,1,1,1,0,1,
1241900,42.000000,0.500000,41.864200,1,1,1,0,1,
1242000,42.000000,0.500000,41.866000,1,1,1,0,1,
1242100,42.000000,0.500000,41.867800,1,1,1,0,1,
1242200,42.000000,0.500000,41.869600,1,1,1,0,1,
1242300,42.000000,0.500000,41.871400,1,1,1,0,1,
1242400,42.000000,0.500000,41.873200,1,1,1,0,1,
1242500,42.000000,0.500000,41.875000,1,1,1,0,1,
1242600,42.000000,0.500000,41.876800,1,1,1,0,1,
1242700,42.000000,0.500000,41.878600,1,1,1,0,1,
1242800,42.000000,0.500000,41.880400,1,1,1,0,1,
1242900,42.000000,0.500000,41.882200,1,1,1,0,1,
1243000,42.000000,0.500000,41.884000,1,1,1,0,1,
1243100,42.000000,0.500000,41.885800,1,1,1,0,1,
1243200,42.000000,0.500000,41.887600,1,1,1,0,1,
1243300,42.000000,0.500000,41.889400,1,1,1,0,1,
1243400,42.000000,0.500000,41.891200,1,1,1,0,1,
1243500,42.000000,0.500000,41.893000,1,1,1,0,1,
1243600,42.000000,0.500000,41.894800,1,1,1,0,1,
1243700,42.000000,0.500000,41.896600,1,1,1,0,1,
1243800,42.000000,0.500000,41.898400,1,1,1,0,1,
1243900,42.000000,0.500000,41.900200,1,1,1,0,1,
1244000,42.000000,0.500000,41.902000,1,1,1,0,1,
1244100,42.000000,0.500000,41.903800,1,1,1,0,1,
1244200,42.000000,0.500000,41.905600,1,1,1,0,1,
1244300,42.000000,0.500000,41.907400,1,1,1,0,1,
1244400,42.000000,0.500000,41.909200,1,1,1,0,1,
1244500,42.000000,0.500000,41.911000,1,1,1,0,1,
1244600,42.000000,0.500000,41.912800,1,1,1,0,1,
1244700,42.000000,0.500000,41.914600,1,1,1,0,1,
1244800,42.000000,0.500000,41.916400,1,1,1,0,1,
1244900,42.000000,0.500000,41.918200,1,1,1,0,1,
1245000,95.000000,0.500000,41.920000,1,1,1,0,1,
1245100,95.000000,0.500000,41.921800,1,1,1,0,1,
1245200,95.000000,0.500000,41.923600,1,1,1,0,1,
1245300,95.000000,0.500000,41.925400,1,1,1,0,1,
1245400,95.000000,0.500000,41.927200,1,1,1,0,1,
1245500,95.000000,0.500000,41.929000,1,1,1,0,1,
1245600,95.000000,0.500000,41.930800,1,1,1,0,1,
1245700,95.000000,0.500000,41.932600,1,1,1,0,1,
1245800,95.000000,0.500000,41.934400,1,1,1,0,1,
1245900,95.000000,0.500000,41.936200,1,1,1,0,1,
1246000,95.000000,0.500000,41.938000,1,1,1,0,1,
1246100,95.000000,0.500000,41.939800,1,1,1,0,1,
1246200,95.000000,0.500000,41.941600,1,1,1,0,1,
1246300,95.000000,0.500000,41.943400,1,1,1,0,1,
1246400,95.000000,0.500000,41.945200,1,1,1,0,1,
1246500,95.000000,0.500000,41.947000,1,1,1,0,1,
1246600,95.000000,0.500000,41.948800,1,1,1,0,1,
1246700,95.000000,0.500000,41.950600,1,1,1,0,1,
1246800,95.000000,0.500000,41.952400,1,1,1,0,1,
1246900,95.000000,0.500000,41.954200,1,1,1,0,1,
1247000,68.000000,0.500000,41.956000,1,1,1,0,1,
1247100,68.000000,0.500000,41.957800,1,1,1,0,1,
1247200,68.000000,0.500000,41.959600,1,1,1,0,1,
1247300,68.000000,0.500000,41.961400,1,1,1,0,1,
1247400,68.000000,0.500000,41.963200,1,1,1,0,1,
1247500,68.000000,0.500000,41.965000,1,1,1,0,1,
1247600,68.000000,0.500000,41.966800,1,1,1,0,1,
1247700,68.000000,0.500000,41.968600,1,1,1,0,1,
1247800,68.000000,0.500000,41.970400,1,1,1,0,1,
1247900,68.000000,0.500000,41.972200,1,1,1,0,1,
1248000,68.000000,0.500000,41.974000,1,1,1,0,1,
1248100,68.000000,0.500000,41.975800,1,1,1,0,1,
1248200,68.000000,0.500000,41.977600,1,1,1,0,1,
1248300,68.000000,0.500000,41.979400,1,1,1,0,1,
1248400,68.000000,0.500000,41.981200,1,1,1,0,1,
1248500,68.000000,0.500000,41.983000,1,1,1,0,1,
1248600,68.000000,0.500000,41.984800,1,1,1,0,1,
1248700,68.000000,0.500000,41.986600,1,1,1,0,1,
1248800,68.000000,0.500000,41.988400,1,1,1,0,1,
1248900,68.000000,0.500000,41.990200,1,1,1,0,1,
1249000,68.000000,0.500000,41.992000,1,1,1,0,1,
1249100,68.000000,0.500000,41.993800,1,1,1,0,1,
1249200,68.000000,0.500000,41.995600,1,1,1,0,1,
1249300,68.000000,0.500000,41.997400,1,1,1,0,1,
1249400,68.000000,0.500000,41.999200,1,1,1,0,1,
1249500,68.000000,0.500000,42.001000,1,1,1,0,1,
1249600,68.000000,0.500000,42.002800,1,1,1,0,1,
1249700,68.000000,0.500000,42.004600,1,1,1,0,1,
1249800,68.000000,0.500000,42.006400,1,1,1,0,1,
1249900,68.000000,0.500000,42.008200,1,1,1,0,1,
1250000,-25.000000,0.500000,42.010000,1,1,1,0,1,
1250100,-25.000000,0.500000,42.011800,1,1,1,0,1,
1250200,-25.000000,0.500000,42.013600,1,1,1,0,1,
1250300,-25.000000,0.500000,42.015400,1,1,1,0,1,
1250400,-25.000000,0.500000,42.017200,1,1,1,0,1,
1250500,-25.000000,0.500000,42.019000,1,1,1,0,1,
1250600,-25.000000,0.500000,42.020800,1,1,1,0,1,
1250700,-25.000000,0.500000,42.022600,1,1,1,0,1,
1250800,-25.000000,0.500000,42.024400,1,1,1,0,1,
1250900,-25.000000,0.500000,42.026200,1,1,1,0,1,
1251000,55.000000,0.500000,42.028000,1,1,1,0,1,
1251100,55.000000,0.500000,42.029800,1,1,1,0,1,
1251200,55.000000,0.500000,42.031600,1,1,1,0,1,
1251300,55.000000,0.500000,42.033400,1,1,1,0,1,
1251400,55.000000,0.500000,42.035200,1,1,1,0,1,
1251500,55.000000,0.500000,42.037000,1,1,1,0,1,
1251600,55.000000,0.500000,42.038800,1,1,1,0,1,
1251700,55.000000,0.500000,42.040600,1,1,1,0,1,
1251800,55.000000,0.500000,42.042400,1,1,1,0,1,
1251900,55.000000,0.500000,42.044200,1,1,1,0,1,
1252000,55.000000,0.500000,42.046000,1,1,1,0,1,
1252100,55.000000,0.500000,42.047800,1,1,1,0,1,
1252200,55.000000,0.500000,42.049600,1,1,1,0,1,
1252300,55.000000,0.500000,42.051400,1,1,1,0,1,
1252400,55.000000,0.500000,42.053200,1,1,1,0,1,
1252500,55.000000,0.500000,42.055000,1,1,1,0,1,
1252600,55.000000,0.500000,42.056800,1,1,1,0,1,
1252700,55.000000,0.500000,42.058600,1,1,1,0,1,
1252800,55.000000,0.500000,42.060400,1,1,1,0,1,
1252900,55.000000,0.500000,42.062200,1,1,1,0,1,
1253000,55.000000,0.500000,42.064000,1,1,1,0,1,
1253100,55.000000,0.500000,42.065800,1,1,1,0,1,
1253200,55.000000,0.500000,42.067600,1,1,1,0,1,
1253300,55.000000,0.500000,42.069400,1,1,1,0,1,
1253400,55.000000,0.500000,42.071200,1,1,1,0,1,
1253500,55.000000,0.500000,42.073000,1,1,1,0,1,
1253600,55.000000,0.500000,42.074800,1,1,1,0,1,
1253700,55.000000,0.500000,42.076600,1,1,1,0,1,
1253800,55.000000,0.500000,42.078400,1,1,1,0,1,
1253900,55.000000,0.500000,42.080200,1,1,1,0,1,
1254000,55.000000,0.500000,42.082000,1,1,1,0,1,
1254100,55.000000,0.500000,42.083800,1,1,1,0,1,
1254200,55.000000,0.500000,42.085600,1,1,1,0,1,
1254300,55.000000,0.500000,42.087400,1,1,1,0,1,
1254400,55.000000,0.500000,42.089200,1,1,1,0,1,
1254500,55.000000,0.500000,42.091000,1,1,1,0,1,
1254600,55.000000,0.500000,42.092800,1,1,1,0,1,
1254700,55.000000,0.500000,42.094600,1,1,1,0,1,
1254800,55.000000,0.500000,42.096400,1,1,1,0,1,
1254900,55.000000,0.500000,42.098200,1,1,1,0,1,
1255000,55.000000,0.500000,42.100000,1,1,1,0,1,
1255100,55.000000,0.500000,42.101800,1,1,1,0,1,
1255200,55.000000,0.500000,42.103600,1,1,1,0,1,
1255300,55.000000,0.500000,42.105400,1,1,1,0,1,
1255400,55.000000,0.500000,42.107200,1,1,1,0,1,
1255500,55.000000,0.500000,42.109000,1,1,1,0,1,
1255600,55.000000,0.500000,42.110800,1,1,1,0,1,
1255700,55.000000,0.500000,42.112600,1,1,1,0,1,
1255800,55.000000,0.500000,42.114400,1,1,1,0,1,
1255900,55.000000,0.500000,42.116200,1,1,1,0,1,
1256000,55.000000,0.500000,42.118000,1,1,1,0,1,
1256100,55.000000,0.500000,42.119800,1,1,1,0,1,
1256200,55.000000,0.500000,42.121600,1,1,1,0,1,
1256300,55.000000,0.500000,42.123400,1,1,1,0,1,
1256400,55.000000,0.500000,42.125200,1,1,1,0,1,
1256500,55.000000,0.500000,42.127000,1,1,1,0,1,
1256600,55.000000,0.500000,42.128800,1,1,1,0,1,
1256700,55.000000,0.500000,42.130600,1,1,1,0,1,
1256800,55.000000,0.500000,42.132400,1,1,1,0,1,
1256900,55.000000,0.500000,42.134200,1,1,1,0,1,
1257000,82.000000,0.500000,42.136000,1,1,1,0,1,
1257100,82.000000,0.500000,42.137800,1,1,1,0,1,
1257200,82.000000,0.500000,42.139600,1,1,1,0,1,
1257300,82.000000,0.500000,42.141400,1,1,1,0,1,
1257400,82.000000,0.500000,42.143200,1,1,1,0,1,
1257500,82.000000,0.500000,42.145000,1,1,1,0,1,
1257600,82.000000,0.500000,42.146800,1,1,1,0,1,
1257700,82.000000,0.500000,42.148600,1,1,1,0,1,
1257800,82.000000,0.500000,42.150400,1,1,1,0,1,
1257900,82.000000,0.500000,42.152200,1,1,1,0,1,
1258000,82.000000,0.500000,42.154000,1,1,1,0,1,
1258100,82.000000,0.500000,42.155800,1,1,1,0,1,
1258200,82.000000,0.500000,42.157600,1,1,1,0,1,
1258300,82.000000,0.500000,42.159400,1,1,1,0,1,
1258400,82.000000,0.500000,42.161200,1,1,1,0,1,
1258500,82.000000,0.500000,42.163000,1,1,1,0,1,
1258600,82.000000,0.500000,42.164800,1,1,1,0,1,
1258700,82.000000,0.500000,42.166600,1,1,1,0,1,
1258800,82.000000,0.500000,42.168400,1,1,1,0,1,
1258900,82.000000,0.500000,42.170200,1,1,1,0,1,
1259000,-15.000000,0.500000,42.172000,1,1,1,0,1,
1259100,-15.000000,0.500000,42.173800,1,1,1,0,1,
1259200,-15.000000,0.500000,42.175600,1,1,1,0,1,
1259300,-15.000000,0.500000,42.177400,1,1,1,0,1,
1259400,-15.000000,0.500000,42.179200,1,1,1,0,1,
1259500,-15.000000,0.500000,42.181000,1,1,1,0,1,
1259600,-15.000000,0.500000,42.182800,1,1,1,0,1,
1259700,-15.000000,0.500000,42.184600,1,1,1,0,1,
1259800,-15.000000,0.500000,42.186400,1,1,1,0,1,
1259900,-15.000000,0.500000,42.188200,1,1,1,0,1,
1260000,42.000000,0.500000,42.190000,1,1,1,0,1,
1260100,42.000000,0.500000,42.191800,1,1,1,0,1,
1260200,42.000000,0.500000,42.193600,1,1,1,0,1,
1260300,42.000000,0.500000,42.195400,1,1,1,0,1,
1260400,42.000000,0.500000,42.197200,1,1,1,0,1,
1260500,42.000000,0.500000,42.199000,1,1,1,0,1,
1260600,42.000000,0.500000,42.200800,1,1,1,0,1,
1260700,42.000000,0.500000,42.202600,1,1,1,0,1,
1260800,42.000000,0.500000,42.204400,1,1,1,0,1,
1260900,42.000000,0.500000,42.206200,1,1,1,0,1,
1261000,42.000000,0.500000,42.208000,1,1,1,0,1,
1261100,42.000000,0.500000,42.209800,1,1,1,0,1,
1261200,42.000000,0.500000,42.211600,1,1,1,0,1,
1261300,42.000000,0.500000,42.213400,1,1,1,0,1,
1261400,42.000000,0.500000,42.215200,1,1,1,0,1,
1261500,42.000000,0.500000,42.217000,1,1,1,0,1,
1261600,42.000000,0.500000,42.218800,1,1,1,0,1,
1261700,42.000000,0.500000,42.220600,1,1,1,0,1,
1261800,42.000000,0.500000,42.222400,1,1,1,0,1,
1261900,42.000000,0.500000,42.224200,1,1,1,0,1,
1262000,42.000000,0.500000,42.226000,1,1,1,0,1,
1262100,42.000000,0.500000,42.227800,1,1,1,0,1,
1262200,42.000000,0.500000,42.229600,1,1,1,0,1,
1262300,42.000000,0.500000,42.231400,1,1,1,0,1,
1262400,42.000000,0.500000,42.233200,1,1,1,0,1,
1262500,42.000000,0.500000,42.235000,1,1,1,0,1,
1262600,42.000000,0.500000,42.236800,1,1,1,0,1,
1262700,42.000000,0.500000,42.238600,1,1,1,0,1,
1262800,42.000000,0.500000,42.240400,1,1,1,0,1,
1262900,42.000000,0.500000,42.242200,1,1,1,0,1,
1263000,42.000000,0.500000,42.244000,1,1,1,0,1,
1263100,42.000000,0.500000,42.245800,1,1,1,0,1,
1263200,42.000000,0.500000,42.247600,1,1,1,0,1,
1263300,42.000000,0.500000,42.249400,1,1,1,0,1,
1263400,42.000000,0.500000,42.251200,1,1,1,0,1,
1263500,42.000000,0.500000,42.253000,1,1,1,0,1,
1263600,42.000000,0.500000,42.254800,1,1,1,0,1,
1263700,42.000000,0.500000,42.256600,1,1,1,0,1,
1263800,42.000000,0.500000,42.258400,1,1,1,0,1,
1263900,42.000000,0.500000,42.260200,1,1,1,0,1,
1264000,42.000000,0.500000,42.262000,1,1,1,0,1,
1264100,42.000000,0.500000,42.263800,1,1,1,0,1,
1264200,42.000000,0.500000,42.265600,1,1,1,0,1,
1264300,42.000000,0.500000,42.267400,1,1,1,0,1,
1264400,42.000000,0.500000,42.269200,1,1,1,0,1,
1264500,42.000000,0.500000,42.271000,1,1,1,0,1,
1264600,42.000000,0.500000,42.272800,1,1,1,0,1,
1264700,42.000000,0.500000,42.274600,1,1,1,0,1,
1264800,42.000000,0.500000,42.276400,1,1,1,0,1,
1264900,42.000000,0.500000,42.278200,1,1,1,0,1,
1265000,95.000000,0.500000,42.280000,1,1,1,0,1,
1265100,95.000000,0.500000,42.281800,1,1,1,0,1,
1265200,95.000000,0.500000,42.283600,1,1,1,0,1,
1265300,95.000000,0.500000,42.285400,1,1,1,0,1,
1265400,95.000000,0.500000,42.287200,1,1,1,0,1,
1265500,95.000000,0.500000,42.289000,1,1,1,0,1,
1265600,95.000000,0.500000,42.290800,1,1,1,0,1,
1265700,95.000000,0.500000,42.292600,1,1,1,0,1,
1265800,95.000000,0.500000,42.294400,1,1,1,0,1,
1265900,95.000000,0.500000,42.296200,1,1,1,0,1,
1266000,95.000000,0.500000,42.298000,1,1,1,0,1,
1266100,95.000000,0.500000,42.299800,1,1,1,0,1,
1266200,95.000000,0.500000,42.301600,1,1,1,0,1,
1266300,95.000000,0.500000,42.303400,1,1,1,0,1,
1266400,95.000000,0.500000,42.305200,1,1,1,0,1,
1266500,95.000000,0.500000,42.307000,1,1,1,0,1,
1266600,95.000000,0.500000,42.308800,1,1,1,0,1,
1266700,95.000000,0.500000,42.310600,1,1,1,0,1,
1266800,95.000000,0.500000,42.312400,1,1,1,0,1,
1266900,95.000000,0.500000,42.314200,1,1,1,0,1,
1267000,68.000000,0.500000,42.316000,1,1,1,0,1,
1267100,68.000000,0.500000,42.317800,1,1,1,0,1,
1267200,68.000000,0.500000,42.319600,1,1,1,0,1,
1267300,68.000000,0.500000,42.321400,1,1,1,0,1,
1267400,68.000000,0.500000,42.323200,1,1,1,0,1,
1267500,68.000000,0.500000,42.325000,1,1,1,0,1,
1267600,68.000000,0.500000,42.326800,1,1,1,0,1,
1267700,68.000000,0.500000,42.328600,1,1,1,0,1,
1267800,68.000000,0.500000,42.330400,1,1,1,0,1,
1267900,68.000000,0.500000,42.332200,1,1,1,0,1,
1268000,68.000000,0.500000,42.334000,1,1,1,0,1,
1268100,68.000000,0.500000,42.335800,1,1,1,0,1,
1268200,68.000000,0.500000,42.337600,1,1,1,0,1,
1268300,68.000000,0.500000,42.339400,1,1,1,0,1,
1268400,68.000000,0.500000,42.341200,1,1,1,0,1,
1268500,68.000000,0.500000,42.343000,1,1,1,0,1,
1268600,68.000000,0.500000,42.344800,1,1,1,0,1,
1268700,68.000000,0.500000,42.346600,1,1,1,0,1,
1268800,68.000000,0.500000,42.348400,1,1,1,0,1,
1268900,68.000000,0.500000,42.350200,1,1,1,0,1,
1269000,68.000000,0.500000,42.352000,1,1,1,0,1,
1269100,68.000000,0.500000,42.353800,1,1,1,0,1,
1269200,68.000000,0.500000,42.355600,1,1,1,0,1,
1269300,68.000000,0.500000,42.357400,1,1,1,0,1,
1269400,68.000000,0.500000,42.359200,1,1,1,0,1,
1269500,68.000000,0.500000,42.361000,1,1,1,0,1,
1269600,68.000000,0.500000,42.362800,1,1,1,0,1,
1269700,68.000000,0.500000,42.364600,1,1,1,0,1,
1269800,68.000000,0.500000,42.366400,1,1,1,0,1,
1269900,68.000000,0.500000,42.368200,1,1,1,0,1,
1270000,-25.000000,0.500000,42.370000,1,1,1,0,1,
1270100,-25.000000,0.500000,42.371800,1,1,1,0,1,
1270200,-25.000000,0.500000,42.373600,1,1,1,0,1,
1270300,-25.000000,0.500000,42.375400,1,1,1,0,1,
1270400,-25.000000,0.500000,42.377200,1,1,1,0,1,
1270500,-25.000000,0.500000,42.379000,1,1,1,0,1,
1270600,-25.000000,0.500000,42.380800,1,1,1,0,1,
1270700,-25.000000,0.500000,42.382600,1,1,1,0,1,
1270800,-25.000000,0.500000,42.384400,1,1,1,0,1,
1270900,-25.000000,0.500000,42.386200,1,1,1,0,1,
1271000,55.000000,0.500000,42.388000,1,1,1,0,1,
1271100,55.000000,0.500000,42.389800,1,1,1,0,1,
1271200,55.000000,0.500000,42.391600,1,1,1,0,1,
1271300,55.000000,0.500000,42.393400,1,1,1,0,1,
1271400,55.000000,0.500000,42.395200,1,1,1,0,1,
1271500,55.000000,0.500000,42.397000,1,1,1,0,1,
1271600,55.000000,0.500000,42.398800,1,1,1,0,1,
1271700,55.000000,0.500000,42.400600,1,1,1,0,1,
1271800,55.000000,0.500000,42.402400,1,1,1,0,1,
1271900,55.000000,0.500000,42.404200,1,1,1,0,1,
1272000,55.000000,0.500000,42.406000,1,1,1,0,1,
1272100,55.000000,0.500000,42.407800,1,1,1,0,1,
1272200,55.000000,0.500000,42.409600,1,1,1,0,1,
1272300,55.000000,0.500000,42.411400,1,1,1,0,1,
1272400,55.000000,0.500000,42.413200,1,1,1,0,1,
1272500,55.000000,0.500000,42.415000,1,1,1,0,1,
1272600,55.000000,0.500000,42.416800,1,1,1,0,1,
1272700,55.000000,0.500000,42.418600,1,1,1,0,1,
1272800,55.000000,0.500000,42.420400,1,1,1,0,1,
1272900,55.000000,0.500000,42.422200,1,1,1,0,1,
1273000,55.000000,0.500000,42.424000,1,1,1,0,1,
1273100,55.000000,0.500000,42.425800,1,1,1,0,1,
1273200,55.000000,0.500000,42.427600,1,1,1,0,1,
1273300,55.000000,0.500000,42.429400,1,1,1,0,1,
1273400,55.000000,0.500000,42.431200,1,1,1,0,1,
1273500,55.000000,0.500000,42.433000,1,1,1,0,1,
1273600,55.000000,0.500000,42.434800,1,1,1,0,1,
1273700,55.000000,0.500000,42.436600,1,1,1,0,1,
1273800,55.000000,0.500000,42.438400,1,1,1,0,1,
1273900,55.000000,0.500000,42.440200,1,1,1,0,1,
1274000,55.000000,0.500000,42.442000,1,1,1,0,1,
1274100,55.000000,0.500000,42.443800,1,1,1,0,1,
1274200,55.000000,0.500000,42.445600,1,1,1,0,1,
1274300,55.000000,0.500000,42.447400,1,1,1,0,1,
1274400,55.000000,0.500000,42.449200,1,1,1,0,1,
1274500,55.000000,0.500000,42.451000,1,1,1,0,1,
1274600,55.000000,0.500000,42.452800,1,1,1,0,1,
1274700,55.000000,0.500000,42.454600,1,1,1,0,1,
1274800,55.000000,0.500000,42.456400,1,1,1,0,1,
1274900,55.000000,0.500000,42.458200,1,1,1,0,1,
1275000,55.000000,0.500000,42.460000,1,1,1,0,1,
1275100,55.000000,0.500000,42.461800,1,1,1,0,1,
1275200,55.000000,0.500000,42.463600,1,1,1,0,1,
1275300,55.000000,0.500000,42.465400,1,1,1,0,1,
1275400,55.000000,0.500000,42.467200,1,1,1,0,1,
1275500,55.000000,0.500000,42.469000,1,1,1,0,1,
1275600,55.000000,0.500000,42.470800,1,1,1,0,1,
1275700,55.000000,0.500000,42.472600,1,1,1,0,1,
1275800,55.000000,0.500000,42.474400,1,1,1,0,1,
1275900,55.000000,0.500000,42.476200,1,1,1,0,1,
1276000,55.000000,0.500000,42.478000,1,1,1,0,1,
1276100,55.000000,0.500000,42.479800,1,1,1,0,1,
1276200,55.000000,0.500000,42.481600,1,1,1,0,1,
1276300,55.000000,0.500000,42.483400,1,1,1,0,1,
1276400,55.000000,0.500000,42.485200,1,1,1,0,1,
1276500,55.000000,0.500000,42.487000,1,1,1,0,1,
1276600,55.000000,0.500000,42.488800,1,1,1,0,1,
1276700,55.000000,0.500000,42.490600,1,1,1,0,1,
1276800,55.000000,0.500000,42.492400,1,1,1,0,1,
1276900,55.000000,0.500000,42.494200,1,1,1,0,1,
1277000,82.000000,0.500000,42.496000,1,1,1,0,1,
1277100,82.000000,0.500000,42.497800,1,1,1,0,1,
1277200,82.000000,0.500000,42.499600,1,1,1,0,1,
1277300,82.000000,0.500000,42.501400,1,1,1,0,1,
1277400,82.000000,0.500000,42.503200,1,1,1,0,1,
1277500,82.000000,0.500000,42.505000,1,1,1,0,1,
1277600,82.000000,0.500000,42.506800,1,1,1,0,1,
1277700,82.000000,0.500000,42.508600,1,1,1,0,1,
1277800,82.000000,0.500000,42.510400,1,1,1,0,1,
1277900,82.000000,0.500000,42.512200,1,1,1,0,1,
1278000,82.000000,0.500000,42.514000,1,1,1,0,1,
1278100,82.000000,0.500000,42.515800,1,1,1,0,1,
1278200,82.000000,0.500000,42.517600,1,1,1,0,1,
1278300,82.000000,0.500000,42.519400,1,1,1,0,1,
1278400,82.000000,0.500000,42.521200,1,1,1,0,1,
1278500,82.000000,0.500000,42.523000,1,1,1,0,1,
1278600,82.000000,0.500000,42.524800,1,1,1,0,1,
1278700,82.000000,0.500000,42.526600,1,1,1,0,1,
1278800,82.000000,0.500000,42.528400,1,1,1,0,1,
1278900,82.000000,0.500000,42.530200,1,1,1,0,1,
1279000,-15.000000,0.500000,42.532000,1,1,1,0,1,
1279100,-15.000000,0.500000,42.533800,1,1,1,0,1,
1279200,-15.000000,0.500000,42.535600,1,1,1,0,1,
1279300,-15.000000,0.500000,42.537400,1,1,1,0,1,
1279400,-15.000000,0.500000,42.539200,1,1,1,0,1,
1279500,-15.000000,0.500000,42.541000,1,1,1,0,1,
1279600,-15.000000,0.500000,42.542800,1,1,1,0,1,
1279700,-15.000000,0.500000,42.544600,1,1,1,0,1,
1279800,-15.000000,0.500000,42.546400,1,1,1,0,1,
1279900,-15.000000,0.500000,42.548200,1,1,1,0,1,
1280000,42.000000,0.500000,42.550000,1,1,1,0,1,
1280100,42.000000,0.500000,42.551800,1,1,1,0,1,
1280200,42.000000,0.500000,42.553600,1,1,1,0,1,
1280300,42.000000,0.500000,42.555400,1,1,1,0,1,
1280400,42.000000,0.500000,42.557200,1,1,1,0,1,
1280500,42.000000,0.500000,42.559000,1,1,1,0,1,
1280600,42.000000,0.500000,42.560800,1,1,1,0,1,
1280700,42.000000,0.500000,42.562600,1,1,1,0,1,
1280800,42.000000,0.500000,42.564400,1,1,1,0,1,
1280900,42.000000,0.500000,42.566200,1,1,1,0,1,
1281000,42.000000,0.500000,42.568000,1,1,1,0,1,
1281100,42.000000,0.500000,42.569800,1,1,1,0,1,
1281200,42.000000,0.500000,42.571600,1,1,1,0,1,
1281300,42.000000,0.500000,42.573400,1,1,1,0,1,
1281400,42.000000,0.500000,42.575200,1,1,1,0,1,
1281500,42.000000,0.500000,42.577000,1,1,1,0,1,
1281600,42.000000,0.500000,42.578800,1,1,1,0,1,
1281700,42.000000,0.500000,42.580600,1,1,1,0,1,
1281800,42.000000,0.500000,42.582400,1,1,1,0,1,
1281900,42.000000,0.500000,42.584200,1,1,1,0,1,
1282000,42.000000,0.500000,42.586000,1,1,1,0,1,
1282100,42.000000,0.500000,42.587800,1,1,1,0,1,
1282200,42.000000,0.500000,42.589600,1,1,1,0,1,
1282300,42.000000,0.500000,42.591400,1,1,1,0,1,
1282400,42.000000,0.500000,42.593200,1,1,1,0,1,
1282500,42.000000,0.500000,42.595000,1,1,1,0,1,
1282600,42.000000,0.500000,42.596800,1,1,1,0,1,
1282700,42.000000,0.500000,42.598600,1,1,1,0,1,
1282800,42.000000,0.500000,42.600400,1,1,1,0,1,
1282900,42.000000,0.500000,42.602200,1,1,1,0,1,
1283000,42.000000,0.500000,42.604000,1,1,1,0,1,
1283100,42.000000,0.500000,42.605800,1,1,1,0,1,
1283200,42.000000,0.500000,42.607600,1,1,1,0,1,
1283300,42.000000,0.500000,42.609400,1,1,1,0,1,
1283400,42.000000,0.500000,42.611200,1,1,1,0,1,
1283500,42.000000,0.500000,42.613000,1,1,1,0,1,
1283600,42.000000,0.500000,42.614800,1,1,1,0,1,
1283700,42.000000,0.500000,42.616600,1,1,1,0,1,
1283800,42.000000,0.500000,42.618400,1,1,1,0,1,
1283900,42.000000,0.500000,42.620200,1,1,1,0,1,
1284000,42.000000,0.500000,42.622000,1,1,1,0,1,
1284100,42.000000,0.500000,42.623800,1,1,1,0,1,
1284200,42.000000,0.500000,42.625600,1,1,1,0,1,
1284300,42.000000,0.500000,42.627400,1,1,1,0,1,
1284400,42.000000,0.500000,42.629200,1,1,1,0,1,
1284500,42.000000,0.500000,42.631000,1,1,1,0,1,
1284600,42.000000,0.500000,42.632800,1,1,1,0,1,
1284700,42.000000,0.500000,42.634600,1,1,1,0,1,
1284800,42.000000,0.500000,42.636400,1,1,1,0,1,
1284900,42.000000,0.500000,42.638200,1,1,1,0,1,
1285000,95.000000,0.500000,42.640000,1,1,1,0,1,
1285100,95.000000,0.500000,42.641800,1,1,1,0,1,
1285200,95.000000,0.500000,42.643600,1,1,1,0,1,
1285300,95.000000,0.500000,42.645400,1,1,1,0,1,
1285400,95.000000,0.500000,42.647200,1,1,1,0,1,
1285500,95.000000,0.500000,42.649000,1,1,1,0,1,
1285600,95.000000,0.500000,42.650800,1,1,1,0,1,
1285700,95.000000,0.500000,42.652600,1,1,1,0,1,
1285800,95.000000,0.500000,42.654400,1,1,1,0,1,
1285900,95.000000,0.500000,42.656200,1,1,1,0,1,
1286000,95.000000,0.500000,42.658000,1,1,1,0,1,
1286100,95.000000,0.500000,42.659800,1,1,1,0,1,
1286200,95.000000,0.500000,42.661600,1,1,1,0,1,
1286300,95.000000,0.500000,42.663400,1,1,1,0,1,
1286400,95.000000,0.500000,42.665200,1,1,1,0,1,
1286500,95.000000,0.500000,42.667000,1,1,1,0,1,
1286600,95.000000,0.500000,42.668800,1,1,1,0,1,
1286700,95.000000,0.500000,42.670600,1,1,1,0,1,
1286800,95.000000,0.500000,42.672400,1,1,1,0,1,
1286900,95.000000,0.500000,42.674200,1,1,1,0,1,
1287000,68.000000,0.500000,42.676000,1,1,1,0,1,
1287100,68.000000,0.500000,42.677800,1,1,1,0,1,
1287200,68.000000,0.500000,42.679600,1,1,1,0,1,
1287300,68.000000,0.500000,42.681400,1,1,1,0,1,
1287400,68.000000,0.500000,42.683200,1,1,1,0,1,
1287500,68.000000,0.500000,42.685000,1,1,1,0,1,
1287600,68.000000,0.500000,42.686800,1,1,1,0,1,
1287700,68.000000,0.500000,42.688600,1,1,1,0,1,
1287800,68.000000,0.500000,42.690400,1,1,1,0,1,
1287900,68.000000,0.500000,42.692200,1,1,1,0,1,
1288000,68.000000,0.500000,42.694000,1,1,1,0,1,
1288100,68.000000,0.500000,42.695800,1,1,1,0,1,
1288200,68.000000,0.500000,42.697600,1,1,1,0,1,
1288300,68.000000,0.500000,42.699400,1,1,1,0,1,
1288400,68.000000,0.500000,42.701200,1,1,1,0,1,
1288500,68.000000,0.500000,42.703000,1,1,1,0,1,
1288600,68.000000,0.500000,42.704800,1,1,1,0,1,
1288700,68.000000,0.500000,42.706600,1,1,1,0,1,
1288800,68.000000,0.500000,42.708400,1,1,1,0,1,
1288900,68.000000,0.500000,42.710200,1,1,1,0,1,
1289000,68.000000,0.500000,42.712000,1,1,1,0,1,
1289100,68.000000,0.500000,42.713800,1,1,1,0,1,
1289200,68.000000,0.500000,42.715600,1,1,1,0,1,
1289300,68.000000,0.500000,42.717400,1,1,1,0,1,
1289400,68.000000,0.500000,42.719200,1,1,1,0,1,
1289500,68.000000,0.500000,42.721000,1,1,1,0,1,
1289600,68.000000,0.500000,42.722800,1,1,1,0,1,
1289700,68.000000,0.500000,42.724600,1,1,1,0,1,
1289800,68.000000,0.500000,42.726400,1,1,1,0,1,
1289900,68.000000,0.500000,42.728200,1,1,1,0,1,
1290000,-25.000000,0.500000,42.730000,1,1,1,0,1,
1290100,-25.000000,0.500000,42.731800,1,1,1,0,1,
1290200,-25.000000,0.500000,42.733600,1,1,1,0,1,
1290300,-25.000000,0.500000,42.735400,1,1,1,0,1,
1290400,-25.000000,0.500000,42.737200,1,1,1,0,1,
1290500,-25.000000,0.500000,42.739000,1,1,1,0,1,
1290600,-25.000000,0.500000,42.740800,1,1,1,0,1,
1290700,-25.000000,0.500000,42.742600,1,1,1,0,1,
1290800,-25.000000,0.500000,42.744400,1,1,1,0,1,
1290900,-25.000000,0.500000,42.746200,1,1,1,0,1,
1291000,55.000000,0.500000,42.748000,1,1,1,0,1,
1291100,55.000000,0.500000,42.749800,1,1,1,0,1,
1291200,55.000000,0.500000,42.751600,1,1,1,0,1,
1291300,55.000000,0.500000,42.753400,1,1,1,0,1,
1291400,55.000000,0.500000,42.755200,1,1,1,0,1,
1291500,55.000000,0.500000,42.757000,1,1,1,0,1,
1291600,55.000000,0.500000,42.758800,1,1,1,0,1,
1291700,55.000000,0.500000,42.760600,1,1,1,0,1,
1291800,55.000000,0.500000,42.762400,1,1,1,0,1,
1291900,55.000000,0.500000,42.764200,1,1,1,0,1,
1292000,55.000000,0.500000,42.766000,1,1,1,0,1,
1292100,55.000000,0.500000,42.767800,1,1,1,0,1,
1292200,55.000000,0.500000,42.769600,1,1,1,0,1,
1292300,55.000000,0.500000,42.771400,1,1,1,0,1,
1292400,55.000000,0.500000,42.773200,1,1,1,0,1,
1292500,55.000000,0.500000,42.775000,1,1,1,0,1,
1292600,55.000000,0.500000,42.776800,1,1,1,0,1,
1292700,55.000000,0.500000,42.778600,1,1,1,0,1,
1292800,55.000000,0.500000,42.780400,1,1,1,0,1,
1292900,55.000000,0.500000,42.782200,1,1,1,0,1,
1293000,55.000000,0.500000,42.784000,1,1,1,0,1,
1293100,55.000000,0.500000,42.785800,1,1,1,0,1,
1293200,55.000000,0.500000,42.787600,1,1,1,0,1,
1293300,55.000000,0.500000,42.789400,1,1,1,0,1,
1293400,55.000000,0.500000,42.791200,1,1,1,0,1,
1293500,55.000000,0.500000,42.793000,1,1,1,0,1,
1293600,55.000000,0.500000,42.794800,1,1,1,0,1,
1293700,55.000000,0.500000,42.796600,1,1,1,0,1,
1293800,55.000000,0.500000,42.798400,1,1,1,0,1,
1293900,55.000000,0.500000,42.800200,1,1,1,0,1,
1294000,55.000000,0.500000,42.802000,1,1,1,0,1,
1294100,55.000000,0.500000,42.803800,1,1,1,0,1,
1294200,55.000000,0.500000,42.805600,1,1,1,0,1,
1294300,55.000000,0.500000,42.807400,1,1,1,0,1,
1294400,55.000000,0.500000,42.809200,1,1,1,0,1,
1294500,55.000000,0.500000,42.811000,1,1,1,0,1,
1294600,55.000000,0.500000,42.812800,1,1,1,0,1,
1294700,55.000000,0.500000,42.814600,1,1,1,0,1,
1294800,55.000000,0.500000,42.816400,1,1,1,0,1,
1294900,55.000000,0.500000,42.818200,1,1,1,0,1,
1295000,55.000000,0.500000,42.820000,1,1,1,0,1,
1295100,55.000000,0.500000,42.821800,1,1,1,0,1,
1295200,55.000000,0.500000,42.823600,1,1,1,0,1,
1295300,55.000000,0.500000,42.825400,1,1,1,0,1,
1295400,55.000000,0.500000,42.827200,1,1,1,0,1,
1295500,55.000000,0.500000,42.829000,1,1,1,0,1,
1295600,55.000000,0.500000,42.830800,1,1,1,0,1,
1295700,55.000000,0.500000,42.832600,1,1,1,0,1,
1295800,55.000000,0.500000,42.834400,1,1,1,0,1,
1295900,55.000000,0.500000,42.836200,1,1,1,0,1,
1296000,55.000000,0.500000,42.838000,1,1,1,0,1,
1296100,55.000000,0.500000,42.839800,1,1,1,0,1,
1296200,55.000000,0.500000,42.841600,1,1,1,0,1,
1296300,55.000000,0.500000,42.843400,1,1,1,0,1,
1296400,55.000000,0.500000,42.845200,1,1,1,0,1,
1296500,55.000000,0.500000,42.847000,1,1,1,0,1,
1296600,55.000000,0.500000,42.848800,1,1,1,0,1,
1296700,55.000000,0.500000,42.850600,1,1,1,0,1,
1296800,55.000000,0.500000,42.852400,1,1,1,0,1,
1296900,55.000000,0.500000,42.854200,1,1,1,0,1,
1297000,82.000000,0.500000,42.856000,1,1,1,0,1,
1297100,82.000000,0.500000,42.857800,1,1,1,0,1,
1297200,82.000000,0.500000,42.859600,1,1,1,0,1,
1297300,82.000000,0.500000,42.861400,1,1,1,0,1,
1297400,82.000000,0.500000,42.863200,1,1,1,0,1,
1297500,82.000000,0.500000,42.865000,1,1,1,0,1,
1297600,82.000000,0.500000,42.866800,1,1,1,0,1,
1297700,82.000000,0.500000,42.868600,1,1,1,0,1,
1297800,82.000000,0.500000,42.870400,1,1,1,0,1,
1297900,82.000000,0.500000,42.872200,1,1,1,0,1,
1298000,82.000000,0.500000,42.874000,1,1,1,0,1,
1298100,82.000000,0.500000,42.875800,1,1,1,0,1,
1298200,82.000000,0.500000,42.877600,1,1,1,0,1,
1298300,82.000000,0.500000,42.879400,1,1,1,0,1,
1298400,82.000000,0.500000,42.881200,1,1,1,0,1,
1298500,82.000000,0.500000,42.883000,1,1,1,0,1,
1298600,82.000000,0.500000,42.884800,1,1,1,0,1,
1298700,82.000000,0.500000,42.886600,1,1,1,0,1,
1298800,82.000000,0.500000,42.888400,1,1,1,0,1,
1298900,82.000000,0.500000,42.890200,1,1,1,0,1,
1299000,-15.000000,0.500000,42.892000,1,1,1,0,1,
1299100,-15.000000,0.500000,42.893800,1,1,1,0,1,
1299200,-15.000000,0.500000,42.895600,1,1,1,0,1,
1299300,-15.000000,0.500000,42.897400,1,1,1,0,1,
1299400,-15.000000,0.500000,42.899200,1,1,1,0,1,
1299500,-15.000000,0.500000,42.901000,1,1,1,0,1,
1299600,-15.000000,0.500000,42.902800,1,1,1,0,1,
1299700,-15.000000,0.500000,42.904600,1,1,1,0,1,
1299800,-15.000000,0.500000,42.906400,1,1,1,0,1,
1299900,-15.000000,0.500000,42.908200,1,1,1,0,1,
1300000,42.000000,0.500000,42.910000,1,1,1,0,1,
1300100,42.000000,0.500000,42.911800,1,1,1,0,1,
1300200,42.000000,0.500000,42.913600,1,1,1,0,1,
1300300,42.000000,0.500000,42.915400,1,1,1,0,1,
1300400,42.000000,0.500000,42.917200,1,1,1,0,1,
1300500,42.000000,0.500000,42.919000,1,1,1,0,1,
1300600,42.000000,0.500000,42.920800,1,1,1,0,1,
1300700,42.000000,0.500000,42.922600,1,1,1,0,1,
1300800,42.000000,0.500000,42.924400,1,1,1,0,1,
1300900,42.000000,0.500000,42.926200,1,1,1,0,1,
1301000,42.000000,0.500000,42.928000,1,1,1,0,1,
1301100,42.000000,0.500000,42.929800,1,1,1,0,1,
1301200,42.000000,0.500000,42.931600,1,1,1,0,1,
1301300,42.000000,0.500000,42.933400,1,1,1,0,1,
1301400,42.000000,0.500000,42.935200,1,1,1,0,1,
1301500,42.000000,0.500000,42.937000,1,1,1,0,1,
1301600,42.000000,0.500000,42.938800,1,1,1,0,1,
1301700,42.000000,0.500000,42.940600,1,1,1,0,1,
1301800,42.000000,0.500000,42.942400,1,1,1,0,1,
1301900,42.000000,0.500000,42.944200,1,1,1,0,1,
1302000,42.000000,0.500000,42.946000,1,1,1,0,1,
1302100,42.000000,0.500000,42.947800,1,1,1,0,1,
1302200,42.000000,0.500000,42.949600,1,1,1,0,1,
1302300,42.000000,0.500000,42.951400,1,1,1,0,1,
1302400,42.000000,0.500000,42.953200,1,1,1,0,1,
1302500,42.000000,0.500000,42.955000,1,1,1,0,1,
1302600,42.000000,0.500000,42.956800,1,1,1,0,1,
1302700,42.000000,0.500000,42.958600,1,1,1,0,1,
1302800,42.000000,0.500000,42.960400,1,1,1,0,1,
1302900,42.000000,0.500000,42.962200,1,1,1,0,1,
1303000,42.000000,0.500000,42.964000,1,1,1,0,1,
1303100,42.000000,0.500000,42.965800,1,1,1,0,1,
1303200,42.000000,0.500000,42.967600,1,1,1,0,1,
1303300,42.000000,0.500000,42.969400,1,1,1,0,1,
1303400,42.000000,0.500000,42.971200,1,1,1,0,1,
1303500,42.000000,0.500000,42.973000,1,1,1,0,1,
1303600,42.000000,0.500000,42.974800,1,1,1,0,1,
1303700,42.000000,0.500000,42.976600,1,1,1,0,1,
1303800,42.000000,0.500000,42.978400,1,1,1,0,1,
1303900,42.000000,0.500000,42.980200,1,1,1,0,1,
1304000,42.000000,0.500000,42.982000,1,1,1,0,1,
1304100,42.000000,0.500000,42.983800,1,1,1,0,1,
1304200,42.000000,0.500000,42.985600,1,1,1,0,1,
1304300,42.000000,0.500000,42.987400,1,1,1,0,1,
1304400,42.000000,0.500000,42.989200,1,1,1,0,1,
1304500,42.000000,0.500000,42.991000,1,1,1,0,1,
1304600,42.000000,0.500000,42.992800,1,1,1,0,1,
1304700,42.000000,0.500000,42.994600,1,1,1,0,1,
1304800,42.000000,0.500000,42.996400,1,1,1,0,1,
1304900,42.000000,0.500000,42.998200,1,1,1,0,1,
1305000,95.000000,0.500000,43.000000,1,1,1,0,1,
1305100,95.000000,0.500000,43.001800,1,1,1,0,1,
1305200,95.000000,0.500000,43.003600,1,1,1,0,1,
1305300,95.000000,0.500000,43.005400,1,1,1,0,1,
1305400,95.000000,0.500000,43.007200,1,1,1,0,1,
1305500,95.000000,0.500000,43.009000,1,1,1,0,1,
1305600,95.000000,0.500000,43.010800,1,1,1,0,1,
1305700,95.000000,0.500000,43.012600,1,1,1,0,1,
1305800,95.000000,0.500000,43.014400,1,1,1,0,1,
1305900,95.000000,0.500000,43.016200,1,1,1,0,1,
1306000,95.000000,0.500000,43.018000,1,1,1,0,1,
1306100,95.000000,0.500000,43.019800,1,1,1,0,1,
1306200,95.000000,0.500000,43.021600,1,1,1,0,1,
1306300,95.000000,0.500000,43.023400,1,1,1,0,1,
1306400,95.000000,0.500000,43.025200,1,1,1,0,1,
1306500,95.000000,0.500000,43.027000,1,1,1,0,1,
1306600,95.000000,0.500000,43.028800,1,1,1,0,1,
1306700,95.000000,0.500000,43.030600,1,1,1,0,1,
1306800,95.000000,0.500000,43.032400,1,1,1,0,1,
1306900,95.000000,0.500000,43.034200,1,1,1,0,1,
1307000,68.000000,0.500000,43.036000,1,1,1,0,1,
1307100,68.000000,0.500000,43.037800,1,1,1,0,1,
1307200,68.000000,0.500000,43.039600,1,1,1,0,1,
1307300,68.000000,0.500000,43.041400,1,1,1,0,1,
1307400,68.000000,0.500000,43.043200,1,1,1,0,1,
1307500,68.000000,0.500000,43.045000,1,1,1,0,1,
1307600,68.000000,0.500000,43.046800,1,1,1,0,1,
1307700,68.000000,0.500000,43.048600,1,1,1,0,1,
1307800,68.000000,0.500000,43.050400,1,1,1,0,1,
1307900,68.000000,0.500000,43.052200,1,1,1,0,1,
1308000,68.000000,0.500000,43.054000,1,1,1,0,1,
1308100,68.000000,0.500000,43.055800,1,1,1,0,1,
1308200,68.000000,0.500000,43.057600,1,1,1,0,1,
1308300,68.000000,0.500000,43.059400,1,1,1,0,1,
1308400,68.000000,0.500000,43.061200,1,1,1,0,1,
1308500,68.000000,0.500000,43.063000,1,1,1,0,1,
1308600,68.000000,0.500000,43.064800,1,1,1,0,1,
1308700,68.000000,0.500000,43.066600,1,1,1,0,1,
1308800,68.000000,0.500000,43.068400,1,1,1,0,1,
1308900,68.000000,0.500000,43.070200,1,1,1,0,1,
1309000,68.000000,0.500000,43.072000,1,1,1,0,1,
1309100,68.000000,0.500000,43.073800,1,1,1,0,1,
1309200,68.000000,0.500000,43.075600,1,1,1,0,1,
1309300,68.000000,0.500000,43.077400,1,1,1,0,1,
1309400,68.000000,0.500000,43.079200,1,1,1,0,1,
1309500,68.000000,0.500000,43.081000,1,1,1,0,1,
1309600,68.000000,0.500000,43.082800,1,1,1,0,1,
1309700,68.000000,0.500000,43.084600,1,1,1,0,1,
1309800,68.000000,0.500000,43.086400,1,1,1,0,1,
1309900,68.000000,0.500000,43.088200,1,1,1,0,1,
1310000,-25.000000,0.500000,43.090000,1,1,1,0,1,
1310100,-25.000000,0.500000,43.091800,1,1,1,0,1,
1310200,-25.000000,0.500000,43.093600,1,1,1,0,1,
1310300,-25.000000,0.500000,43.095400,1,1,1,0,1,
1310400,-25.000000,0.500000,43.097200,1,1,1,0,1,
1310500,-25.000000,0.500000,43.099000,1,1,1,0,1,
1310600,-25.000000,0.500000,43.100800,1,1,1,0,1,
1310700,-25.000000,0.500000,43.102600,1,1,1,0,1,
1310800,-25.000000,0.500000,43.104400,1,1,1,0,1,
1310900,-25.000000,0.500000,43.106200,1,1,1,0,1,
1311000,55.000000,0.500000,43.108000,1,1,1,0,1,
1311100,55.000000,0.500000,43.109800,1,1,1,0,1,
1311200,55.000000,0.500000,43.111600,1,1,1,0,1,
1311300,55.000000,0.500000,43.113400,1,1,1,0,1,
1311400,55.000000,0.500000,43.115200,1,1,1,0,1,
1311500,55.000000,0.500000,43.117000,1,1,1,0,1,
1311600,55.000000,0.500000,43.118800,1,1,1,0,1,
1311700,55.000000,0.500000,43.120600,1,1,1,0,1,
1311800,55.000000,0.500000,43.122400,1,1,1,0,1,
1311900,55.000000,0.500000,43.124200,1,1,1,0,1,
1312000,55.000000,0.500000,43.126000,1,1,1,0,1,
1312100,55.000000,0.500000,43.127800,1,1,1,0,1,
1312200,55.000000,0.500000,43.129600,1,1,1,0,1,
1312300,55.000000,0.500000,43.131400,1,1,1,0,1,
1312400,55.000000,0.500000,43.133200,1,1,1,0,1,
1312500,55.000000,0.500000,43.135000,1,1,1,0,1,
1312600,55.000000,0.500000,43.136800,1,1,1,0,1,
1312700,55.000000,0.500000,43.138600,1,1,1,0,1,
1312800,55.000000,0.500000,43.140400,1,1,1,0,1,
1312900,55.000000,0.500000,43.142200,1,1,1,0,1,
1313000,55.000000,0.500000,43.144000,1,1,1,0,1,
1313100,55.000000,0.500000,43.145800,1,1,1,0,1,
1313200,55.000000,0.500000,43.147600,1,1,1,0,1,
1313300,55.000000,0.500000,43.149400,1,1,1,0,1,
1313400,55.000000,0.500000,43.151200,1,1,1,0,1,
1313500,55.000000,0.500000,43.153000,1,1,1,0,1,
1313600,55.000000,0.500000,43.154800,1,1,1,0,1,
1313700,55.000000,0.500000,43.156600,1,1,1,0,1,
1313800,55.000000,0.500000,43.158400,1,1,1,0,1,
1313900,55.000000,0.500000,43.160200,1,1,1,0,1,
1314000,55.000000,0.500000,43.162000,1,1,1,0,1,
1314100,55.000000,0.500000,43.163800,1,1,1,0,1,
1314200,55.000000,0.500000,43.165600,1,1,1,0,1,
1314300,55.000000,0.500000,43.167400,1,1,1,0,1,
1314400,55.000000,0.500000,43.169200,1,1,1,0,1,
1314500,55.000000,0.500000,43.171000,1,1,1,0,1,
1314600,55.000000,0.500000,43.172800,1,1,1,0,1,
1314700,55.000000,0.500000,43.174600,1,1,1,0,1,
1314800,55.000000,0.500000,43.176400,1,1,1,0,1,
1314900,55.000000,0.500000,43.178200,1,1,1,0,1,
1315000,55.000000,0.500000,43.180000,1,1,1,0,1,
1315100,55.000000,0.500000,43.181800,1,1,1,0,1,
1315200,55.000000,0.500000,43.183600,1,1,1,0,1,
1315300,55.000000,0.500000,43.185400,1,1,1,0,1,
1315400,55.000000,0.500000,43.187200,1,1,1,0,1,
1315500,55.000000,0.500000,43.189000,1,1,1,0,1,
1315600,55.000000,0.500000,43.190800,1,1,1,0,1,
1315700,55.000000,0.500000,43.192600,1,1,1,0,1,
1315800,55.000000,0.500000,43.194400,1,1,1,0,1,
1315900,55.000000,0.500000,43.196200,1,1,1,0,1,
1316000,55.000000,0.500000,43.198000,1,1,1,0,1,
1316100,55.000000,0.500000,43.199800,1,1,1,0,1,
1316200,55.000000,0.500000,43.201600,1,1,1,0,1,
1316300,55.000000,0.500000,43.203400,1,1,1,0,1,
1316400,55.000000,0.500000,43.205200,1,1,1,0,1,
1316500,55.000000,0.500000,43.207000,1,1,1,0,1,
1316600,55.000000,0.500000,43.208800,1,1,1,0,1,
1316700,55.000000,0.500000,43.210600,1,1,1,0,1,
1316800,55.000000,0.500000,43.212400,1,1,1,0,1,
1316900,55.000000,0.500000,43.214200,1,1,1,0,1,
1317000,82.000000,0.500000,43.216000,1,1,1,0,1,
1317100,82.000000,0.500000,43.217800,1,1,1,0,1,
1317200,82.000000,0.500000,43.219600,1,1,1,0,1,
1317300,82.000000,0.500000,43.221400,1,1,1,0,1,
1317400,82.000000,0.500000,43.223200,1,1,1,0,1,
1317500,82.000000,0.500000,43.225000,1,1,1,0,1,
1317600,82.000000,0.500000,43.226800,1,1,1,0,1,
1317700,82.000000,0.500000,43.228600,1,1,1,0,1,
1317800,82.000000,0.500000,43.230400,1,1,1,0,1,
1317900,82.000000,0.500000,43.232200,1,1,1,0,1,
1318000,82.000000,0.500000,43.234000,1,1,1,0,1,
1318100,82.000000,0.500000,43.235800,1,1,1,0,1,
1318200,82.000000,0.500000,43.237600,1,1,1,0,1,
1318300,82.000000,0.500000,43.239400,1,1,1,0,1,
1318400,82.000000,0.500000,43.241200,1,1,1,0,1,
1318500,82.000000,0.500000,43.243000,1,1,1,0,1,
1318600,82.000000,0.500000,43.244800,1,1,1,0,1,
1318700,82.000000,0.500000,43.246600,1,1,1,0,1,
1318800,82.000000,0.500000,43.248400,1,1,1,0,1,
1318900,82.000000,0.500000,43.250200,1,1,1,0,1,
1319000,-15.000000,0.500000,43.252000,1,1,1,0,1,
1319100,-15.000000,0.500000,43.253800,1,1,1,0,1,
1319200,-15.000000,0.500000,43.255600,1,1,1,0,1,
1319300,-15.000000,0.500000,43.257400,1,1,1,0,1,
1319400,-15.000000,0.500000,43.259200,1,1,1,0,1,
1319500,-15.000000,0.500000,43.261000,1,1,1,0,1,
1319600,-15.000000,0.500000,43.262800,1,1,1,0,1,
1319700,-15.000000,0.500000,43.264600,1,1,1,0,1,
1319800,-15.000000,0.500000,43.266400,1,1,1,0,1,
1319900,-15.000000,0.500000,43.268200,1,1,1,0,1,
1320000,42.000000,0.500000,43.270000,1,1,1,0,1,
1320100,42.000000,0.500000,43.271800,1,1,1,0,1,
1320200,42.000000,0.500000,43.273600,1,1,1,0,1,
1320300,42.000000,0.500000,43.275400,1,1,1,0,1,
1320400,42.000000,0.500000,43.277200,1,1,1,0,1,
1320500,42.000000,0.500000,43.279000,1,1,1,0,1,
1320600,42.000000,0.500000,43.280800,1,1,1,0,1,
1320700,42.000000,0.500000,43.282600,1,1,1,0,1,
1320800,42.000000,0.500000,43.284400,1,1,1,0,1,
1320900,42.000000,0.500000,43.286200,1,1,1,0,1,
1321000,42.000000,0.500000,43.288000,1,1,1,0,1,
1321100,42.000000,0.500000,43.289800,1,1,1,0,1,
1321200,42.000000,0.500000,43.291600,1,1,1,0,1,
1321300,42.000000,0.500000,43.293400,1,1,1,0,1,
1321400,42.000000,0.500000,43.295200,1,1,1,0,1,
1321500,42.000000,0.500000,43.297000,1,1,1,0,1,
1321600,42.000000,0.500000,43.298800,1,1,1,0,1,
1321700,42.000000,0.500000,43.300600,1,1,1,0,1,
1321800,42.000000,0.500000,43.302400,1,1,1,0,1,
1321900,42.000000,0.500000,43.304200,1,1,1,0,1,
1322000,42.000000,0.500000,43.306000,1,1,1,0,1,
1322100,42.000000,0.500000,43.307800,1,1,1,0,1,
1322200,42.000000,0.500000,43.309600,1,1,1,0,1,
1322300,42.000000,0.500000,43.311400,1,1,1,0,1,
1322400,42.000000,0.500000,43.313200,1,1,1,0,1,
1322500,42.000000,0.500000,43.315000,1,1,1,0,1,
1322600,42.000000,0.500000,43.316800,1,1,1,0,1,
1322700,42.000000,0.500000,43.318600,1,1,1,0,1,
1322800,42.000000,0.500000,43.320400,1,1,1,0,1,
1322900,42.000000,0.500000,43.322200,1,1,1,0,1,
1323000,42.000000,0.500000,43.324000,1,1,1,0,1,
1323100,42.000000,0.500000,43.325800,1,1,1,0,1,
1323200,42.000000,0.500000,43.327600,1,1,1,0,1,
1323300,42.000000,0.500000,43.329400,1,1,1,0,1,
1323400,42.000000,0.500000,43.331200,1,1,1,0,1,
1323500,42.000000,0.500000,43.333000,1,1,1,0,1,
1323600,42.000000,0.500000,43.334800,1,1,1,0,1,
1323700,42.000000,0.500000,43.336600,1,1,1,0,1,
1323800,42.000000,0.500000,43.338400,1,1,1,0,1,
1323900,42.000000,0.500000,43.340200,1,1,1,0,1,
1324000,42.000000,0.500000,43.342000,1,1,1,0,1,
1324100,42.000000,0.500000,43.343800,1,1,1,0,1,
1324200,42.000000,0.500000,43.345600,1,1,1,0,1,
1324300,42.000000,0.500000,43.347400,1,1,1,0,1,
1324400,42.000000,0.500000,43.349200,1,1,1,0,1,
1324500,42.000000,0.500000,43.351000,1,1,1,0,1,
1324600,42.000000,0.500000,43.352800,1,1,1,0,1,
1324700,42.000000,0.500000,43.354600,1,1,1,0,1,
1324800,42.000000,0.500000,43.356400,1,1,1,0,1,
1324900,42.000000,0.500000,43.358200,1,1,1,0,1,
1325000,95.000000,0.500000,43.360000,1,1,1,0,1,
1325100,95.000000,0.500000,43.361800,1,1,1,0,1,
1325200,95.000000,0.500000,43.363600,1,1,1,0,1,
1325300,95.000000,0.500000,43.365400,1,1,1,0,1,
1325400,95.000000,0.500000,43.367200,1,1,1,0,1,
1325500,95.000000,0.500000,43.369000,1,1,1,0,1,
1325600,95.000000,0.500000,43.370800,1,1,1,0,1,
1325700,95.000000,0.500000,43.372600,1,1,1,0,1,
1325800,95.000000,0.500000,43.374400,1,1,1,0,1,
1325900,95.000000,0.500000,43.376200,1,1,1,0,1,
1326000,95.000000,0.500000,43.378000,1,1,1,0,1,
1326100,95.000000,0.500000,43.379800,1,1,1,0,1,
1326200,95.000000,0.500000,43.381600,1,1,1,0,1,
1326300,95.000000,0.500000,43.383400,1,1,1,0,1,
1326400,95.000000,0.500000,43.385200,1,1,1,0,1,
1326500,95.000000,0.500000,43.387000,1,1,1,0,1,
1326600,95.000000,0.500000,43.388800,1,1,1,0,1,
1326700,95.000000,0.500000,43.390600,1,1,1,0,1,
1326800,95.000000,0.500000,43.392400,1,1,1,0,1,
1326900,95.000000,0.500000,43.394200,1,1,1,0,1,
1327000,68.000000,0.500000,43.396000,1,1,1,0,1,
1327100,68.000000,0.500000,43.397800,1,1,1,0,1,
1327200,68.000000,0.500000,43.399600,1,1,1,0,1,
1327300,68.000000,0.500000,43.401400,1,1,1,0,1,
1327400,68.000000,0.500000,43.403200,1,1,1,0,1,
1327500,68.000000,0.500000,43.405000,1,1,1,0,1,
1327600,68.000000,0.500000,43.406800,1,1,1,0,1,
1327700,68.000000,0.500000,43.408600,1,1,1,0,1,
1327800,68.000000,0.500000,43.410400,1,1,1,0,1,
1327900,68.000000,0.500000,43.412200,1,1,1,0,1,
1328000,68.000000,0.500000,43.414000,1,1,1,0,1,
1328100,68.000000,0.500000,43.415800,1,1,1,0,1,
1328200,68.000000,0.500000,43.417600,1,1,1,0,1,
1328300,68.000000,0.500000,43.419400,1,1,1,0,1,
1328400,68.000000,0.500000,43.421200,1,1,1,0,1,
1328500,68.000000,0.500000,43.423000,1,1,1,0,1,
1328600,68.000000,0.500000,43.424800,1,1,1,0,1,
1328700,68.000000,0.500000,43.426600,1,1,1,0,1,
1328800,68.000000,0.500000,43.428400,1,1,1,0,1,
1328900,68.000000,0.500000,43.430200,1,1,1,0,1,
1329000,68.000000,0.500000,43.432000,1,1,1,0,1,
1329100,68.000000,0.500000,43.433800,1,1,1,0,1,
1329200,68.000000,0.500000,43.435600,1,1,1,0,1,
1329300,68.000000,0.500000,43.437400,1,1,1,0,1,
1329400,68.000000,0.500000,43.439200,1,1,1,0,1,
1329500,68.000000,0.500000,43.441000,1,1,1,0,1,
1329600,68.000000,0.500000,43.442800,1,1,1,0,1,
1329700,68.000000,0.500000,43.444600,1,1,1,0,1,
1329800,68.000000,0.500000,43.446400,1,1,1,0,1,
1329900,68.000000,0.500000,43.448200,1,1,1,0,1,
1330000,-25.000000,0.500000,43.450000,1,1,1,0,1,
1330100,-25.000000,0.500000,43.451800,1,1,1,0,1,
1330200,-25.000000,0.500000,43.453600,1,1,1,0,1,
1330300,-25.000000,0.500000,43.455400,1,1,1,0,1,
1330400,-25.000000,0.500000,43.457200,1,1,1,0,1,
1330500,-25.000000,0.500000,43.459000,1,1,1,0,1,
1330600,-25.000000,0.500000,43.460800,1,1,1,0,1,
1330700,-25.000000,0.500000,43.462600,1,1,1,0,1,
1330800,-25.000000,0.500000,43.464400,1,1,1,0,1,
1330900,-25.000000,0.500000,43.466200,1,1,1,0,1,
1331000,55.000000,0.500000,43.468000,1,1,1,0,1,
1331100,55.000000,0.500000,43.469800,1,1,1,0,1,
1331200,55.000000,0.500000,43.471600,1,1,1,0,1,
1331300,55.000000,0.500000,43.473400,1,1,1,0,1,
1331400,55.000000,0.500000,43.475200,1,1,1,0,1,
1331500,55.000000,0.500000,43.477000,1,1,1,0,1,
1331600,55.000000,0.500000,43.478800,1,1,1,0,1,
1331700,55.000000,0.500000,43.480600,1,1,1,0,1,
1331800,55.000000,0.500000,43.482400,1,1,1,0,1,
1331900,55.000000,0.500000,43.484200,1,1,1,0,1,
1332000,55.000000,0.500000,43.486000,1,1,1,0,1,
1332100,55.000000,0.500000,43.487800,1,1,1,0,1,
1332200,55.000000,0.500000,43.489600,1,1,1,0,1,
1332300,55.000000,0.500000,43.491400,1,1,1,0,1,
1332400,55.000000,0.500000,43.493200,1,1,1,0,1,
1332500,55.000000,0.500000,43.495000,1,1,1,0,1,
1332600,55.000000,0.500000,43.496800,1,1,1,0,1,
1332700,55.000000,0.500000,43.498600,1,1,1,0,1,
1332800,55.000000,0.500000,43.500400,1,1,1,0,1,
1332900,55.000000,0.500000,43.502200,1,1,1,0,1,
1333000,55.000000,0.500000,43.504000,1,1,1,0,1,
1333100,55.000000,0.500000,43.505800,1,1,1,0,1,
1333200,55.000000,0.500000,43.507600,1,1,1,0,1,
1333300,55.000000,0.500000,43.509400,1,1,1,0,1,
1333400,55.000000,0.500000,43.511200,1,1,1,0,1,
1333500,55.000000,0.500000,43.513000,1,1,1,0,1,
1333600,55.000000,0.500000,43.514800,1,1,1,0,1,
1333700,55.000000,0.500000,43.516600,1,1,1,0,1,
1333800,55.000000,0.500000,43.518400,1,1,1,0,1,
1333900,55.000000,0.500000,43.520200,1,1,1,0,1,
1334000,55.000000,0.500000,43.522000,1,1,1,0,1,
1334100,55.000000,0.500000,43.523800,1,1,1,0,1,
1334200,55.000000,0.500000,43.525600,1,1,1,0,1,
1334300,55.000000,0.500000,43.527400,1,1,1,0,1,
1334400,55.000000,0.500000,43.529200,1,1,1,0,1,
1334500,55.000000,0.500000,43.531000,1,1,1,0,1,
1334600,55.000000,0.500000,43.532800,1,1,1,0,1,
1334700,55.000000,0.500000,43.534600,1,1,1,0,1,
1334800,55.000000,0.500000,43.536400,1,1,1,0,1,
1334900,55.000000,0.500000,43.538200,1,1,1,0,1,
1335000,55.000000,0.500000,43.540000,1,1,1,0,1,
1335100,55.000000,0.500000,43.541800,1,1,1,0,1,
1335200,55.000000,0.500000,43.543600,1,1,1,0,1,
1335300,55.000000,0.500000,43.545400,1,1,1,0,1,
1335400,55.000000,0.500000,43.547200,1,1,1,0,1,
1335500,55.000000,0.500000,43.549000,1,1,1,0,1,
1335600,55.000000,0.500000,43.550800,1,1,1,0,1,
1335700,55.000000,0.500000,43.552600,1,1,1,0,1,
1335800,55.000000,0.500000,43.554400,1,1,1,0,1,
1335900,55.000000,0.500000,43.556200,1,1,1,0,1,
1336000,55.000000,0.500000,43.558000,1,1,1,0,1,
1336100,55.000000,0.500000,43.559800,1,1,1,0,1,
1336200,55.000000,0.500000,43.561600,1,1,1,0,1,
1336300,55.000000,0.500000,43.563400,1,1,1,0,1,
1336400,55.000000,0.500000,43.565200,1,1,1,0,1,
1336500,55.000000,0.500000,43.567000,1,1,1,0,1,
1336600,55.000000,0.500000,43.568800,1,1,1,0,1,
1336700,55.000000,0.500000,43.570600,1,1,1,0,1,
1336800,55.000000,0.500000,43.572400,1,1,1,0,1,
1336900,55.000000,0.500000,43.574200,1,1,1,0,1,
1337000,82.000000,0.500000,43.576000,1,1,1,0,1,
1337100,82.000000,0.500000,43.577800,1,1,1,0,1,
1337200,82.000000,0.500000,43.579600,1,1,1,0,1,
1337300,82.000000,0.500000,43.581400,1,1,1,0,1,
1337400,82.000000,0.500000,43.583200,1,1,1,0,1,
1337500,82.000000,0.500000,43.585000,1,1,1,0,1,
1337600,82.000000,0.500000,43.586800,1,1,1,0,1,
1337700,82.000000,0.500000,43.588600,1,1,1,0,1,
1337800,82.000000,0.500000,43.590400,1,1,1,0,1,
1337900,82.000000,0.500000,43.592200,1,1,1,0,1,
1338000,82.000000,0.500000,43.594000,1,1,1,0,1,
1338100,82.000000,0.500000,43.595800,1,1,1,0,1,
1338200,82.000000,0.500000,43.597600,1,1,1,0,1,
1338300,82.000000,0.500000,43.599400,1,1,1,0,1,
1338400,82.000000,0.500000,43.601200,1,1,1,0,1,
1338500,82.000000,0.500000,43.603000,1,1,1,0,1,
1338600,82.000000,0.500000,43.604800,1,1,1,0,1,
1338700,82.000000,0.500000,43.606600,1,1,1,0,1,
1338800,82.000000,0.500000,43.608400,1,1,1,0,1,
1338900,82.000000,0.500000,43.610200,1,1,1,0,1,
1339000,-15.000000,0.500000,43.612000,1,1,1,0,1,
1339100,-15.000000,0.500000,43.613800,1,1,1,0,1,
1339200,-15.000000,0.500000,43.615600,1,1,1,0,1,
1339300,-15.000000,0.500000,43.617400,1,1,1,0,1,
1339400,-15.000000,0.500000,43.619200,1,1,1,0,1,
1339500,-15.000000,0.500000,43.621000,1,1,1,0,1,
1339600,-15.000000,0.500000,43.622800,1,1,1,0,1,
1339700,-15.000000,0.500000,43.624600,1,1,1,0,1,
1339800,-15.000000,0.500000,43.626400,1,1,1,0,1,
1339900,-15.000000,0.500000,43.628200,1,1,1,0,1,
1340000,42.000000,0.500000,43.630000,1,1,1,0,1,
1340100,42.000000,0.500000,43.631800,1,1,1,0,1,
1340200,42.000000,0.500000,43.633600,1,1,1,0,1,
1340300,42.000000,0.500000,43.635400,1,1,1,0,1,
1340400,42.000000,0.500000,43.637200,1,1,1,0,1,
1340500,42.000000,0.500000,43.639000,1,1,1,0,1,
1340600,42.000000,0.500000,43.640800,1,1,1,0,1,
1340700,42.000000,0.500000,43.642600,1,1,1,0,1,
1340800,42.000000,0.500000,43.644400,1,1,1,0,1,
1340900,42.000000,0.500000,43.646200,1,1,1,0,1,
1341000,42.000000,0.500000,43.648000,1,1,1,0,1,
1341100,42.000000,0.500000,43.649800,1,1,1,0,1,
1341200,42.000000,0.500000,43.651600,1,1,1,0,1,
1341300,42.000000,0.500000,43.653400,1,1,1,0,1,
1341400,42.000000,0.500000,43.655200,1,1,1,0,1,
1341500,42.000000,0.500000,43.657000,1,1,1,0,1,
1341600,42.000000,0.500000,43.658800,1,1,1,0,1,
1341700,42.000000,0.500000,43.660600,1,1,1,0,1,
1341800,42.000000,0.500000,43.662400,1,1,1,0,1,
1341900,42.000000,0.500000,43.664200,1,1,1,0,1,
1342000,42.000000,0.500000,43.666000,1,1,1,0,1,
1342100,42.000000,0.500000,43.667800,1,1,1,0,1,
1342200,42.000000,0.500000,43.669600,1,1,1,0,1,
1342300,42.000000,0.500000,43.671400,1,1,1,0,1,
1342400,42.000000,0.500000,43.673200,1,1,1,0,1,
1342500,42.000000,0.500000,43.675000,1,1,1,0,1,
1342600,42.000000,0.500000,43.676800,1,1,1,0,1,
1342700,42.000000,0.500000,43.678600,1,1,1,0,1,
1342800,42.000000,0.500000,43.680400,1,1,1,0,1,
1342900,42.000000,0.500000,43.682200,1,1,1,0,1,
1343000,42.000000,0.500000,43.684000,1,1,1,0,1,
1343100,42.000000,0.500000,43.685800,1,1,1,0,1,
1343200,42.000000,0.500000,43.687600,1,1,1,0,1,
1343300,42.000000,0.500000,43.689400,1,1,1,0,1,
1343400,42.000000,0.500000,43.691200,1,1,1,0,1,
1343500,42.000000,0.500000,43.693000,1,1,1,0,1,
1343600,42.000000,0.500000,43.694800,1,1,1,0,1,
1343700,42.000000,0.500000,43.696600,1,1,1,0,1,
1343800,42.000000,0.500000,43.698400,1,1,1,0,1,
1343900,42.000000,0.500000,43.700200,1,1,1,0,1,
1344000,42.000000,0.500000,43.702000,1,1,1,0,1,
1344100,42.000000,0.500000,43.703800,1,1,1,0,1,
1344200,42.000000,0.500000,43.705600,1,1,1,0,1,
1344300,42.000000,0.500000,43.707400,1,1,1,0,1,
1344400,42.000000,0.500000,43.709200,1,1,1,0,1,
1344500,42.000000,0.500000,43.711000,1,1,1,0,1,
1344600,42.000000,0.500000,43.712800,1,1,1,0,1,
1344700,42.000000,0.500000,43.714600,1,1,1,0,1,
1344800,42.000000,0.500000,43.716400,1,1,1,0,1,
1344900,42.000000,0.500000,43.718200,1,1,1,0,1,
1345000,95.000000,0.500000,43.720000,1,1,1,0,1,
1345100,95.000000,0.500000,43.721800,1,1,1,0,1,
1345200,95.000000,0.500000,43.723600,1,1,1,0,1,
1345300,95.000000,0.500000,43.725400,1,1,1,0,1,
1345400,95.000000,0.500000,43.727200,1,1,1,0,1,
1345500,95.000000,0.500000,43.729000,1,1,1,0,1,
1345600,95.000000,0.500000,43.730800,1,1,1,0,1,
1345700,95.000000,0.500000,43.732600,1,1,1,0,1,
1345800,95.000000,0.500000,43.734400,1,1,1,0,1,
1345900,95.000000,0.500000,43.736200,1,1,1,0,1,
1346000,95.000000,0.500000,43.738000,1,1,1,0,1,
1346100,95.000000,0.500000,43.739800,1,1,1,0,1,
1346200,95.000000,0.500000,43.741600,1,1,1,0,1,
1346300,95.000000,0.500000,43.743400,1,1,1,0,1,
1346400,95.000000,0.500000,43.745200,1,1,1,0,1,
1346500,95.000000,0.500000,43.747000,1,1,1,0,1,
1346600,95.000000,0.500000,43.748800,1,1,1,0,1,
1346700,95.000000,0.500000,43.750600,1,1,1,0,1,
1346800,95.000000,0.500000,43.752400,1,1,1,0,1,
1346900,95.000000,0.500000,43.754200,1,1,1,0,1,
1347000,68.000000,0.500000,43.756000,1,1,1,0,1,
1347100,68.000000,0.500000,43.757800,1,1,1,0,1,
1347200,68.000000,0.500000,43.759600,1,1,1,0,1,
1347300,68.000000,0.500000,43.761400,1,1,1,0,1,
1347400,68.000000,0.500000,43.763200,1,1,1,0,1,
1347500,68.000000,0.500000,43.765000,1,1,1,0,1,
1347600,68.000000,0.500000,43.766800,1,1,1,0,1,
1347700,68.000000,0.500000,43.768600,1,1,1,0,1,
1347800,68.000000,0.500000,43.770400,1,1,1,0,1,
1347900,68.000000,0.500000,43.772200,1,1,1,0,1,
1348000,68.000000,0.500000,43.774000,1,1,1,0,1,
1348100,68.000000,0.500000,43.775800,1,1,1,0,1,
1348200,68.000000,0.500000,43.777600,1,1,1,0,1,
1348300,68.000000,0.500000,43.779400,1,1,1,0,1,
1348400,68.000000,0.500000,43.781200,1,1,1,0,1,
1348500,68.000000,0.500000,43.783000,1,1,1,0,1,
1348600,68.000000,0.500000,43.784800,1,1,1,0,1,
1348700,68.000000,0.500000,43.786600,1,1,1,0,1,
1348800,68.000000,0.500000,43.788400,1,1,1,0,1,
1348900,68.000000,0.500000,43.790200,1,1,1,0,1,
1349000,68.000000,0.500000,43.792000,1,1,1,0,1,
1349100,68.000000,0.500000,43.793800,1,1,1,0,1,
1349200,68.000000,0.500000,43.795600,1,1,1,0,1,
1349300,68.000000,0.500000,43.797400,1,1,1,0,1,
1349400,68.000000,0.500000,43.799200,1,1,1,0,1,
1349500,68.000000,0.500000,43.801000,1,1,1,0,1,
1349600,68.000000,0.500000,43.802800,1,1,1,0,1,
1349700,68.000000,0.500000,43.804600,1,1,1,0,1,
1349800,68.000000,0.500000,43.806400,1,1,1,0,1,
1349900,68.000000,0.500000,43.808200,1,1,1,0,1,
1350000,-25.000000,0.500000,43.810000,1,1,1,0,1,
1350100,-25.000000,0.500000,43.811800,1,1,1,0,1,
1350200,-25.000000,0.500000,43.813600,1,1,1,0,1,
1350300,-25.000000,0.500000,43.815400,1,1,1,0,1,
1350400,-25.000000,0.500000,43.817200,1,1,1,0,1,
1350500,-25.000000,0.500000,43.819000,1,1,1,0,1,
1350600,-25.000000,0.500000,43.820800,1,1,1,0,1,
1350700,-25.000000,0.500000,43.822600,1,1,1,0,1,
1350800,-25.000000,0.500000,43.824400,1,1,1,0,1,
1350900,-25.000000,0.500000,43.826200,1,1,1,0,1,
1351000,55.000000,0.500000,43.828000,1,1,1,0,1,
1351100,55.000000,0.500000,43.829800,1,1,1,0,1,
1351200,55.000000,0.500000,43.831600,1,1,1,0,1,
1351300,55.000000,0.500000,43.833400,1,1,1,0,1,
1351400,55.000000,0.500000,43.835200,1,1,1,0,1,
1351500,55.000000,0.500000,43.837000,1,1,1,0,1,
1351600,55.000000,0.500000,43.838800,1,1,1,0,1,
1351700,55.000000,0.500000,43.840600,1,1,1,0,1,
1351800,55.000000,0.500000,43.842400,1,1,1,0,1,
1351900,55.000000,0.500000,43.844200,1,1,1,0,1,
1352000,55.000000,0.500000,43.846000,1,1,1,0,1,
1352100,55.000000,0.500000,43.847800,1,1,1,0,1,
1352200,55.000000,0.500000,43.849600,1,1,1,0,1,
1352300,55.000000,0.500000,43.851400,1,1,1,0,1,
1352400,55.000000,0.500000,43.853200,1,1,1,0,1,
1352500,55.000000,0.500000,43.855000,1,1,1,0,1,
1352600,55.000000,0.500000,43.856800,1,1,1,0,1,
1352700,55.000000,0.500000,43.858600,1,1,1,0,1,
1352800,55.000000,0.500000,43.860400,1,1,1,0,1,
1352900,55.000000,0.500000,43.862200,1,1,1,0,1,
1353000,55.000000,0.500000,43.864000,1,1,1,0,1,
1353100,55.000000,0.500000,43.865800,1,1,1,0,1,
1353200,55.000000,0.500000,43.867600,1,1,1,0,1,
1353300,55.000000,0.500000,43.869400,1,1,1,0,1,
1353400,55.000000,0.500000,43.871200,1,1,1,0,1,
1353500,55.000000,0.500000,43.873000,1,1,1,0,1,
1353600,55.000000,0.500000,43.874800,1,1,1,0,1,
1353700,55.000000,0.500000,43.876600,1,1,1,0,1,
1353800,55.000000,0.500000,43.878400,1,1,1,0,1,
1353900,55.000000,0.500000,43.880200,1,1,1,0,1,
1354000,55.000000,0.500000,43.882000,1,1,1,0,1,
1354100,55.000000,0.500000,43.883800,1,1,1,0,1,
1354200,55.000000,0.500000,43.885600,1,1,1,0,1,
1354300,55.000000,0.500000,43.887400,1,1,1,0,1,
1354400,55.000000,0.500000,43.889200,1,1,1,0,1,
1354500,55.000000,0.500000,43.891000,1,1,1,0,1,
1354600,55.000000,0.500000,43.892800,1,1,1,0,1,
1354700,55.000000,0.500000,43.894600,1,1,1,0,1,
1354800,55.000000,0.500000,43.896400,1,1,1,0,1,
1354900,55.000000,0.500000,43.898200,1,1,1,0,1,
1355000,55.000000,0.500000,43.900000,1,1,1,0,1,
1355100,55.000000,0.500000,43.901800,1,1,1,0,1,
1355200,55.000000,0.500000,43.903600,1,1,1,0,1,
1355300,55.000000,0.500000,43.905400,1,1,1,0,1,
1355400,55.000000,0.500000,43.907200,1,1,1,0,1,
1355500,55.000000,0.500000,43.909000,1,1,1,0,1,
1355600,55.000000,0.500000,43.910800,1,1,1,0,1,
1355700,55.000000,0.500000,43.912600,1,1,1,0,1,
1355800,55.000000,0.500000,43.914400,1,1,1,0,1,
1355900,55.000000,0.500000,43.916200,1,1,1,0,1,
1356000,55.000000,0.500000,43.918000,1,1,1,0,1,
1356100,55.000000,0.500000,43.919800,1,1,1,0,1,
1356200,55.000000,0.500000,43.921600,1,1,1,0,1,
1356300,55.000000,0.500000,43.923400,1,1,1,0,1,
1356400,55.000000,0.500000,43.925200,1,1,1,0,1,
1356500,55.000000,0.500000,43.927000,1,1,1,0,1,
1356600,55.000000,0.500000,43.928800,1,1,1,0,1,
1356700,55.000000,0.500000,43.930600,1,1,1,0,1,
1356800,55.000000,0.500000,43.932400,1,1,1,0,1,
1356900,55.000000,0.500000,43.934200,1,1,1,0,1,
1357000,82.000000,0.500000,43.936000,1,1,1,0,1,
1357100,82.000000,0.500000,43.937800,1,1,1,0,1,
1357200,82.000000,0.500000,43.939600,1,1,1,0,1,
1357300,82.000000,0.500000,43.941400,1,1,1,0,1,
1357400,82.000000,0.500000,43.943200,1,1,1,0,1,
1357500,82.000000,0.500000,43.945000,1,1,1,0,1,
1357600,82.000000,0.500000,43.946800,1,1,1,0,1,
1357700,82.000000,0.500000,43.948600,1,1,1,0,1,
1357800,82.000000,0.500000,43.950400,1,1,1,0,1,
1357900,82.000000,0.500000,43.952200,1,1,1,0,1,
1358000,82.000000,0.500000,43.954000,1,1,1,0,1,
1358100,82.000000,0.500000,43.955800,1,1,1,0,1,
1358200,82.000000,0.500000,43.957600,1,1,1,0,1,
1358300,82.000000,0.500000,43.959400,1,1,1,0,1,
1358400,82.000000,0.500000,43.961200,1,1,1,0,1,
1358500,82.000000,0.500000,43.963000,1,1,1,0,1,
1358600,82.000000,0.500000,43.964800,1,1,1,0,1,
1358700,82.000000,0.500000,43.966600,1,1,1,0,1,
1358800,82.000000,0.500000,43.968400,1,1,1,0,1,
1358900,82.000000,0.500000,43.970200,1,1,1,0,1,
1359000,-15.000000,0.500000,43.972000,1,1,1,0,1,
1359100,-15.000000,0.500000,43.973800,1,1,1,0,1,
1359200,-15.000000,0.500000,43.975600,1,1,1,0,1,
1359300,-15.000000,0.500000,43.977400,1,1,1,0,1,
1359400,-15.000000,0.500000,43.979200,1,1,1,0,1,
1359500,-15.000000,0.500000,43.981000,1,1,1,0,1,
1359600,-15.000000,0.500000,43.982800,1,1,1,0,1,
1359700,-15.000000,0.500000,43.984600,1,1,1,0,1,
1359800,-15.000000,0.500000,43.986400,1,1,1,0,1,
1359900,-15.000000,0.500000,43.988200,1,1,1,0,1,
1360000,42.000000,0.500000,43.990000,1,1,1,0,1,
1360100,42.000000,0.500000,43.991800,1,1,1,0,1,
1360200,42.000000,0.500000,43.993600,1,1,1,0,1,
1360300,42.000000,0.500000,43.995400,1,1,1,0,1,
1360400,42.000000,0.500000,43.997200,1,1,1,0,1,
1360500,42.000000,0.500000,43.999000,1,1,1,0,1,
1360600,42.000000,0.500000,44.000800,1,1,1,0,1,
1360700,42.000000,0.500000,44.002600,1,1,1,0,1,
1360800,42.000000,0.500000,44.004400,1,1,1,0,1,
1360900,42.000000,0.500000,44.006200,1,1,1,0,1,
1361000,42.000000,0.500000,44.008000,1,1,1,0,1,
1361100,42.000000,0.500000,44.009800,1,1,1,0,1,
1361200,42.000000,0.500000,44.011600,1,1,1,0,1,
1361300,42.000000,0.500000,44.013400,1,1,1,0,1,
1361400,42.000000,0.500000,44.015200,1,1,1,0,1,
1361500,42.000000,0.500000,44.017000,1,1,1,0,1,
1361600,42.000000,0.500000,44.018800,1,1,1,0,1,
1361700,42.000000,0.500000,44.020600,1,1,1,0,1,
1361800,42.000000,0.500000,44.022400,1,1,1,0,1,
1361900,42.000000,0.500000,44.024200,1,1,1,0,1,
1362000,42.000000,0.500000,44.026000,1,1,1,0,1,
1362100,42.000000,0.500000,44.027800,1,1,1,0,1,
1362200,42.000000,0.500000,44.029600,1,1,1,0,1,
1362300,42.000000,0.500000,44.031400,1,1,1,0,1,
1362400,42.000000,0.500000,44.033200,1,1,1,0,1,
1362500,42.000000,0.500000,44.035000,1,1,1,0,1,
1362600,42.000000,0.500000,44.036800,1,1,1,0,1,
1362700,42.000000,0.500000,44.038600,1,1,1,0,1,
1362800,42.000000,0.500000,44.040400,1,1,1,0,1,
1362900,42.000000,0.500000,44.042200,1,1,1,0,1,
1363000,42.000000,0.500000,44.044000,1,1,1,0,1,
1363100,42.000000,0.500000,44.045800,1,1,1,0,1,
1363200,42.000000,0.500000,44.047600,1,1,1,0,1,
1363300,42.000000,0.500000,44.049400,1,1,1,0,1,
1363400,42.000000,0.500000,44.051200,1,1,1,0,1,
1363500,42.000000,0.500000,44.053000,1,1,1,0,1,
1363600,42.000000,0.500000,44.054800,1,1,1,0,1,
1363700,42.000000,0.500000,44.056600,1,1,1,0,1,
1363800,42.000000,0.500000,44.058400,1,1,1,0,1,
1363900,42.000000,0.500000,44.060200,1,1,1,0,1,
1364000,42.000000,0.500000,44.062000,1,1,1,0,1,
1364100,42.000000,0.500000,44.063800,1,1,1,0,1,
1364200,42.000000,0.500000,44.065600,1,1,1,0,1,
1364300,42.000000,0.500000,44.067400,1,1,1,0,1,
1364400,42.000000,0.500000,44.069200,1,1,1,0,1,
1364500,42.000000,0.500000,44.071000,1,1,1,0,1,
1364600,42.000000,0.500000,44.072800,1,1,1,0,1,
1364700,42.000000,0.500000,44.074600,1,1,1,0,1,
1364800,42.000000,0.500000,44.076400,1,1,1,0,1,
1364900,42.000000,0.500000,44.078200,1,1,1,0,1,
1365000,95.000000,0.500000,44.080000,1,1,1,0,1,
1365100,95.000000,0.500000,44.081800,1,1,1,0,1,
1365200,95.000000,0.500000,44.083600,1,1,1,0,1,
1365300,95.000000,0.500000,44.085400,1,1,1,0,1,
1365400,95.000000,0.500000,44.087200,1,1,1,0,1,
1365500,95.000000,0.500000,44.089000,1,1,1,0,1,
1365600,95.000000,0.500000,44.090800,1,1,1,0,1,
1365700,95.000000,0.500000,44.092600,1,1,1,0,1,
1365800,95.000000,0.500000,44.094400,1,1,1,0,1,
1365900,95.000000,0.500000,44.096200,1,1,1,0,1,
1366000,95.000000,0.500000,44.098000,1,1,1,0,1,
1366100,95.000000,0.500000,44.099800,1,1,1,0,1,
1366200,95.000000,0.500000,44.101600,1,1,1,0,1,
1366300,95.000000,0.500000,44.103400,1,1,1,0,1,
1366400,95.000000,0.500000,44.105200,1,1,1,0,1,
1366500,95.000000,0.500000,44.107000,1,1,1,0,1,
1366600,95.000000,0.500000,44.108800,1,1,1,0,1,
1366700,95.000000,0.500000,44.110600,1,1,1,0,1,
1366800,95.000000,0.500000,44.112400,1,1,1,0,1,
1366900,95.000000,0.500000,44.114200,1,1,1,0,1,
1367000,68.000000,0.500000,44.116000,1,1,1,0,1,
1367100,68.000000,0.500000,44.117800,1,1,1,0,1,
1367200,68.000000,0.500000,44.119600,1,1,1,0,1,
1367300,68.000000,0.500000,44.121400,1,1,1,0,1,
1367400,68.000000,0.500000,44.123200,1,1,1,0,1,
1367500,68.000000,0.500000,44.125000,1,1,1,0,1,
1367600,68.000000,0.500000,44.126800,1,1,1,0,1,
1367700,68.000000,0.500000,44.128600,1,1,1,0,1,
1367800,68.000000,0.500000,44.130400,1,1,1,0,1,
1367900,68.000000,0.500000,44.132200,1,1,1,0,1,
1368000,68.000000,0.500000,44.134000,1,1,1,0,1,
1368100,68.000000,0.500000,44.135800,1,1,1,0,1,
1368200,68.000000,0.500000,44.137600,1,1,1,0,1,
1368300,68.000000,0.500000,44.139400,1,1,1,0,1,
1368400,68.000000,0.500000,44.141200,1,1,1,0,1,
1368500,68.000000,0.500000,44.143000,1,1,1,0,1,
1368600,68.000000,0.500000,44.144800,1,1,1,0,1,
1368700,68.000000,0.500000,44.146600,1,1,1,0,1,
1368800,68.000000,0.500000,44.148400,1,1,1,0,1,
1368900,68.000000,0.500000,44.150200,1,1,1,0,1,
1369000,68.000000,0.500000,44.152000,1,1,1,0,1,
1369100,68.000000,0.500000,44.153800,1,1,1,0,1,
1369200,68.000000,0.500000,44.155600,1,1,1,0,1,
1369300,68.000000,0.500000,44.157400,1,1,1,0,1,
1369400,68.000000,0.500000,44.159200,1,1,1,0,1,
1369500,68.000000,0.500000,44.161000,1,1,1,0,1,
1369600,68.000000,0.500000,44.162800,1,1,1,0,1,
1369700,68.000000,0.500000,44.164600,1,1,1,0,1,
1369800,68.000000,0.500000,44.166400,1,1,1,0,1,
1369900,68.000000,0.500000,44.168200,1,1,1,0,1,
1370000,-25.000000,0.500000,44.170000,1,1,1,0,1,
1370100,-25.000000,0.500000,44.171800,1,1,1,0,1,
1370200,-25.000000,0.500000,44.173600,1,1,1,0,1,
1370300,-25.000000,0.500000,44.175400,1,1,1,0,1,
1370400,-25.000000,0.500000,44.177200,1,1,1,0,1,
1370500,-25.000000,0.500000,44.179000,1,1,1,0,1,
1370600,-25.000000,0.500000,44.180800,1,1,1,0,1,
1370700,-25.000000,0.500000,44.182600,1,1,1,0,1,
1370800,-25.000000,0.500000,44.184400,1,1,1,0,1,
1370900,-25.000000,0.500000,44.186200,1,1,1,0,1,
1371000,55.000000,0.500000,44.188000,1,1,1,0,1,
1371100,55.000000,0.500000,44.189800,1,1,1,0,1,
1371200,55.000000,0.500000,44.191600,1,1,1,0,1,
1371300,55.000000,0.500000,44.193400,1,1,1,0,1,
1371400,55.000000,0.500000,44.195200,1,1,1,0,1,
1371500,55.000000,0.500000,44.197000,1,1,1,0,1,
1371600,55.000000,0.500000,44.198800,1,1,1,0,1,
1371700,55.000000,0.500000,44.200600,1,1,1,0,1,
1371800,55.000000,0.500000,44.202400,1,1,1,0,1,
1371900,55.000000,0.500000,44.204200,1,1,1,0,1,
1372000,55.000000,0.500000,44.206000,1,1,1,0,1,
1372100,55.000000,0.500000,44.207800,1,1,1,0,1,
1372200,55.000000,0.500000,44.209600,1,1,1,0,1,
1372300,55.000000,0.500000,44.211400,1,1,1,0,1,
1372400,55.000000,0.500000,44.213200,1,1,1,0,1,
1372500,55.000000,0.500000,44.215000,1,1,1,0,1,
1372600,55.000000,0.500000,44.216800,1,1,1,0,1,
1372700,55.000000,0.500000,44.218600,1,1,1,0,1,
1372800,55.000000,0.500000,44.220400,1,1,1,0,1,
1372900,55.000000,0.500000,44.222200,1,1,1,0,1,
1373000,55.000000,0.500000,44.224000,1,1,1,0,1,
1373100,55.000000,0.500000,44.225800,1,1,1,0,1,
1373200,55.000000,0.500000,44.227600,1,1,1,0,1,
1373300,55.000000,0.500000,44.229400,1,1,1,0,1,
1373400,55.000000,0.500000,44.231200,1,1,1,0,1,
1373500,55.000000,0.500000,44.233000,1,1,1,0,1,
1373600,55.000000,0.500000,44.234800,1,1,1,0,1,
1373700,55.000000,0.500000,44.236600,1,1,1,0,1,
1373800,55.000000,0.500000,44.238400,1,1,1,0,1,
1373900,55.000000,0.500000,44.240200,1,1,1,0,1,
1374000,55.000000,0.500000,44.242000,1,1,1,0,1,
1374100,55.000000,0.500000,44.243800,1,1,1,0,1,
1374200,55.000000,0.500000,44.245600,1,1,1,0,1,
1374300,55.000000,0.500000,44.247400,1,1,1,0,1,
1374400,55.000000,0.500000,44.249200,1,1,1,0,1,
1374500,55.000000,0.500000,44.251000,1,1,1,0,1,
1374600,55.000000,0.500000,44.252800,1,1,1,0,1,
1374700,55.000000,0.500000,44.254600,1,1,1,0,1,
1374800,55.000000,0.500000,44.256400,1,1,1,0,1,
1374900,55.000000,0.500000,44.258200,1,1,1,0,1,
1375000,55.000000,0.500000,44.260000,1,1,1,0,1,
1375100,55.000000,0.500000,44.261800,1,1,1,0,1,
1375200,55.000000,0.500000,44.263600,1,1,1,0,1,
1375300,55.000000,0.500000,44.265400,1,1,1,0,1,
1375400,55.000000,0.500000,44.267200,1,1,1,0,1,
1375500,55.000000,0.500000,44.269000,1,1,1,0,1,
1375600,55.000000,0.500000,44.270800,1,1,1,0,1,
1375700,55.000000,0.500000,44.272600,1,1,1,0,1,
1375800,55.000000,0.500000,44.274400,1,1,1,0,1,
1375900,55.000000,0.500000,44.276200,1,1,1,0,1,
1376000,55.000000,0.500000,44.278000,1,1,1,0,1,
1376100,55.000000,0.500000,44.279800,1,1,1,0,1,
1376200,55.000000,0.500000,44.281600,1,1,1,0,1,
1376300,55.000000,0.500000,44.283400,1,1,1,0,1,
1376400,55.000000,0.500000,44.285200,1,1,1,0,1,
1376500,55.000000,0.500000,44.287000,1,1,1,0,1,
1376600,55.000000,0.500000,44.288800,1,1,1,0,1,
1376700,55.000000,0.500000,44.290600,1,1,1,0,1,
1376800,55.000000,0.500000,44.292400,1,1,1,0,1,
1376900,55.000000,0.500000,44.294200,1,1,1,0,1,
1377000,82.000000,0.500000,44.296000,1,1,1,0,1,
1377100,82.000000,0.500000,44.297800,1,1,1,0,1,
1377200,82.000000,0.500000,44.299600,1,1,1,0,1,
1377300,82.000000,0.500000,44.301400,1,1,1,0,1,
1377400,82.000000,0.500000,44.303200,1,1,1,0,1,
1377500,82.000000,0.500000,44.305000,1,1,1,0,1,
1377600,82.000000,0.500000,44.306800,1,1,1,0,1,
1377700,82.000000,0.500000,44.308600,1,1,1,0,1,
1377800,82.000000,0.500000,44.310400,1,1,1,0,1,
1377900,82.000000,0.500000,44.312200,1,1,1,0,1,
1378000,82.000000,0.500000,44.314000,1,1,1,0,1,
1378100,82.000000,0.500000,44.315800,1,1,1,0,1,
1378200,82.000000,0.500000,44.317600,1,1,1,0,1,
1378300,82.000000,0.500000,44.319400,1,1,1,0,1,
1378400,82.000000,0.500000,44.321200,1,1,1,0,1,
1378500,82.000000,0.500000,44.323000,1,1,1,0,1,
1378600,82.000000,0.500000,44.324800,1,1,1,0,1,
1378700,82.000000,0.500000,44.326600,1,1,1,0,1,
1378800,82.000000,0.500000,44.328400,1,1,1,0,1,
1378900,82.000000,0.500000,44.330200,1,1,1,0,1,
1379000,-15.000000,0.500000,44.332000,1,1,1,0,1,
1379100,-15.000000,0.500000,44.333800,1,1,1,0,1,
1379200,-15.000000,0.500000,44.335600,1,1,1,0,1,
1379300,-15.000000,0.500000,44.337400,1,1,1,0,1,
1379400,-15.000000,0.500000,44.339200,1,1,1,0,1,
1379500,-15.000000,0.500000,44.341000,1,1,1,0,1,
1379600,-15.000000,0.500000,44.342800,1,1,1,0,1,
1379700,-15.000000,0.500000,44.344600,1,1,1,0,1,
1379800,-15.000000,0.500000,44.346400,1,1,1,0,1,
1379900,-15.000000,0.500000,44.348200,1,1,1,0,1,
1380000,42.000000,0.500000,44.350000,1,1,1,0,1,
1380100,42.000000,0.500000,44.351800,1,1,1,0,1,
1380200,42.000000,0.500000,44.353600,1,1,1,0,1,
1380300,42.000000,0.500000,44.355400,1,1,1,0,1,
1380400,42.000000,0.500000,44.357200,1,1,1,0,1,
1380500,42.000000,0.500000,44.359000,1,1,1,0,1,
1380600,42.000000,0.500000,44.360800,1,1,1,0,1,
1380700,42.000000,0.500000,44.362600,1,1,1,0,1,
1380800,42.000000,0.500000,44.364400,1,1,1,0,1,
1380900,42.000000,0.500000,44.366200,1,1,1,0,1,
1381000,42.000000,0.500000,44.368000,1,1,1,0,1,
1381100,42.000000,0.500000,44.369800,1,1,1,0,1,
1381200,42.000000,0.500000,44.371600,1,1,1,0,1,
1381300,42.000000,0.500000,44.373400,1,1,1,0,1,
1381400,42.000000,0.500000,44.375200,1,1,1,0,1,
1381500,42.000000,0.500000,44.377000,1,1,1,0,1,
1381600,42.000000,0.500000,44.378800,1,1,1,0,1,
1381700,42.000000,0.500000,44.380600,1,1,1,0,1,
1381800,42.000000,0.500000,44.382400,1,1,1,0,1,
1381900,42.000000,0.500000,44.384200,1,1,1,0,1,
1382000,42.000000,0.500000,44.386000,1,1,1,0,1,
1382100,42.000000,0.500000,44.387800,1,1,1,0,1,
1382200,42.000000,0.500000,44.389600,1,1,1,0,1,
1382300,42.000000,0.500000,44.391400,1,1,1,0,1,
1382400,42.000000,0.500000,44.393200,1,1,1,0,1,
1382500,42.000000,0.500000,44.395000,1,1,1,0,1,
1382600,42.000000,0.500000,44.396800,1,1,1,0,1,
1382700,42.000000,0.500000,44.398600,1,1,1,0,1,
1382800,42.000000,0.500000,44.400400,1,1,1,0,1,
1382900,42.000000,0.500000,44.402200,1,1,1,0,1,
1383000,42.000000,0.500000,44.404000,1,1,1,0,1,
1383100,42.000000,0.500000,44.405800,1,1,1,0,1,
1383200,42.000000,0.500000,44.407600,1,1,1,0,1,
1383300,42.000000,0.500000,44.409400,1,1,1,0,1,
1383400,42.000000,0.500000,44.411200,1,1,1,0,1,
1383500,42.000000,0.500000,44.413000,1,1,1,0,1,
1383600,42.000000,0.500000,44.414800,1,1,1,0,1,
1383700,42.000000,0.500000,44.416600,1,1,1,0,1,
1383800,42.000000,0.500000,44.418400,1,1,1,0,1,
1383900,42.000000,0.500000,44.420200,1,1,1,0,1,
1384000,42.000000,0.500000,44.422000,1,1,1,0,1,
1384100,42.000000,0.500000,44.423800,1,1,1,0,1,
1384200,42.000000,0.500000,44.425600,1,1,1,0,1,
1384300,42.000000,0.500000,44.427400,1,1,1,0,1,
1384400,42.000000,0.500000,44.429200,1,1,1,0,1,
1384500,42.000000,0.500000,44.431000,1,1,1,0,1,
1384600,42.000000,0.500000,44.432800,1,1,1,0,1,
1384700,42.000000,0.500000,44.434600,1,1,1,0,1,
1384800,42.000000,0.500000,44.436400,1,1,1,0,1,
1384900,42.000000,0.500000,44.438200,1,1,1,0,1,
1385000,95.000000,0.500000,44.440000,1,1,1,0,1,
1385100,95.000000,0.500000,44.441800,1,1,1,0,1,
1385200,95.000000,0.500000,44.443600,1,1,1,0,1,
1385300,95.000000,0.500000,44.445400,1,1,1,0,1,
1385400,95.000000,0.500000,44.447200,1,1,1,0,1,
1385500,95.000000,0.500000,44.449000,1,1,1,0,1,
1385600,95.000000,0.500000,44.450800,1,1,1,0,1,
1385700,95.000000,0.500000,44.452600,1,1,1,0,1,
1385800,95.000000,0.500000,44.454400,1,1,1,0,1,
1385900,95.000000,0.500000,44.456200,1,1,1,0,1,
1386000,95.000000,0.500000,44.458000,1,1,1,0,1,
1386100,95.000000,0.500000,44.459800,1,1,1,0,1,
1386200,95.000000,0.500000,44.461600,1,1,1,0,1,
1386300,95.000000,0.500000,44.463400,1,1,1,0,1,
1386400,95.000000,0.500000,44.465200,1,1,1,0,1,
1386500,95.000000,0.500000,44.467000,1,1,1,0,1,
1386600,95.000000,0.500000,44.468800,1,1,1,0,1,
1386700,95.000000,0.500000,44.470600,1,1,1,0,1,
1386800,95.000000,0.500000,44.472400,1,1,1,0,1,
1386900,95.000000,0.500000,44.474200,1,1,1,0,1,
1387000,68.000000,0.500000,44.476000,1,1,1,0,1,
1387100,68.000000,0.500000,44.477800,1,1,1,0,1,
1387200,68.000000,0.500000,44.479600,1,1,1,0,1,
1387300,68.000000,0.500000,44.481400,1,1,1,0,1,
1387400,68.000000,0.500000,44.483200,1,1,1,0,1,
1387500,68.000000,0.500000,44.485000,1,1,1,0,1,
1387600,68.000000,0.500000,44.486800,1,1,1,0,1,
1387700,68.000000,0.500000,44.488600,1,1,1,0,1,
1387800,68.000000,0.500000,44.490400,1,1,1,0,1,
1387900,68.000000,0.500000,44.492200,1,1,1,0,1,
1388000,68.000000,0.500000,44.494000,1,1,1,0,1,
1388100,68.000000,0.500000,44.495800,1,1,1,0,1,
1388200,68.000000,0.500000,44.497600,1,1,1,0,1,
1388300,68.000000,0.500000,44.499400,1,1,1,0,1,
1388400,68.000000,0.500000,44.501200,1,1,1,0,1,
1388500,68.000000,0.500000,44.503000,1,1,1,0,1,
1388600,68.000000,0.500000,44.504800,1,1,1,0,1,
1388700,68.000000,0.500000,44.506600,1,1,1,0,1,
1388800,68.000000,0.500000,44.508400,1,1,1,0,1,
1388900,68.000000,0.500000,44.510200,1,1,1,0,1,
1389000,68.000000,0.500000,44.512000,1,1,1,0,1,
1389100,68.000000,0.500000,44.513800,1,1,1,0,1,
1389200,68.000000,0.500000,44.515600,1,1,1,0,1,
1389300,68.000000,0.500000,44.517400,1,1,1,0,1,
1389400,68.000000,0.500000,44.519200,1,1,1,0,1,
1389500,68.000000,0.500000,44.521000,1,1,1,0,1,
1389600,68.000000,0.500000,44.522800,1,1,1,0,1,
1389700,68.000000,0.500000,44.524600,1,1,1,0,1,
1389800,68.000000,0.500000,44.526400,1,1,1,0,1,
1389900,68.000000,0.500000,44.528200,1,1,1,0,1,
1390000,-25.000000,0.500000,44.530000,1,1,1,0,1,
1390100,-25.000000,0.500000,44.531800,1,1,1,0,1,
1390200,-25.000000,0.500000,44.533600,1,1,1,0,1,
1390300,-25.000000,0.500000,44.535400,1,1,1,0,1,
1390400,-25.000000,0.500000,44.537200,1,1,1,0,1,
1390500,-25.000000,0.500000,44.539000,1,1,1,0,1,
1390600,-25.000000,0.500000,44.540800,1,1,1,0,1,
1390700,-25.000000,0.500000,44.542600,1,1,1,0,1,
1390800,-25.000000,0.500000,44.544400,1,1,1,0,1,
1390900,-25.000000,0.500000,44.546200,1,1,1,0,1,
1391000,55.000000,0.500000,44.548000,1,1,1,0,1,
1391100,55.000000,0.500000,44.549800,1,1,1,0,1,
1391200,55.000000,0.500000,44.551600,1,1,1,0,1,
1391300,55.000000,0.500000,44.553400,1,1,1,0,1,
1391400,55.000000,0.500000,44.555200,1,1,1,0,1,
1391500,55.000000,0.500000,44.557000,1,1,1,0,1,
1391600,55.000000,0.500000,44.558800,1,1,1,0,1,
1391700,55.000000,0.500000,44.560600,1,1,1,0,1,
1391800,55.000000,0.500000,44.562400,1,1,1,0,1,
1391900,55.000000,0.500000,44.564200,1,1,1,0,1,
1392000,55.000000,0.500000,44.566000,1,1,1,0,1,
1392100,55.000000,0.500000,44.567800,1,1,1,0,1,
1392200,55.000000,0.500000,44.569600,1,1,1,0,1,
1392300,55.000000,0.500000,44.571400,1,1,1,0,1,
1392400,55.000000,0.500000,44.573200,1,1,1,0,1,
1392500,55.000000,0.500000,44.575000,1,1,1,0,1,
1392600,55.000000,0.500000,44.576800,1,1,1,0,1,
1392700,55.000000,0.500000,44.578600,1,1,1,0,1,
1392800,55.000000,0.500000,44.580400,1,1,1,0,1,
1392900,55.000000,0.500000,44.582200,1,1,1,0,1,
1393000,55.000000,0.500000,44.584000,1,1,1,0,1,
1393100,55.000000,0.500000,44.585800,1,1,1,0,1,
1393200,55.000000,0.500000,44.587600,1,1,1,0,1,
1393300,55.000000,0.500000,44.589400,1,1,1,0,1,
1393400,55.000000,0.500000,44.591200,1,1,1,0,1,
1393500,55.000000,0.500000,44.593000,1,1,1,0,1,
1393600,55.000000,0.500000,44.594800,1,1,1,0,1,
1393700,55.000000,0.500000,44.596600,1,1,1,0,1,
1393800,55.000000,0.500000,44.598400,1,1,1,0,1,
1393900,55.000000,0.500000,44.600200,1,1,1,0,1,
1394000,55.000000,0.500000,44.602000,1,1,1,0,1,
1394100,55.000000,0.500000,44.603800,1,1,1,0,1,
1394200,55.000000,0.500000,44.605600,1,1,1,0,1,
1394300,55.000000,0.500000,44.607400,1,1,1,0,1,
1394400,55.000000,0.500000,44.609200,1,1,1,0,1,
1394500,55.000000,0.500000,44.611000,1,1,1,0,1,
1394600,55.000000,0.500000,44.612800,1,1,1,0,1,
1394700,55.000000,0.500000,44.614600,1,1,1,0,1,
1394800,55.000000,0.500000,44.616400,1,1,1,0,1,
1394900,55.000000,0.500000,44.618200,1,1,1,0,1,
1395000,55.000000,0.500000,44.620000,1,1,1,0,1,
1395100,55.000000,0.500000,44.621800,1,1,1,0,1,
1395200,55.000000,0.500000,44.623600,1,1,1,0,1,
1395300,55.000000,0.500000,44.625400,1,1,1,0,1,
1395400,55.000000,0.500000,44.627200,1,1,1,0,1,
1395500,55.000000,0.500000,44.629000,1,1,1,0,1,
1395600,55.000000,0.500000,44.630800,1,1,1,0,1,
1395700,55.000000,0.500000,44.632600,1,1,1,0,1,
1395800,55.000000,0.500000,44.634400,1,1,1,0,1,
1395900,55.000000,0.500000,44.636200,1,1,1,0,1,
1396000,55.000000,0.500000,44.638000,1,1,1,0,1,
1396100,55.000000,0.500000,44.639800,1,1,1,0,1,
1396200,55.000000,0.500000,44.641600,1,1,1,0,1,
1396300,55.000000,0.500000,44.643400,1,1,1,0,1,
1396400,55.000000,0.500000,44.645200,1,1,1,0,1,
1396500,55.000000,0.500000,44.647000,1,1,1,0,1,
1396600,55.000000,0.500000,44.648800,1,1,1,0,1,
1396700,55.000000,0.500000,44.650600,1,1,1,0,1,
1396800,55.000000,0.500000,44.652400,1,1,1,0,1,
1396900,55.000000,0.500000,44.654200,1,1,1,0,1,
1397000,82.000000,0.500000,44.656000,1,1,1,0,1,
1397100,82.000000,0.500000,44.657800,1,1,1,0,1,
1397200,82.000000,0.500000,44.659600,1,1,1,0,1,
1397300,82.000000,0.500000,44.661400,1,1,1,0,1,
1397400,82.000000,0.500000,44.663200,1,1,1,0,1,
1397500,82.000000,0.500000,44.665000,1,1,1,0,1,
1397600,82.000000,0.500000,44.666800,1,1,1,0,1,
1397700,82.000000,0.500000,44.668600,1,1,1,0,1,
1397800,82.000000,0.500000,44.670400,1,1,1,0,1,
1397900,82.000000,0.500000,44.672200,1,1,1,0,1,
1398000,82.000000,0.500000,44.674000,1,1,1,0,1,
1398100,82.000000,0.500000,44.675800,1,1,1,0,1,
1398200,82.000000,0.500000,44.677600,1,1,1,0,1,
1398300,82.000000,0.500000,44.679400,1,1,1,0,1,
1398400,82.000000,0.500000,44.681200,1,1,1,0,1,
1398500,82.000000,0.500000,44.683000,1,1,1,0,1,
1398600,82.000000,0.500000,44.684800,1,1,1,0,1,
1398700,82.000000,0.500000,44.686600,1,1,1,0,1,
1398800,82.000000,0.500000,44.688400,1,1,1,0,1,
1398900,82.000000,0.500000,44.690200,1,1,1,0,1,
1399000,-15.000000,0.500000,44.692000,1,1,1,0,1,
1399100,-15.000000,0.500000,44.693800,1,1,1,0,1,
1399200,-15.000000,0.500000,44.695600,1,1,1,0,1,
1399300,-15.000000,0.500000,44.697400,1,1,1,0,1,
1399400,-15.000000,0.500000,44.699200,1,1,1,0,1,
1399500,-15.000000,0.500000,44.701000,1,1,1,0,1,
1399600,-15.000000,0.500000,44.702800,1,1,1,0,1,
1399700,-15.000000,0.500000,44.704600,1,1,1,0,1,
1399800,-15.000000,0.500000,44.706400,1,1,1,0,1,
1399900,-15.000000,0.500000,44.708200,1,1,1,0,1,
1400000,42.000000,0.500000,44.710000,1,1,1,0,1,
1400100,42.000000,0.500000,44.711800,1,1,1,0,1,
1400200,42.000000,0.500000,44.713600,1,1,1,0,1,
1400300,42.000000,0.500000,44.715400,1,1,1,0,1,
1400400,42.000000,0.500000,44.717200,1,1,1,0,1,
1400500,42.000000,0.500000,44.719000,1,1,1,0,1,
1400600,42.000000,0.500000,44.720800,1,1,1,0,1,
1400700,42.000000,0.500000,44.722600,1,1,1,0,1,
1400800,42.000000,0.500000,44.724400,1,1,1,0,1,
1400900,42.000000,0.500000,44.726200,1,1,1,0,1,
1401000,42.000000,0.500000,44.728000,1,1,1,0,1,
1401100,42.000000,0.500000,44.729800,1,1,1,0,1,
1401200,42.000000,0.500000,44.731600,1,1,1,0,1,
1401300,42.000000,0.500000,44.733400,1,1,1,0,1,
1401400,42.000000,0.500000,44.735200,1,1,1,0,1,
1401500,42.000000,0.500000,44.737000,1,1,1,0,1,
1401600,42.000000,0.500000,44.738800,1,1,1,0,1,
1401700,42.000000,0.500000,44.740600,1,1,1,0,1,
1401800,42.000000,0.500000,44.742400,1,1,1,0,1,
1401900,42.000000,0.500000,44.744200,1,1,1,0,1,
1402000,42.000000,0.500000,44.746000,1,1,1,0,1,
1402100,42.000000,0.500000,44.747800,1,1,1,0,1,
1402200,42.000000,0.500000,44.749600,1,1,1,0,1,
1402300,42.000000,0.500000,44.751400,1,1,1,0,1,
1402400,42.000000,0.500000,44.753200,1,1,1,0,1,
1402500,42.000000,0.500000,44.755000,1,1,1,0,1,
1402600,42.000000,0.500000,44.756800,1,1,1,0,1,
1402700,42.000000,0.500000,44.758600,1,1,1,0,1,
1402800,42.000000,0.500000,44.760400,1,1,1,0,1,
1402900,42.000000,0.500000,44.762200,1,1,1,0,1,
1403000,42.000000,0.500000,44.764000,1,1,1,0,1,
1403100,42.000000,0.500000,44.765800,1,1,1,0,1,
1403200,42.000000,0.500000,44.767600,1,1,1,0,1,
1403300,42.000000,0.500000,44.769400,1,1,1,0,1,
1403400,42.000000,0.500000,44.771200,1,1,1,0,1,
1403500,42.000000,0.500000,44.773000,1,1,1,0,1,
1403600,42.000000,0.500000,44.774800,1,1,1,0,1,
1403700,42.000000,0.500000,44.776600,1,1,1,0,1,
1403800,42.000000,0.500000,44.778400,1,1,1,0,1,
1403900,42.000000,0.500000,44.780200,1,1,1,0,1,
1404000,42.000000,0.500000,44.782000,1,1,1,0,1,
1404100,42.000000,0.500000,44.783800,1,1,1,0,1,
1404200,42.000000,0.500000,44.785600,1,1,1,0,1,
1404300,42.000000,0.500000,44.787400,1,1,1,0,1,
1404400,42.000000,0.500000,44.789200,1,1,1,0,1,
1404500,42.000000,0.500000,44.791000,1,1,1,0,1,
1404600,42.000000,0.500000,44.792800,1,1,1,0,1,
1404700,42.000000,0.500000,44.794600,1,1,1,0,1,
1404800,42.000000,0.500000,44.796400,1,1,1,0,1,
1404900,42.000000,0.500000,44.798200,1,1,1,0,1,
1405000,95.000000,0.500000,44.800000,1,1,1,0,1,
1405100,95.000000,0.500000,44.801800,1,1,1,0,1,
1405200,95.000000,0.500000,44.803600,1,1,1,0,1,
1405300,95.000000,0.500000,44.805400,1,1,1,0,1,
1405400,95.000000,0.500000,44.807200,1,1,1,0,1,
1405500,95.000000,0.500000,44.809000,1,1,1,0,1,
1405600,95.000000,0.500000,44.810800,1,1,1,0,1,
1405700,95.000000,0.500000,44.812600,1,1,1,0,1,
1405800,95.000000,0.500000,44.814400,1,1,1,0,1,
1405900,95.000000,0.500000,44.816200,1,1,1,0,1,
1406000,95.000000,0.500000,44.818000,1,1,1,0,1,
1406100,95.000000,0.500000,44.819800,1,1,1,0,1,
1406200,95.000000,0.500000,44.821600,1,1,1,0,1,
1406300,95.000000,0.500000,44.823400,1,1,1,0,1,
1406400,95.000000,0.500000,44.825200,1,1,1,0,1,
1406500,95.000000,0.500000,44.827000,1,1,1,0,1,
1406600,95.000000,0.500000,44.828800,1,1,1,0,1,
1406700,95.000000,0.500000,44.830600,1,1,1,0,1,
1406800,95.000000,0.500000,44.832400,1,1,1,0,1,
1406900,95.000000,0.500000,44.834200,1,1,1,0,1,
1407000,68.000000,0.500000,44.836000,1,1,1,0,1,
1407100,68.000000,0.500000,44.837800,1,1,1,0,1,
1407200,68.000000,0.500000,44.839600,1,1,1,0,1,
1407300,68.000000,0.500000,44.841400,1,1,1,0,1,
1407400,68.000000,0.500000,44.843200,1,1,1,0,1,
1407500,68.000000,0.500000,44.845000,1,1,1,0,1,
1407600,68.000000,0.500000,44.846800,1,1,1,0,1,
1407700,68.000000,0.500000,44.848600,1,1,1,0,1,
1407800,68.000000,0.500000,44.850400,1,1,1,0,1,
1407900,68.000000,0.500000,44.852200,1,1,1,0,1,
1408000,68.000000,0.500000,44.854000,1,1,1,0,1,
1408100,68.000000,0.500000,44.855800,1,1,1,0,1,
1408200,68.000000,0.500000,44.857600,1,1,1,0,1,
1408300,68.000000,0.500000,44.859400,1,1,1,0,1,
1408400,68.000000,0.500000,44.861200,1,1,1,0,1,
1408500,68.000000,0.500000,44.863000,1,1,1,0,1,
1408600,68.000000,0.500000,44.864800,1,1,1,0,1,
1408700,68.000000,0.500000,44.866600,1,1,1,0,1,
1408800,68.000000,0.500000,44.868400,1,1,1,0,1,
1408900,68.000000,0.500000,44.870200,1,1,1,0,1,
1409000,68.000000,0.500000,44.872000,1,1,1,0,1,
1409100,68.000000,0.500000,44.873800,1,1,1,0,1,
1409200,68.000000,0.500000,44.875600,1,1,1,0,1,
1409300,68.000000,0.500000,44.877400,1,1,1,0,1,
1409400,68.000000,0.500000,44.879200,1,1,1,0,1,
1409500,68.000000,0.500000,44.881000,1,1,1,0,1,
1409600,68.000000,0.500000,44.882800,1,1,1,0,1,
1409700,68.000000,0.500000,44.884600,1,1,1,0,1,
1409800,68.000000,0.500000,44.886400,1,1,1,0,1,
1409900,68.000000,0.500000,44.888200,1,1,1,0,1,
1410000,-25.000000,0.500000,44.890000,1,1,1,0,1,
1410100,-25.000000,0.500000,44.891800,1,1,1,0,1,
1410200,-25.000000,0.500000,44.893600,1,1,1,0,1,
1410300,-25.000000,0.500000,44.895400,1,1,1,0,1,
1410400,-25.000000,0.500000,44.897200,1,1,1,0,1,
1410500,-25.000000,0.500000,44.899000,1,1,1,0,1,
1410600,-25.000000,0.500000,44.900800,1,1,1,0,1,
1410700,-25.000000,0.500000,44.902600,1,1,1,0,1,
1410800,-25.000000,0.500000,44.904400,1,1,1,0,1,
1410900,-25.000000,0.500000,44.906200,1,1,1,0,1,
1411000,55.000000,0.500000,44.908000,1,1,1,0,1,
1411100,55.000000,0.500000,44.909800,1,1,1,0,1,
1411200,55.000000,0.500000,44.911600,1,1,1,0,1,
1411300,55.000000,0.500000,44.913400,1,1,1,0,1,
1411400,55.000000,0.500000,44.915200,1,1,1,0,1,
1411500,55.000000,0.500000,44.917000,1,1,1,0,1,
1411600,55.000000,0.500000,44.918800,1,1,1,0,1,
1411700,55.000000,0.500000,44.920600,1,1,1,0,1,
1411800,55.000000,0.500000,44.922400,1,1,1,0,1,
1411900,55.000000,0.500000,44.924200,1,1,1,0,1,
1412000,55.000000,0.500000,44.926000,1,1,1,0,1,
1412100,55.000000,0.500000,44.927800,1,1,1,0,1,
1412200,55.000000,0.500000,44.929600,1,1,1,0,1,
1412300,55.000000,0.500000,44.931400,1,1,1,0,1,
1412400,55.000000,0.500000,44.933200,1,1,1,0,1,
1412500,55.000000,0.500000,44.935000,1,1,1,0,1,
1412600,55.000000,0.500000,44.936800,1,1,1,0,1,
1412700,55.000000,0.500000,44.938600,1,1,1,0,1,
1412800,55.000000,0.500000,44.940400,1,1,1,0,1,
1412900,55.000000,0.500000,44.942200,1,1,1,0,1,
1413000,55.000000,0.500000,44.944000,1,1,1,0,1,
1413100,55.000000,0.500000,44.945800,1,1,1,0,1,
1413200,55.000000,0.500000,44.947600,1,1,1,0,1,
1413300,55.000000,0.500000,44.949400,1,1,1,0,1,
1413400,55.000000,0.500000,44.951200,1,1,1,0,1,
1413500,55.000000,0.500000,44.953000,1,1,1,0,1,
1413600,55.000000,0.500000,44.954800,1,1,1,0,1,
1413700,55.000000,0.500000,44.956600,1,1,1,0,1,
1413800,55.000000,0.500000,44.958400,1,1,1,0,1,
1413900,55.000000,0.500000,44.960200,1,1,1,0,1,
1414000,55.000000,0.500000,44.962000,1,1,1,0,1,
1414100,55.000000,0.500000,44.963800,1,1,1,0,1,
1414200,55.000000,0.500000,44.965600,1,1,1,0,1,
1414300,55.000000,0.500000,44.967400,1,1,1,0,1,
1414400,55.000000,0.500000,44.969200,1,1,1,0,1,
1414500,55.000000,0.500000,44.971000,1,1,1,0,1,
1414600,55.000000,0.500000,44.972800,1,1,1,0,1,
1414700,55.000000,0.500000,44.974600,1,1,1,0,1,
1414800,55.000000,0.500000,44.976400,1,1,1,0,1,
1414900,55.000000,0.500000,44.978200,1,1,1,0,1,
1415000,55.000000,0.500000,44.980000,1,1,1,0,1,
1415100,55.000000,0.500000,44.981800,1,1,1,0,1,
1415200,55.000000,0.500000,44.983600,1,1,1,0,1,
1415300,55.000000,0.500000,44.985400,1,1,1,0,1,
1415400,55.000000,0.500000,44.987200,1,1,1,0,1,
1415500,55.000000,0.500000,44.989000,1,1,1,0,1,
1415600,55.000000,0.500000,44.990800,1,1,1,0,1,
1415700,55.000000,0.500000,44.992600,1,1,1,0,1,
1415800,55.000000,0.500000,44.994400,1,1,1,0,1,
1415900,55.000000,0.500000,44.996200,1,1,1,0,1,
1416000,55.000000,0.500000,44.998000,1,1,1,0,1,
1416100,55.000000,0.500000,44.999800,1,1,1,0,1,
1416200,55.000000,0.500000,45.001600,1,1,1,0,1,
1416300,55.000000,0.500000,45.003400,1,1,1,0,1,
1416400,55.000000,0.500000,45.005200,1,1,1,0,1,
1416500,55.000000,0.500000,45.007000,1,1,1,0,1,
1416600,55.000000,0.500000,45.008800,1,1,1,0,1,
1416700,55.000000,0.500000,45.010600,1,1,1,0,1,
1416800,55.000000,0.500000,45.012400,1,1,1,0,1,
1416900,55.000000,0.500000,45.014200,1,1,1,0,1,
1417000,82.000000,0.500000,45.016000,1,1,1,0,1,
1417100,82.000000,0.500000,45.017800,1,1,1,0,1,
1417200,82.000000,0.500000,45.019600,1,1,1,0,1,
1417300,82.000000,0.500000,45.021400,1,1,1,0,1,
1417400,82.000000,0.500000,45.023200,1,1,1,0,1,
1417500,82.000000,0.500000,45.025000,1,1,1,0,1,
1417600,82.000000,0.500000,45.026800,1,1,1,0,1,
1417700,82.000000,0.500000,45.028600,1,1,1,0,1,
1417800,82.000000,0.500000,45.030400,1,1,1,0,1,
1417900,82.000000,0.500000,45.032200,1,1,1,0,1,
1418000,82.000000,0.500000,45.034000,1,1,1,0,1,
1418100,82.000000,0.500000,45.035800,1,1,1,0,1,
1418200,82.000000,0.500000,45.037600,1,1,1,0,1,
1418300,82.000000,0.500000,45.039400,1,1,1,0,1,
1418400,82.000000,0.500000,45.041200,1,1,1,0,1,
1418500,82.000000,0.500000,45.043000,1,1,1,0,1,
1418600,82.000000,0.500000,45.044800,1,1,1,0,1,
1418700,82.000000,0.500000,45.046600,1,1,1,0,1,
1418800,82.000000,0.500000,45.048400,1,1,1,0,1,
1418900,82.000000,0.500000,45.050200,1,1,1,0,1,
1419000,-15.000000,0.500000,45.052000,1,1,1,0,1,
1419100,-15.000000,0.500000,45.053800,1,1,1,0,1,
1419200,-15.000000,0.500000,45.055600,1,1,1,0,1,
1419300,-15.000000,0.500000,45.057400,1,1,1,0,1,
1419400,-15.000000,0.500000,45.059200,1,1,1,0,1,
1419500,-15.000000,0.500000,45.061000,1,1,1,0,1,
1419600,-15.000000,0.500000,45.062800,1,1,1,0,1,
1419700,-15.000000,0.500000,45.064600,1,1,1,0,1,
1419800,-15.000000,0.500000,45.066400,1,1,1,0,1,
1419900,-15.000000,0.500000,45.068200,1,1,1,0,1,
1420000,42.000000,0.500000,45.070000,1,1,1,0,1,
1420100,42.000000,0.500000,45.071800,1,1,1,0,1,
1420200,42.000000,0.500000,45.073600,1,1,1,0,1,
1420300,42.000000,0.500000,45.075400,1,1,1,0,1,
1420400,42.000000,0.500000,45.077200,1,1,1,0,1,
1420500,42.000000,0.500000,45.079000,1,1,1,0,1,
1420600,42.000000,0.500000,45.080800,1,1,1,0,1,
1420700,42.000000,0.500000,45.082600,1,1,1,0,1,
1420800,42.000000,0.500000,45.084400,1,1,1,0,1,
1420900,42.000000,0.500000,45.086200,1,1,1,0,1,
1421000,42.000000,0.500000,45.088000,1,1,1,0,1,
1421100,42.000000,0.500000,45.089800,1,1,1,0,1,
1421200,42.000000,0.500000,45.091600,1,1,1,0,1,
1421300,42.000000,0.500000,45.093400,1,1,1,0,1,
1421400,42.000000,0.500000,45.095200,1,1,1,0,1,
1421500,42.000000,0.500000,45.097000,1,1,1,0,1,
1421600,42.000000,0.500000,45.098800,1,1,1,0,1,
1421700,42.000000,0.500000,45.100600,1,1,1,0,1,
1421800,42.000000,0.500000,45.102400,1,1,1,0,1,
1421900,42.000000,0.500000,45.104200,1,1,1,0,1,
1422000,42.000000,0.500000,45.106000,1,1,1,0,1,
1422100,42.000000,0.500000,45.107800,1,1,1,0,1,
1422200,42.000000,0.500000,45.109600,1,1,1,0,1,
1422300,42.000000,0.500000,45.111400,1,1,1,0,1,
1422400,42.000000,0.500000,45.113200,1,1,1,0,1,
1422500,42.000000,0.500000,45.115000,1,1,1,0,1,
1422600,42.000000,0.500000,45.116800,1,1,1,0,1,
1422700,42.000000,0.500000,45.118600,1,1,1,0,1,
1422800,42.000000,0.500000,45.120400,1,1,1,0,1,
1422900,42.000000,0.500000,45.122200,1,1,1,0,1,
1423000,42.000000,0.500000,45.124000,1,1,1,0,1,
1423100,42.000000,0.500000,45.125800,1,1,1,0,1,
1423200,42.000000,0.500000,45.127600,1,1,1,0,1,
1423300,42.000000,0.500000,45.129400,1,1,1,0,1,
1423400,42.000000,0.500000,45.131200,1,1,1,0,1,
1423500,42.000000,0.500000,45.133000,1,1,1,0,1,
1423600,42.000000,0.500000,45.134800,1,1,1,0,1,
1423700,42.000000,0.500000,45.136600,1,1,1,0,1,
1423800,42.000000,0.500000,45.138400,1,1,1,0,1,
1423900,42.000000,0.500000,45.140200,1,1,1,0,1,
1424000,42.000000,0.500000,45.142000,1,1,1,0,1,
1424100,42.000000,0.500000,45.143800,1,1,1,0,1,
1424200,42.000000,0.500000,45.145600,1,1,1,0,1,
1424300,42.000000,0.500000,45.147400,1,1,1,0,1,
1424400,42.000000,0.500000,45.149200,1,1,1,0,1,
1424500,42.000000,0.500000,45.151000,1,1,1,0,1,
1424600,42.000000,0.500000,45.152800,1,1,1,0,1,
1424700,42.000000,0.500000,45.154600,1,1,1,0,1,
1424800,42.000000,0.500000,45.156400,1,1,1,0,1,
1424900,42.000000,0.500000,45.158200,1,1,1,0,1,
1425000,95.000000,0.500000,45.160000,1,1,1,0,1,
1425100,95.000000,0.500000,45.161800,1,1,1,0,1,
1425200,95.000000,0.500000,45.163600,1,1,1,0,1,
1425300,95.000000,0.500000,45.165400,1,1,1,0,1,
1425400,95.000000,0.500000,45.167200,1,1,1,0,1,
1425500,95.000000,0.500000,45.169000,1,1,1,0,1,
1425600,95.000000,0.500000,45.170800,1,1,1,0,1,
1425700,95.000000,0.500000,45.172600,1,1,1,0,1,
1425800,95.000000,0.500000,45.174400,1,1,1,0,1,
1425900,95.000000,0.500000,45.176200,1,1,1,0,1,
1426000,95.000000,0.500000,45.178000,1,1,1,0,1,
1426100,95.000000,0.500000,45.179800,1,1,1,0,1,
1426200,95.000000,0.500000,45.181600,1,1,1,0,1,
1426300,95.000000,0.500000,45.183400,1,1,1,0,1,
1426400,95.000000,0.500000,45.185200,1,1,1,0,1,
1426500,95.000000,0.500000,45.187000,1,1,1,0,1,
1426600,95.000000,0.500000,45.188800,1,1,1,0,1,
1426700,95.000000,0.500000,45.190600,1,1,1,0,1,
1426800,95.000000,0.500000,45.192400,1,1,1,0,1,
1426900,95.000000,0.500000,45.194200,1,1,1,0,1,
1427000,68.000000,0.500000,45.196000,1,1,1,0,1,
1427100,68.000000,0.500000,45.197800,1,1,1,0,1,
1427200,68.000000,0.500000,45.199600,1,1,1,0,1,
1427300,68.000000,0.500000,45.201400,1,1,1,0,1,
1427400,68.000000,0.500000,45.203200,1,1,1,0,1,
1427500,68.000000,0.500000,45.205000,1,1,1,0,1,
1427600,68.000000,0.500000,45.206800,1,1,1,0,1,
1427700,68.000000,0.500000,45.208600,1,1,1,0,1,
1427800,68.000000,0.500000,45.210400,1,1,1,0,1,
1427900,68.000000,0.500000,45.212200,1,1,1,0,1,
1428000,68.000000,0.500000,45.214000,1,1,1,0,1,
1428100,68.000000,0.500000,45.215800,1,1,1,0,1,
1428200,68.000000,0.500000,45.217600,1,1,1,0,1,
1428300,68.000000,0.500000,45.219400,1,1,1,0,1,
1428400,68.000000,0.500000,45.221200,1,1,1,0,1,
1428500,68.000000,0.500000,45.223000,1,1,1,0,1,
1428600,68.000000,0.500000,45.224800,1,1,1,0,1,
1428700,68.000000,0.500000,45.226600,1,1,1,0,1,
1428800,68.000000,0.500000,45.228400,1,1,1,0,1,
1428900,68.000000,0.500000,45.230200,1,1,1,0,1,
1429000,68.000000,0.500000,45.232000,1,1,1,0,1,
1429100,68.000000,0.500000,45.233800,1,1,1,0,1,
1429200,68.000000,0.500000,45.235600,1,1,1,0,1,
1429300,68.000000,0.500000,45.237400,1,1,1,0,1,
1429400,68.000000,0.500000,45.239200,1,1,1,0,1,
1429500,68.000000,0.500000,45.241000,1,1,1,0,1,
1429600,68.000000,0.500000,45.242800,1,1,1,0,1,
1429700,68.000000,0.500000,45.244600,1,1,1,0,1,
1429800,68.000000,0.500000,45.246400,1,1,1,0,1,
1429900,68.000000,0.500000,45.248200,1,1,1,0,1,
1430000,-25.000000,0.500000,45.250000,1,1,1,0,1,
1430100,-25.000000,0.500000,45.251800,1,1,1,0,1,
1430200,-25.000000,0.500000,45.253600,1,1,1,0,1,
1430300,-25.000000,0.500000,45.255400,1,1,1,0,1,
1430400,-25.000000,0.500000,45.257200,1,1,1,0,1,
1430500,-25.000000,0.500000,45.259000,1,1,1,0,1,
1430600,-25.000000,0.500000,45.260800,1,1,1,0,1,
1430700,-25.000000,0.500000,45.262600,1,1,1,0,1,
1430800,-25.000000,0.500000,45.264400,1,1,1,0,1,
1430900,-25.000000,0.500000,45.266200,1,1,1,0,1,
1431000,55.000000,0.500000,45.268000,1,1,1,0,1,
1431100,55.000000,0.500000,45.269800,1,1,1,0,1,
1431200,55.000000,0.500000,45.271600,1,1,1,0,1,
1431300,55.000000,0.500000,45.273400,1,1,1,0,1,
1431400,55.000000,0.500000,45.275200,1,1,1,0,1,
1431500,55.000000,0.500000,45.277000,1,1,1,0,1,
1431600,55.000000,0.500000,45.278800,1,1,1,0,1,
1431700,55.000000,0.500000,45.280600,1,1,1,0,1,
1431800,55.000000,0.500000,45.282400,1,1,1,0,1,
1431900,55.000000,0.500000,45.284200,1,1,1,0,1,
1432000,55.000000,0.500000,45.286000,1,1,1,0,1,
1432100,55.000000,0.500000,45.287800,1,1,1,0,1,
1432200,55.000000,0.500000,45.289600,1,1,1,0,1,
1432300,55.000000,0.500000,45.291400,1,1,1,0,1,
1432400,55.000000,0.500000,45.293200,1,1,1,0,1,
1432500,55.000000,0.500000,45.295000,1,1,1,0,1,
1432600,55.000000,0.500000,45.296800,1,1,1,0,1,
1432700,55.000000,0.500000,45.298600,1,1,1,0,1,
1432800,55.000000,0.500000,45.300400,1,1,1,0,1,
1432900,55.000000,0.500000,45.302200,1,1,1,0,1,
1433000,55.000000,0.500000,45.304000,1,1,1,0,1,
1433100,55.000000,0.500000,45.305800,1,1,1,0,1,
1433200,55.000000,0.500000,45.307600,1,1,1,0,1,
1433300,55.000000,0.500000,45.309400,1,1,1,0,1,
1433400,55.000000,0.500000,45.311200,1,1,1,0,1,
1433500,55.000000,0.500000,45.313000,1,1,1,0,1,
1433600,55.000000,0.500000,45.314800,1,1,1,0,1,
1433700,55.000000,0.500000,45.316600,1,1,1,0,1,
1433800,55.000000,0.500000,45.318400,1,1,1,0,1,
1433900,55.000000,0.500000,45.320200,1,1,1,0,1,
1434000,55.000000,0.500000,45.322000,1,1,1,0,1,
1434100,55.000000,0.500000,45.323800,1,1,1,0,1,
1434200,55.000000,0.500000,45.325600,1,1,1,0,1,
1434300,55.000000,0.500000,45.327400,1,1,1,0,1,
1434400,55.000000,0.500000,45.329200,1,1,1,0,1,
1434500,55.000000,0.500000,45.331000,1,1,1,0,1,
1434600,55.000000,0.500000,45.332800,1,1,1,0,1,
1434700,55.000000,0.500000,45.334600,1,1,1,0,1,
1434800,55.000000,0.500000,45.336400,1,1,1,0,1,
1434900,55.000000,0.500000,45.338200,1,1,1,0,1,
1435000,55.000000,0.500000,45.340000,1,1,1,0,1,
1435100,55.000000,0.500000,45.341800,1,1,1,0,1,
1435200,55.000000,0.500000,45.343600,1,1,1,0,1,
1435300,55.000000,0.500000,45.345400,1,1,1,0,1,
1435400,55.000000,0.500000,45.347200,1,1,1,0,1,
1435500,55.000000,0.500000,45.349000,1,1,1,0,1,
1435600,55.000000,0.500000,45.350800,1,1,1,0,1,
1435700,55.000000,0.500000,45.352600,1,1,1,0,1,
1435800,55.000000,0.500000,45.354400,1,1,1,0,1,
1435900,55.000000,0.500000,45.356200,1,1,1,0,1,
1436000,55.000000,0.500000,45.358000,1,1,1,0,1,
1436100,55.000000,0.500000,45.359800,1,1,1,0,1,
1436200,55.000000,0.500000,45.361600,1,1,1,0,1,
1436300,55.000000,0.500000,45.363400,1,1,1,0,1,
1436400,55.000000,0.500000,45.365200,1,1,1,0,1,
1436500,55.000000,0.500000,45.367000,1,1,1,0,1,
1436600,55.000000,0.500000,45.368800,1,1,1,0,1,
1436700,55.000000,0.500000,45.370600,1,1,1,0,1,
1436800,55.000000,0.500000,45.372400,1,1,1,0,1,
1436900,55.000000,0.500000,45.374200,1,1,1,0,1,
1437000,82.000000,0.500000,45.376000,1,1,1,0,1,
1437100,82.000000,0.500000,45.377800,1,1,1,0,1,
1437200,82.000000,0.500000,45.379600,1,1,1,0,1,
1437300,82.000000,0.500000,45.381400,1,1,1,0,1,
1437400,82.000000,0.500000,45.383200,1,1,1,0,1,
1437500,82.000000,0.500000,45.385000,1,1,1,0,1,
1437600,82.000000,0.500000,45.386800,1,1,1,0,1,
1437700,82.000000,0.500000,45.388600,1,1,1,0,1,
1437800,82.000000,0.500000,45.390400,1,1,1,0,1,
1437900,82.000000,0.500000,45.392200,1,1,1,0,1,
1438000,82.000000,0.500000,45.394000,1,1,1,0,1,
1438100,82.000000,0.500000,45.395800,1,1,1,0,1,
1438200,82.000000,0.500000,45.397600,1,1,1,0,1,
1438300,82.000000,0.500000,45.399400,1,1,1,0,1,
1438400,82.000000,0.500000,45.401200,1,1,1,0,1,
1438500,82.000000,0.500000,45.403000,1,1,1,0,1,
1438600,82.000000,0.500000,45.404800,1,1,1,0,1,
1438700,82.000000,0.500000,45.406600,1,1,1,0,1,
1438800,82.000000,0.500000,45.408400,1,1,1,0,1,
1438900,82.000000,0.500000,45.410200,1,1,1,0,1,
1439000,-15.000000,0.500000,45.412000,1,1,1,0,1,
1439100,-15.000000,0.500000,45.413800,1,1,1,0,1,
1439200,-15.000000,0.500000,45.415600,1,1,1,0,1,
1439300,-15.000000,0.500000,45.417400,1,1,1,0,1,
1439400,-15.000000,0.500000,45.419200,1,1,1,0,1,
1439500,-15.000000,0.500000,45.421000,1,1,1,0,1,
1439600,-15.000000,0.500000,45.422800,1,1,1,0,1,
1439700,-15.000000,0.500000,45.424600,1,1,1,0,1,
1439800,-15.000000,0.500000,45.426400,1,1,1,0,1,
1439900,-15.000000,0.500000,45.428200,1,1,1,0,1,
1440000,42.000000,0.500000,45.430000,1,1,1,0,1,
1440100,42.000000,0.500000,45.431800,1,1,1,0,1,
1440200,42.000000,0.500000,45.433600,1,1,1,0,1,
1440300,42.000000,0.500000,45.435400,1,1,1,0,1,
1440400,42.000000,0.500000,45.437200,1,1,1,0,1,
1440500,42.000000,0.500000,45.439000,1,1,1,0,1,
1440600,42.000000,0.500000,45.440800,1,1,1,0,1,
1440700,42.000000,0.500000,45.442600,1,1,1,0,1,
1440800,42.000000,0.500000,45.444400,1,1,1,0,1,
1440900,42.000000,0.500000,45.446200,1,1,1,0,1,
1441000,42.000000,0.500000,45.448000,1,1,1,0,1,
1441100,42.000000,0.500000,45.449800,1,1,1,0,1,
1441200,42.000000,0.500000,45.451600,1,1,1,0,1,
1441300,42.000000,0.500000,45.453400,1,1,1,0,1,
1441400,42.000000,0.500000,45.455200,1,1,1,0,1,
1441500,42.000000,0.500000,45.457000,1,1,1,0,1,
1441600,42.000000,0.500000,45.458800,1,1,1,0,1,
1441700,42.000000,0.500000,45.460600,1,1,1,0,1,
1441800,42.000000,0.500000,45.462400,1,1,1,0,1,
1441900,42.000000,0.500000,45.464200,1,1,1,0,1,
1442000,42.000000,0.500000,45.466000,1,1,1,0,1,
1442100,42.000000,0.500000,45.467800,1,1,1,0,1,
1442200,42.000000,0.500000,45.469600,1,1,1,0,1,
1442300,42.000000,0.500000,45.471400,1,1,1,0,1,
1442400,42.000000,0.500000,45.473200,1,1,1,0,1,
1442500,42.000000,0.500000,45.475000,1,1,1,0,1,
1442600,42.000000,0.500000,45.476800,1,1,1,0,1,
1442700,42.000000,0.500000,45.478600,1,1,1,0,1,
1442800,42.000000,0.500000,45.480400,1,1,1,0,1,
1442900,42.000000,0.500000,45.482200,1,1,1,0,1,
1443000,42.000000,0.500000,45.484000,1,1,1,0,1,
1443100,42.000000,0.500000,45.485800,1,1,1,0,1,
1443200,42.000000,0.500000,45.487600,1,1,1,0,1,
1443300,42.000000,0.500000,45.489400,1,1,1,0,1,
1443400,42.000000,0.500000,45.491200,1,1,1,0,1,
1443500,42.000000,0.500000,45.493000,1,1,1,0,1,
1443600,42.000000,0.500000,45.494800,1,1,1,0,1,
1443700,42.000000,0.500000,45.496600,1,1,1,0,1,
1443800,42.000000,0.500000,45.498400,1,1,1,0,1,
1443900,42.000000,0.500000,45.500200,1,1,1,0,1,
1444000,42.000000,0.500000,45.502000,1,1,1,0,1,
1444100,42.000000,0.500000,45.503800,1,1,1,0,1,
1444200,42.000000,0.500000,45.505600,1,1,1,0,1,
1444300,42.000000,0.500000,45.507400,1,1,1,0,1,
1444400,42.000000,0.500000,45.509200,1,1,1,0,1,
1444500,42.000000,0.500000,45.511000,1,1,1,0,1,
1444600,42.000000,0.500000,45.512800,1,1,1,0,1,
1444700,42.000000,0.500000,45.514600,1,1,1,0,1,
1444800,42.000000,0.500000,45.516400,1,1,1,0,1,
1444900,42.000000,0.500000,45.518200,1,1,1,0,1,
1445000,95.000000,0.500000,45.520000,1,1,1,0,1,
1445100,95.000000,0.500000,45.521800,1,1,1,0,1,
1445200,95.000000,0.500000,45.523600,1,1,1,0,1,
1445300,95.000000,0.500000,45.525400,1,1,1,0,1,
1445400,95.000000,0.500000,45.527200,1,1,1,0,1,
1445500,95.000000,0.500000,45.529000,1,1,1,0,1,
1445600,95.000000,0.500000,45.530800,1,1,1,0,1,
1445700,95.000000,0.500000,45.532600,1,1,1,0,1,
1445800,95.000000,0.500000,45.534400,1,1,1,0,1,
1445900,95.000000,0.500000,45.536200,1,1,1,0,1,
1446000,95.000000,0.500000,45.538000,1,1,1,0,1,
1446100,95.000000,0.500000,45.539800,1,1,1,0,1,
1446200,95.000000,0.500000,45.541600,1,1,1,0,1,
1446300,95.000000,0.500000,45.543400,1,1,1,0,1,
1446400,95.000000,0.500000,45.545200,1,1,1,0,1,
1446500,95.000000,0.500000,45.547000,1,1,1,0,1,
1446600,95.000000,0.500000,45.548800,1,1,1,0,1,
1446700,95.000000,0.500000,45.550600,1,1,1,0,1,
1446800,95.000000,0.500000,45.552400,1,1,1,0,1,
1446900,95.000000,0.500000,45.554200,1,1,1,0,1,
1447000,68.000000,0.500000,45.556000,1,1,1,0,1,
1447100,68.000000,0.500000,45.557800,1,1,1,0,1,
1447200,68.000000,0.500000,45.559600,1,1,1,0,1,
1447300,68.000000,0.500000,45.561400,1,1,1,0,1,
1447400,68.000000,0.500000,45.563200,1,1,1,0,1,
1447500,68.000000,0.500000,45.565000,1,1,1,0,1,
1447600,68.000000,0.500000,45.566800,1,1,1,0,1,
1447700,68.000000,0.500000,45.568600,1,1,1,0,1,
1447800,68.000000,0.500000,45.570400,1,1,1,0,1,
1447900,68.000000,0.500000,45.572200,1,1,1,0,1,
1448000,68.000000,0.500000,45.574000,1,1,1,0,1,
1448100,68.000000,0.500000,45.575800,1,1,1,0,1,
1448200,68.000000,0.500000,45.577600,1,1,1,0,1,
1448300,68.000000,0.500000,45.579400,1,1,1,0,1,
1448400,68.000000,0.500000,45.581200,1,1,1,0,1,
1448500,68.000000,0.500000,45.583000,1,1,1,0,1,
1448600,68.000000,0.500000,45.584800,1,1,1,0,1,
1448700,68.000000,0.500000,45.586600,1,1,1,0,1,
1448800,68.000000,0.500000,45.588400,1,1,1,0,1,
1448900,68.000000,0.500000,45.590200,1,1,1,0,1,
1449000,68.000000,0.500000,45.592000,1,1,1,0,1,
1449100,68.000000,0.500000,45.593800,1,1,1,0,1,
1449200,68.000000,0.500000,45.595600,1,1,1,0,1,
1449300,68.000000,0.500000,45.597400,1,1,1,0,1,
1449400,68.000000,0.500000,45.599200,1,1,1,0,1,
1449500,68.000000,0.500000,45.601000,1,1,1,0,1,
1449600,68.000000,0.500000,45.602800,1,1,1,0,1,
1449700,68.000000,0.500000,45.604600,1,1,1,0,1,
1449800,68.000000,0.500000,45.606400,1,1,1,0,1,
1449900,68.000000,0.500000,45.608200,1,1,1,0,1,
1450000,-25.000000,0.500000,45.610000,1,1,1,0,1,
1450100,-25.000000,0.500000,45.611800,1,1,1,0,1,
1450200,-25.000000,0.500000,45.613600,1,1,1,0,1,
1450300,-25.000000,0.500000,45.615400,1,1,1,0,1,
1450400,-25.000000,0.500000,45.617200,1,1,1,0,1,
1450500,-25.000000,0.500000,45.619000,1,1,1,0,1,
1450600,-25.000000,0.500000,45.620800,1,1,1,0,1,
1450700,-25.000000,0.500000,45.622600,1,1,1,0,1,
1450800,-25.000000,0.500000,45.624400,1,1,1,0,1,
1450900,-25.000000,0.500000,45.626200,1,1,1,0,1,
1451000,55.000000,0.500000,45.628000,1,1,1,0,1,
1451100,55.000000,0.500000,45.629800,1,1,1,0,1,
1451200,55.000000,0.500000,45.631600,1,1,1,0,1,
1451300,55.000000,0.500000,45.633400,1,1,1,0,1,
1451400,55.000000,0.500000,45.635200,1,1,1,0,1,
1451500,55.000000,0.500000,45.637000,1,1,1,0,1,
1451600,55.000000,0.500000,45.638800,1,1,1,0,1,
1451700,55.000000,0.500000,45.640600,1,1,1,0,1,
1451800,55.000000,0.500000,45.642400,1,1,1,0,1,
1451900,55.000000,0.500000,45.644200,1,1,1,0,1,
1452000,55.000000,0.500000,45.646000,1,1,1,0,1,
1452100,55.000000,0.500000,45.647800,1,1,1,0,1,
1452200,55.000000,0.500000,45.649600,1,1,1,0,1,
1452300,55.000000,0.500000,45.651400,1,1,1,0,1,
1452400,55.000000,0.500000,45.653200,1,1,1,0,1,
1452500,55.000000,0.500000,45.655000,1,1,1,0,1,
1452600,55.000000,0.500000,45.656800,1,1,1,0,1,
1452700,55.000000,0.500000,45.658600,1,1,1,0,1,
1452800,55.000000,0.500000,45.660400,1,1,1,0,1,
1452900,55.000000,0.500000,45.662200,1,1,1,0,1,
1453000,55.000000,0.500000,45.664000,1,1,1,0,1,
1453100,55.000000,0.500000,45.665800,1,1,1,0,1,
1453200,55.000000,0.500000,45.667600,1,1,1,0,1,
1453300,55.000000,0.500000,45.669400,1,1,1,0,1,
1453400,55.000000,0.500000,45.671200,1,1,1,0,1,
1453500,55.000000,0.500000,45.673000,1,1,1,0,1,
1453600,55.000000,0.500000,45.674800,1,1,1,0,1,
1453700,55.000000,0.500000,45.676600,1,1,1,0,1,
1453800,55.000000,0.500000,45.678400,1,1,1,0,1,
1453900,55.000000,0.500000,45.680200,1,1,1,0,1,
1454000,55.000000,0.500000,45.682000,1,1,1,0,1,
1454100,55.000000,0.500000,45.683800,1,1,1,0,1,
1454200,55.000000,0.500000,45.685600,1,1,1,0,1,
1454300,55.000000,0.500000,45.687400,1,1,1,0,1,
1454400,55.000000,0.500000,45.689200,1,1,1,0,1,
1454500,55.000000,0.500000,45.691000,1,1,1,0,1,
1454600,55.000000,0.500000,45.692800,1,1,1,0,1,
1454700,55.000000,0.500000,45.694600,1,1,1,0,1,
1454800,55.000000,0.500000,45.696400,1,1,1,0,1,
1454900,55.000000,0.500000,45.698200,1,1,1,0,1,
1455000,55.000000,0.500000,45.700000,1,1,1,0,1,
1455100,55.000000,0.500000,45.701800,1,1,1,0,1,
1455200,55.000000,0.500000,45.703600,1,1,1,0,1,
1455300,55.000000,0.500000,45.705400,1,1,1,0,1,
1455400,55.000000,0.500000,45.707200,1,1,1,0,1,
1455500,55.000000,0.500000,45.709000,1,1,1,0,1,
1455600,55.000000,0.500000,45.710800,1,1,1,0,1,
1455700,55.000000,0.500000,45.712600,1,1,1,0,1,
1455800,55.000000,0.500000,45.714400,1,1,1,0,1,
1455900,55.000000,0.500000,45.716200,1,1,1,0,1,
1456000,55.000000,0.500000,45.718000,1,1,1,0,1,
1456100,55.000000,0.500000,45.719800,1,1,1,0,1,
1456200,55.000000,0.500000,45.721600,1,1,1,0,1,
1456300,55.000000,0.500000,45.723400,1,1,1,0,1,
1456400,55.000000,0.500000,45.725200,1,1,1,0,1,
1456500,55.000000,0.500000,45.727000,1,1,1,0,1,
1456600,55.000000,0.500000,45.728800,1,1,1,0,1,
1456700,55.000000,0.500000,45.730600,1,1,1,0,1,
1456800,55.000000,0.500000,45.732400,1,1,1,0,1,
1456900,55.000000,0.500000,45.734200,1,1,1,0,1,
1457000,82.000000,0.500000,45.736000,1,1,1,0,1,
1457100,82.000000,0.500000,45.737800,1,1,1,0,1,
1457200,82.000000,0.500000,45.739600,1,1,1,0,1,
1457300,82.000000,0.500000,45.741400,1,1,1,0,1,
1457400,82.000000,0.500000,45.743200,1,1,1,0,1,
1457500,82.000000,0.500000,45.745000,1,1,1,0,1,
1457600,82.000000,0.500000,45.746800,1,1,1,0,1,
1457700,82.000000,0.500000,45.748600,1,1,1,0,1,
1457800,82.000000,0.500000,45.750400,1,1,1,0,1,
1457900,82.000000,0.500000,45.752200,1,1,1,0,1,
1458000,82.000000,0.500000,45.754000,1,1,1,0,1,
1458100,82.000000,0.500000,45.755800,1,1,1,0,1,
1458200,82.000000,0.500000,45.757600,1,1,1,0,1,
1458300,82.000000,0.500000,45.759400,1,1,1,0,1,
1458400,82.000000,0.500000,45.761200,1,1,1,0,1,
1458500,82.000000,0.500000,45.763000,1,1,1,0,1,
1458600,82.000000,0.500000,45.764800,1,1,1,0,1,
1458700,82.000000,0.500000,45.766600,1,1,1,0,1,
1458800,82.000000,0.500000,45.768400,1,1,1,0,1,
1458900,82.000000,0.500000,45.770200,1,1,1,0,1,
1459000,-15.000000,0.500000,45.772000,1,1,1,0,1,
1459100,-15.000000,0.500000,45.773800,1,1,1,0,1,
1459200,-15.000000,0.500000,45.775600,1,1,1,0,1,
1459300,-15.000000,0.500000,45.777400,1,1,1,0,1,
1459400,-15.000000,0.500000,45.779200,1,1,1,0,1,
1459500,-15.000000,0.500000,45.781000,1,1,1,0,1,
1459600,-15.000000,0.500000,45.782800,1,1,1,0,1,
1459700,-15.000000,0.500000,45.784600,1,1,1,0,1,
1459800,-15.000000,0.500000,45.786400,1,1,1,0,1,
1459900,-15.000000,0.500000,45.788200,1,1,1,0,1,
1460000,42.000000,0.500000,45.790000,1,1,1,0,1,
1460100,42.000000,0.500000,45.791800,1,1,1,0,1,
1460200,42.000000,0.500000,45.793600,1,1,1,0,1,
1460300,42.000000,0.500000,45.795400,1,1,1,0,1,
1460400,42.000000,0.500000,45.797200,1,1,1,0,1,
1460500,42.000000,0.500000,45.799000,1,1,1,0,1,
1460600,42.000000,0.500000,45.800800,1,1,1,0,1,
1460700,42.000000,0.500000,45.802600,1,1,1,0,1,
1460800,42.000000,0.500000,45.804400,1,1,1,0,1,
1460900,42.000000,0.500000,45.806200,1,1,1,0,1,
1461000,42.000000,0.500000,45.808000,1,1,1,0,1,
1461100,42.000000,0.500000,45.809800,1,1,1,0,1,
1461200,42.000000,0.500000,45.811600,1,1,1,0,1,
1461300,42.000000,0.500000,45.813400,1,1,1,0,1,
1461400,42.000000,0.500000,45.815200,1,1,1,0,1,
1461500,42.000000,0.500000,45.817000,1,1,1,0,1,
1461600,42.000000,0.500000,45.818800,1,1,1,0,1,
1461700,42.000000,0.500000,45.820600,1,1,1,0,1,
1461800,42.000000,0.500000,45.822400,1,1,1,0,1,
1461900,42.000000,0.500000,45.824200,1,1,1,0,1,
1462000,42.000000,0.500000,45.826000,1,1,1,0,1,
1462100,42.000000,0.500000,45.827800,1,1,1,0,1,
1462200,42.000000,0.500000,45.829600,1,1,1,0,1,
1462300,42.000000,0.500000,45.831400,1,1,1,0,1,
1462400,42.000000,0.500000,45.833200,1,1,1,0,1,
1462500,42.000000,0.500000,45.835000,1,1,1,0,1,
1462600,42.000000,0.500000,45.836800,1,1,1,0,1,
1462700,42.000000,0.500000,45.838600,1,1,1,0,1,
1462800,42.000000,0.500000,45.840400,1,1,1,0,1,
1462900,42.000000,0.500000,45.842200,1,1,1,0,1,
1463000,42.000000,0.500000,45.844000,1,1,1,0,1,
1463100,42.000000,0.500000,45.845800,1,1,1,0,1,
1463200,42.000000,0.500000,45.847600,1,1,1,0,1,
1463300,42.000000,0.500000,45.849400,1,1,1,0,1,
1463400,42.000000,0.500000,45.851200,1,1,1,0,1,
1463500,42.000000,0.500000,45.853000,1,1,1,0,1,
1463600,42.000000,0.500000,45.854800,1,1,1,0,1,
1463700,42.000000,0.500000,45.856600,1,1,1,0,1,
1463800,42.000000,0.500000,45.858400,1,1,1,0,1,
1463900,42.000000,0.500000,45.860200,1,1,1,0,1,
1464000,42.000000,0.500000,45.862000,1,1,1,0,1,
1464100,42.000000,0.500000,45.863800,1,1,1,0,1,
1464200,42.000000,0.500000,45.865600,1,1,1,0,1,
1464300,42.000000,0.500000,45.867400,1,1,1,0,1,
1464400,42.000000,0.500000,45.869200,1,1,1,0,1,
1464500,42.000000,0.500000,45.871000,1,1,1,0,1,
1464600,42.000000,0.500000,45.872800,1,1,1,0,1,
1464700,42.000000,0.500000,45.874600,1,1,1,0,1,
1464800,42.000000,0.500000,45.876400,1,1,1,0,1,
1464900,42.000000,0.500000,45.878200,1,1,1,0,1,
1465000,95.000000,0.500000,45.880000,1,1,1,0,1,
1465100,95.000000,0.500000,45.881800,1,1,1,0,1,
1465200,95.000000,0.500000,45.883600,1,1,1,0,1,
1465300,95.000000,0.500000,45.885400,1,1,1,0,1,
1465400,95.000000,0.500000,45.887200,1,1,1,0,1,
1465500,95.000000,0.500000,45.889000,1,1,1,0,1,
1465600,95.000000,0.500000,45.890800,1,1,1,0,1,
1465700,95.000000,0.500000,45.892600,1,1,1,0,1,
1465800,95.000000,0.500000,45.894400,1,1,1,0,1,
1465900,95.000000,0.500000,45.896200,1,1,1,0,1,
1466000,95.000000,0.500000,45.898000,1,1,1,0,1,
1466100,95.000000,0.500000,45.899800,1,1,1,0,1,
1466200,95.000000,0.500000,45.901600,1,1,1,0,1,
1466300,95.000000,0.500000,45.903400,1,1,1,0,1,
1466400,95.000000,0.500000,45.905200,1,1,1,0,1,
1466500,95.000000,0.500000,45.907000,1,1,1,0,1,
1466600,95.000000,0.500000,45.908800,1,1,1,0,1,
1466700,95.000000,0.500000,45.910600,1,1,1,0,1,
1466800,95.000000,0.500000,45.912400,1,1,1,0,1,
1466900,95.000000,0.500000,45.914200,1,1,1,0,1,
1467000,68.000000,0.500000,45.916000,1,1,1,0,1,
1467100,68.000000,0.500000,45.917800,1,1,1,0,1,
1467200,68.000000,0.500000,45.919600,1,1,1,0,1,
1467300,68.000000,0.500000,45.921400,1,1,1,0,1,
1467400,68.000000,0.500000,45.923200,1,1,1,0,1,
1467500,68.000000,0.500000,45.925000,1,1,1,0,1,
1467600,68.000000,0.500000,45.926800,1,1,1,0,1,
1467700,68.000000,0.500000,45.928600,1,1,1,0,1,
1467800,68.000000,0.500000,45.930400,1,1,1,0,1,
1467900,68.000000,0.500000,45.932200,1,1,1,0,1,
1468000,68.000000,0.500000,45.934000,1,1,1,0,1,
1468100,68.000000,0.500000,45.935800,1,1,1,0,1,
1468200,68.000000,0.500000,45.937600,1,1,1,0,1,
1468300,68.000000,0.500000,45.939400,1,1,1,0,1,
1468400,68.000000,0.500000,45.941200,1,1,1,0,1,
1468500,68.000000,0.500000,45.943000,1,1,1,0,1,
1468600,68.000000,0.500000,45.944800,1,1,1,0,1,
1468700,68.000000,0.500000,45.946600,1,1,1,0,1,
1468800,68.000000,0.500000,45.948400,1,1,1,0,1,
1468900,68.000000,0.500000,45.950200,1,1,1,0,1,
1469000,68.000000,0.500000,45.952000,1,1,1,0,1,
1469100,68.000000,0.500000,45.953800,1,1,1,0,1,
1469200,68.000000,0.500000,45.955600,1,1,1,0,1,
1469300,68.000000,0.500000,45.957400,1,1,1,0,1,
1469400,68.000000,0.500000,45.959200,1,1,1,0,1,
1469500,68.000000,0.500000,45.961000,1,1,1,0,1,
1469600,68.000000,0.500000,45.962800,1,1,1,0,1,
1469700,68.000000,0.500000,45.964600,1,1,1,0,1,
1469800,68.000000,0.500000,45.966400,1,1,1,0,1,
1469900,68.000000,0.500000,45.968200,1,1,1,0,1,
1470000,-25.000000,0.500000,45.970000,1,1,1,0,1,
1470100,-25.000000,0.500000,45.971800,1,1,1,0,1,
1470200,-25.000000,0.500000,45.973600,1,1,1,0,1,
1470300,-25.000000,0.500000,45.975400,1,1,1,0,1,
1470400,-25.000000,0.500000,45.977200,1,1,1,0,1,
1470500,-25.000000,0.500000,45.979000,1,1,1,0,1,
1470600,-25.000000,0.500000,45.980800,1,1,1,0,1,
1470700,-25.000000,0.500000,45.982600,1,1,1,0,1,
1470800,-25.000000,0.500000,45.984400,1,1,1,0,1,
1470900,-25.000000,0.500000,45.986200,1,1,1,0,1,
1471000,55.000000,0.500000,45.988000,1,1,1,0,1,
1471100,55.000000,0.500000,45.989800,1,1,1,0,1,
1471200,55.000000,0.500000,45.991600,1,1,1,0,1,
1471300,55.000000,0.500000,45.993400,1,1,1,0,1,
1471400,55.000000,0.500000,45.995200,1,1,1,0,1,
1471500,55.000000,0.500000,45.997000,1,1,1,0,1,
1471600,55.000000,0.500000,45.998800,1,1,1,0,1,
1471700,55.000000,0.500000,46.000600,1,1,1,0,1,
1471800,55.000000,0.500000,46.002400,1,1,1,0,1,
1471900,55.000000,0.500000,46.004200,1,1,1,0,1,
1472000,55.000000,0.500000,46.006000,1,1,1,0,1,
1472100,55.000000,0.500000,46.007800,1,1,1,0,1,
1472200,55.000000,0.500000,46.009600,1,1,1,0,1,
1472300,55.000000,0.500000,46.011400,1,1,1,0,1,
1472400,55.000000,0.500000,46.013200,1,1,1,0,1,
1472500,55.000000,0.500000,46.015000,1,1,1,0,1,
1472600,55.000000,0.500000,46.016800,1,1,1,0,1,
1472700,55.000000,0.500000,46.018600,1,1,1,0,1,
1472800,55.000000,0.500000,46.020400,1,1,1,0,1,
1472900,55.000000,0.500000,46.022200,1,1,1,0,1,
1473000,55.000000,0.500000,46.024000,1,1,1,0,1,
1473100,55.000000,0.500000,46.025800,1,1,1,0,1,
1473200,55.000000,0.500000,46.027600,1,1,1,0,1,
1473300,55.000000,0.500000,46.029400,1,1,1,0,1,
1473400,55.000000,0.500000,46.031200,1,1,1,0,1,
1473500,55.000000,0.500000,46.033000,1,1,1,0,1,
1473600,55.000000,0.500000,46.034800,1,1,1,0,1,
1473700,55.000000,0.500000,46.036600,1,1,1,0,1,
1473800,55.000000,0.500000,46.038400,1,1,1,0,1,
1473900,55.000000,0.500000,46.040200,1,1,1,0,1,
1474000,55.000000,0.500000,46.042000,1,1,1,0,1,
1474100,55.000000,0.500000,46.043800,1,1,1,0,1,
1474200,55.000000,0.500000,46.045600,1,1,1,0,1,
1474300,55.000000,0.500000,46.047400,1,1,1,0,1,
1474400,55.000000,0.500000,46.049200,1,1,1,0,1,
1474500,55.000000,0.500000,46.051000,1,1,1,0,1,
1474600,55.000000,0.500000,46.052800,1,1,1,0,1,
1474700,55.000000,0.500000,46.054600,1,1,1,0,1,
1474800,55.000000,0.500000,46.056400,1,1,1,0,1,
1474900,55.000000,0.500000,46.058200,1,1,1,0,1,
1475000,55.000000,0.500000,46.060000,1,1,1,0,1,
1475100,55.000000,0.500000,46.061800,1,1,1,0,1,
1475200,55.000000,0.500000,46.063600,1,1,1,0,1,
1475300,55.000000,0.500000,46.065400,1,1,1,0,1,
1475400,55.000000,0.500000,46.067200,1,1,1,0,1,
1475500,55.000000,0.500000,46.069000,1,1,1,0,1,
1475600,55.000000,0.500000,46.070800,1,1,1,0,1,
1475700,55.000000,0.500000,46.072600,1,1,1,0,1,
1475800,55.000000,0.500000,46.074400,1,1,1,0,1,
1475900,55.000000,0.500000,46.076200,1,1,1,0,1,
1476000,55.000000,0.500000,46.078000,1,1,1,0,1,
1476100,55.000000,0.500000,46.079800,1,1,1,0,1,
1476200,55.000000,0.500000,46.081600,1,1,1,0,1,
1476300,55.000000,0.500000,46.083400,1,1,1,0,1,
1476400,55.000000,0.500000,46.085200,1,1,1,0,1,
1476500,55.000000,0.500000,46.087000,1,1,1,0,1,
1476600,55.000000,0.500000,46.088800,1,1,1,0,1,
1476700,55.000000,0.500000,46.090600,1,1,1,0,1,
1476800,55.000000,0.500000,46.092400,1,1,1,0,1,
1476900,55.000000,0.500000,46.094200,1,1,1,0,1,
1477000,82.000000,0.500000,46.096000,1,1,1,0,1,
1477100,82.000000,0.500000,46.097800,1,1,1,0,1,
1477200,82.000000,0.500000,46.099600,1,1,1,0,1,
1477300,82.000000,0.500000,46.101400,1,1,1,0,1,
1477400,82.000000,0.500000,46.103200,1,1,1,0,1,
1477500,82.000000,0.500000,46.105000,1,1,1,0,1,
1477600,82.000000,0.500000,46.106800,1,1,1,0,1,
1477700,82.000000,0.500000,46.108600,1,1,1,0,1,
1477800,82.000000,0.500000,46.110400,1,1,1,0,1,
1477900,82.000000,0.500000,46.112200,1,1,1,0,1,
1478000,82.000000,0.500000,46.114000,1,1,1,0,1,
1478100,82.000000,0.500000,46.115800,1,1,1,0,1,
1478200,82.000000,0.500000,46.117600,1,1,1,0,1,
1478300,82.000000,0.500000,46.119400,1,1,1,0,1,
1478400,82.000000,0.500000,46.121200,1,1,1,0,1,
1478500,82.000000,0.500000,46.123000,1,1,1,0,1,
1478600,82.000000,0.500000,46.124800,1,1,1,0,1,
1478700,82.000000,0.500000,46.126600,1,1,1,0,1,
1478800,82.000000,0.500000,46.128400,1,1,1,0,1,
1478900,82.000000,0.500000,46.130200,1,1,1,0,1,
1479000,-15.000000,0.500000,46.132000,1,1,1,0,1,
1479100,-15.000000,0.500000,46.133800,1,1,1,0,1,
1479200,-15.000000,0.500000,46.135600,1,1,1,0,1,
1479300,-15.000000,0.500000,46.137400,1,1,1,0,1,
1479400,-15.000000,0.500000,46.139200,1,1,1,0,1,
1479500,-15.000000,0.500000,46.141000,1,1,1,0,1,
1479600,-15.000000,0.500000,46.142800,1,1,1,0,1,
1479700,-15.000000,0.500000,46.144600,1,1,1,0,1,
1479800,-15.000000,0.500000,46.146400,1,1,1,0,1,
1479900,-15.000000,0.500000,46.148200,1,1,1,0,1,
1480000,42.000000,0.500000,46.150000,1,1,1,0,1,
1480100,42.000000,0.500000,46.151800,1,1,1,0,1,
1480200,42.000000,0.500000,46.153600,1,1,1,0,1,
1480300,42.000000,0.500000,46.155400,1,1,1,0,1,
1480400,42.000000,0.500000,46.157200,1,1,1,0,1,
1480500,42.000000,0.500000,46.159000,1,1,1,0,1,
1480600,42.000000,0.500000,46.160800,1,1,1,0,1,
1480700,42.000000,0.500000,46.162600,1,1,1,0,1,
1480800,42.000000,0.500000,46.164400,1,1,1,0,1,
1480900,42.000000,0.500000,46.166200,1,1,1,0,1,
1481000,42.000000,0.500000,46.168000,1,1,1,0,1,
1481100,42.000000,0.500000,46.169800,1,1,1,0,1,
1481200,42.000000,0.500000,46.171600,1,1,1,0,1,
1481300,42.000000,0.500000,46.173400,1,1,1,0,1,
1481400,42.000000,0.500000,46.175200,1,1,1,0,1,
1481500,42.000000,0.500000,46.177000,1,1,1,0,1,
1481600,42.000000,0.500000,46.178800,1,1,1,0,1,
1481700,42.000000,0.500000,46.180600,1,1,1,0,1,
1481800,42.000000,0.500000,46.182400,1,1,1,0,1,
1481900,42.000000,0.500000,46.184200,1,1,1,0,1,
1482000,42.000000,0.500000,46.186000,1,1,1,0,1,
1482100,42.000000,0.500000,46.187800,1,1,1,0,1,
1482200,42.000000,0.500000,46.189600,1,1,1,0,1,
1482300,42.000000,0.500000,46.191400,1,1,1,0,1,
1482400,42.000000,0.500000,46.193200,1,1,1,0,1,
1482500,42.000000,0.500000,46.195000,1,1,1,0,1,
1482600,42.000000,0.500000,46.196800,1,1,1,0,1,
1482700,42.000000,0.500000,46.198600,1,1,1,0,1,
1482800,42.000000,0.500000,46.200400,1,1,1,0,1,
1482900,42.000000,0.500000,46.202200,1,1,1,0,1,
1483000,42.000000,0.500000,46.204000,1,1,1,0,1,
1483100,42.000000,0.500000,46.205800,1,1,1,0,1,
1483200,42.000000,0.500000,46.207600,1,1,1,0,1,
1483300,42.000000,0.500000,46.209400,1,1,1,0,1,
1483400,42.000000,0.500000,46.211200,1,1,1,0,1,
1483500,42.000000,0.500000,46.213000,1,1,1,0,1,
1483600,42.000000,0.500000,46.214800,1,1,1,0,1,
1483700,42.000000,0.500000,46.216600,1,1,1,0,1,
1483800,42.000000,0.500000,46.218400,1,1,1,0,1,
1483900,42.000000,0.500000,46.220200,1,1,1,0,1,
1484000,42.000000,0.500000,46.222000,1,1,1,0,1,
1484100,42.000000,0.500000,46.223800,1,1,1,0,1,
1484200,42.000000,0.500000,46.225600,1,1,1,0,1,
1484300,42.000000,0.500000,46.227400,1,1,1,0,1,
1484400,42.000000,0.500000,46.229200,1,1,1,0,1,
1484500,42.000000,0.500000,46.231000,1,1,1,0,1,
1484600,42.000000,0.500000,46.232800,1,1,1,0,1,
1484700,42.000000,0.500000,46.234600,1,1,1,0,1,
1484800,42.000000,0.500000,46.236400,1,1,1,0,1,
1484900,42.000000,0.500000,46.238200,1,1,1,0,1,
1485000,95.000000,0.500000,46.240000,1,1,1,0,1,
1485100,95.000000,0.500000,46.241800,1,1,1,0,1,
1485200,95.000000,0.500000,46.243600,1,1,1,0,1,
1485300,95.000000,0.500000,46.245400,1,1,1,0,1,
1485400,95.000000,0.500000,46.247200,1,1,1,0,1,
1485500,95.000000,0.500000,46.249000,1,1,1,0,1,
1485600,95.000000,0.500000,46.250800,1,1,1,0,1,
1485700,95.000000,0.500000,46.252600,1,1,1,0,1,
1485800,95.000000,0.500000,46.254400,1,1,1,0,1,
1485900,95.000000,0.500000,46.256200,1,1,1,0,1,
1486000,95.000000,0.500000,46.258000,1,1,1,0,1,
1486100,95.000000,0.500000,46.259800,1,1,1,0,1,
1486200,95.000000,0.500000,46.261600,1,1,1,0,1,
1486300,95.000000,0.500000,46.263400,1,1,1,0,1,
1486400,95.000000,0.500000,46.265200,1,1,1,0,1,
1486500,95.000000,0.500000,46.267000,1,1,1,0,1,
1486600,95.000000,0.500000,46.268800,1,1,1,0,1,
1486700,95.000000,0.500000,46.270600,1,1,1,0,1,
1486800,95.000000,0.500000,46.272400,1,1,1,0,1,
1486900,95.000000,0.500000,46.274200,1,1,1,0,1,
1487000,68.000000,0.500000,46.276000,1,1,1,0,1,
1487100,68.000000,0.500000,46.277800,1,1,1,0,1,
1487200,68.000000,0.500000,46.279600,1,1,1,0,1,
1487300,68.000000,0.500000,46.281400,1,1,1,0,1,
1487400,68.000000,0.500000,46.283200,1,1,1,0,1,
1487500,68.000000,0.500000,46.285000,1,1,1,0,1,
1487600,68.000000,0.500000,46.286800,1,1,1,0,1,
1487700,68.000000,0.500000,46.288600,1,1,1,0,1,
1487800,68.000000,0.500000,46.290400,1,1,1,0,1,
1487900,68.000000,0.500000,46.292200,1,1,1,0,1,
1488000,68.000000,0.500000,46.294000,1,1,1,0,1,
1488100,68.000000,0.500000,46.295800,1,1,1,0,1,
1488200,68.000000,0.500000,46.297600,1,1,1,0,1,
1488300,68.000000,0.500000,46.299400,1,1,1,0,1,
1488400,68.000000,0.500000,46.301200,1,1,1,0,1,
1488500,68.000000,0.500000,46.303000,1,1,1,0,1,
1488600,68.000000,0.500000,46.304800,1,1,1,0,1,
1488700,68.000000,0.500000,46.306600,1,1,1,0,1,
1488800,68.000000,0.500000,46.308400,1,1,1,0,1,
1488900,68.000000,0.500000,46.310200,1,1,1,0,1,
1489000,68.000000,0.500000,46.312000,1,1,1,0,1,
1489100,68.000000,0.500000,46.313800,1,1,1,0,1,
1489200,68.000000,0.500000,46.315600,1,1,1,0,1,
1489300,68.000000,0.500000,46.317400,1,1,1,0,1,
1489400,68.000000,0.500000,46.319200,1,1,1,0,1,
1489500,68.000000,0.500000,46.321000,1,1,1,0,1,
1489600,68.000000,0.500000,46.322800,1,1,1,0,1,
1489700,68.000000,0.500000,46.324600,1,1,1,0,1,
1489800,68.000000,0.500000,46.326400,1,1,1,0,1,
1489900,68.000000,0.500000,46.328200,1,1,1,0,1,
1490000,-25.000000,0.500000,46.330000,1,1,1,0,1,
1490100,-25.000000,0.500000,46.331800,1,1,1,0,1,
1490200,-25.000000,0.500000,46.333600,1,1,1,0,1,
1490300,-25.000000,0.500000,46.335400,1,1,1,0,1,
1490400,-25.000000,0.500000,46.337200,1,1,1,0,1,
1490500,-25.000000,0.500000,46.339000,1,1,1,0,1,
1490600,-25.000000,0.500000,46.340800,1,1,1,0,1,
1490700,-25.000000,0.500000,46.342600,1,1,1,0,1,
1490800,-25.000000,0.500000,46.344400,1,1,1,0,1,
1490900,-25.000000,0.500000,46.346200,1,1,1,0,1,
1491000,55.000000,0.500000,46.348000,1,1,1,0,1,
1491100,55.000000,0.500000,46.349800,1,1,1,0,1,
1491200,55.000000,0.500000,46.351600,1,1,1,0,1,
1491300,55.000000,0.500000,46.353400,1,1,1,0,1,
1491400,55.000000,0.500000,46.355200,1,1,1,0,1,
1491500,55.000000,0.500000,46.357000,1,1,1,0,1,
1491600,55.000000,0.500000,46.358800,1,1,1,0,1,
1491700,55.000000,0.500000,46.360600,1,1,1,0,1,
1491800,55.000000,0.500000,46.362400,1,1,1,0,1,
1491900,55.000000,0.500000,46.364200,1,1,1,0,1,
1492000,55.000000,0.500000,46.366000,1,1,1,0,1,
1492100,55.000000,0.500000,46.367800,1,1,1,0,1,
1492200,55.000000,0.500000,46.369600,1,1,1,0,1,
1492300,55.000000,0.500000,46.371400,1,1,1,0,1,
1492400,55.000000,0.500000,46.373200,1,1,1,0,1,
1492500,55.000000,0.500000,46.375000,1,1,1,0,1,
1492600,55.000000,0.500000,46.376800,1,1,1,0,1,
1492700,55.000000,0.500000,46.378600,1,1,1,0,1,
1492800,55.000000,0.500000,46.380400,1,1,1,0,1,
1492900,55.000000,0.500000,46.382200,1,1,1,0,1,
1493000,55.000000,0.500000,46.384000,1,1,1,0,1,
1493100,55.000000,0.500000,46.385800,1,1,1,0,1,
1493200,55.000000,0.500000,46.387600,1,1,1,0,1,
1493300,55.000000,0.500000,46.389400,1,1,1,0,1,
1493400,55.000000,0.500000,46.391200,1,1,1,0,1,
1493500,55.000000,0.500000,46.393000,1,1,1,0,1,
1493600,55.000000,0.500000,46.394800,1,1,1,0,1,
1493700,55.000000,0.500000,46.396600,1,1,1,0,1,
1493800,55.000000,0.500000,46.398400,1,1,1,0,1,
1493900,55.000000,0.500000,46.400200,1,1,1,0,1,
1494000,55.000000,0.500000,46.402000,1,1,1,0,1,
1494100,55.000000,0.500000,46.403800,1,1,1,0,1,
1494200,55.000000,0.500000,46.405600,1,1,1,0,1,
1494300,55.000000,0.500000,46.407400,1,1,1,0,1,
1494400,55.000000,0.500000,46.409200,1,1,1,0,1,
1494500,55.000000,0.500000,46.411000,1,1,1,0,1,
1494600,55.000000,0.500000,46.412800,1,1,1,0,1,
1494700,55.000000,0.500000,46.414600,1,1,1,0,1,
1494800,55.000000,0.500000,46.416400,1,1,1,0,1,
1494900,55.000000,0.500000,46.418200,1,1,1,0,1,
1495000,55.000000,0.500000,46.420000,1,1,1,0,1,
1495100,55.000000,0.500000,46.421800,1,1,1,0,1,
1495200,55.000000,0.500000,46.423600,1,1,1,0,1,
1495300,55.000000,0.500000,46.425400,1,1,1,0,1,
1495400,55.000000,0.500000,46.427200,1,1,1,0,1,
1495500,55.000000,0.500000,46.429000,1,1,1,0,1,
1495600,55.000000,0.500000,46.430800,1,1,1,0,1,
1495700,55.000000,0.500000,46.432600,1,1,1,0,1,
1495800,55.000000,0.500000,46.434400,1,1,1,0,1,
1495900,55.000000,0.500000,46.436200,1,1,1,0,1,
1496000,55.000000,0.500000,46.438000,1,1,1,0,1,
1496100,55.000000,0.500000,46.439800,1,1,1,0,1,
1496200,55.000000,0.500000,46.441600,1,1,1,0,1,
1496300,55.000000,0.500000,46.443400,1,1,1,0,1,
1496400,55.000000,0.500000,46.445200,1,1,1,0,1,
1496500,55.000000,0.500000,46.447000,1,1,1,0,1,
1496600,55.000000,0.500000,46.448800,1,1,1,0,1,
1496700,55.000000,0.500000,46.450600,1,1,1,0,1,
1496800,55.000000,0.500000,46.452400,1,1,1,0,1,
1496900,55.000000,0.500000,46.454200,1,1,1,0,1,
1497000,82.000000,0.500000,46.456000,1,1,1,0,1,
1497100,82.000000,0.500000,46.457800,1,1,1,0,1,
1497200,82.000000,0.500000,46.459600,1,1,1,0,1,
1497300,82.000000,0.500000,46.461400,1,1,1,0,1,
1497400,82.000000,0.500000,46.463200,1,1,1,0,1,
1497500,82.000000,0.500000,46.465000,1,1,1,0,1,
1497600,82.000000,0.500000,46.466800,1,1,1,0,1,
1497700,82.000000,0.500000,46.468600,1,1,1,0,1,
1497800,82.000000,0.500000,46.470400,1,1,1,0,1,
1497900,82.000000,0.500000,46.472200,1,1,1,0,1,
1498000,82.000000,0.500000,46.474000,1,1,1,0,1,
1498100,82.000000,0.500000,46.475800,1,1,1,0,1,
1498200,82.000000,0.500000,46.477600,1,1,1,0,1,
1498300,82.000000,0.500000,46.479400,1,1,1,0,1,
1498400,82.000000,0.500000,46.481200,1,1,1,0,1,
1498500,82.000000,0.500000,46.483000,1,1,1,0,1,
1498600,82.000000,0.500000,46.484800,1,1,1,0,1,
1498700,82.000000,0.500000,46.486600,1,1,1,0,1,
1498800,82.000000,0.500000,46.488400,1,1,1,0,1,
1498900,82.000000,0.500000,46.490200,1,1,1,0,1,
1499000,-15.000000,0.500000,46.492000,1,1,1,0,1,
1499100,-15.000000,0.500000,46.493800,1,1,1,0,1,
1499200,-15.000000,0.500000,46.495600,1,1,1,0,1,
1499300,-15.000000,0.500000,46.497400,1,1,1,0,1,
1499400,-15.000000,0.500000,46.499200,1,1,1,0,1,
1499500,-15.000000,0.500000,46.501000,1,1,1,0,1,
1499600,-15.000000,0.500000,46.502800,1,1,1,0,1,
1499700,-15.000000,0.500000,46.504600,1,1,1,0,1,
1499800,-15.000000,0.500000,46.506400,1,1,1,0,1,
1499900,-15.000000,0.500000,46.508200,1,1,1,0,1,
1500000,42.000000,0.500000,46.510000,1,1,1,0,1,
